date,balance,cash,stock_val,etf_val,sgov_val,n_stocks
2021-01-04,4000.0,0.0,0.0,4000.0,0.0,0
2021-01-05,4076.743993660079,23.874906138339384,336.84,3716.0290875217397,0.0,1
2021-01-06,4235.322530977461,17.37672183442038,1703.528,2514.417809143041,0.0,5
2021-01-07,4287.5028686367405,5.260356631749289,3520.2147999999997,762.0277120049913,0.0,10
2021-01-08,4300.15471017297,6.456058377891111,4044.7508,248.94785179507932,0.0,11
2021-01-11,4388.071784501418,661.0144762978913,3477.3043,249.75300820352666,0.0,9
2021-01-12,4410.079324657916,333.3865628278912,3824.3633,252.3294618300254,0.0,10
2021-01-13,4476.417259181522,537.2466654678913,3687.0022,252.16839371363156,0.0,10
2021-01-14,4474.565508381425,1262.7641392278913,2958.5058,253.2955691535345,0.0,8
2021-01-15,4472.5147703963175,924.9918672278914,3298.4139999999998,249.1089031684257,0.0,9
2021-01-18,4472.5147703963175,924.9918672278914,3298.4139999999998,249.1089031684257,0.0,9
2021-01-19,4502.937809231418,2089.6568010278916,2163.528,249.75300820352666,0.0,6
2021-01-20,4505.64445822057,2092.237941627892,2164.7002,248.70631659267832,0.0,6
2021-01-21,4581.877487278922,2173.6379416278915,2162.1902,246.0493456510301,0.0,6
2021-01-22,4790.373162266966,2331.6646803478916,2214.4304,244.27808191907363,0.0,6
2021-01-25,4747.274574905867,3778.770206947892,725.9975999999999,242.50676795797483,0.0,2
2021-01-26,4722.759476543611,3361.487406947892,1120.6976,240.5744695957194,0.0,3
2021-01-27,4788.019034225311,4788.019034225311,0.0,0.0,0.0,0
2021-01-28,4764.1690342253105,4764.1690342253105,0.0,0.0,0.0,0
2021-01-29,4764.1690342253105,4112.089034225311,652.0799999999999,0.0,0.0,2
2021-02-01,4764.1690342253105,23.972074645813564,1025.1163,3715.080659579497,0.0,3
2021-02-02,4832.94399551264,23.972074645813564,1025.1163,3783.855620866826,0.0,3
2021-02-03,4815.172402858965,171.39728601391118,1314.7763,3328.9988168450536,0.0,4
2021-02-04,4853.091810817035,171.39728601391118,1314.7763,3366.9182248031248,0.0,4
2021-02-05,4855.899932034804,803.3912118239111,666.4000000000001,3386.108720210893,0.0,2
2021-02-08,4877.300372991703,96.47241357633982,1746.9714000000001,3033.856559415363,0.0,5
2021-02-09,4851.349538901655,385.5087971574157,1746.9714000000001,2718.8693417442396,0.0,5
2021-02-10,4857.140399510883,64.80675275046758,2511.5716,2280.7620467604147,0.0,7
2021-02-11,4847.902762104798,119.85769684206679,3193.3852,1534.6598652627315,0.0,9
2021-02-12,4871.73759397237,419.9688875818763,3193.3852,1258.3835063904933,0.0,9
2021-02-15,4871.73759397237,419.9688875818763,3193.3852,1258.3835063904933,0.0,9
2021-02-16,4881.63851781571,829.2472005418763,2797.4116,1254.9797172738336,0.0,8
2021-02-17,4903.858837855039,1482.0835185418762,2172.8176000000003,1248.9577193131624,0.0,6
2021-02-18,4947.160211862215,2264.658804801876,1439.0037,1243.4977070603388,0.0,4
2021-02-19,4941.736544017873,1857.6588048018762,1846.0037,1238.074039215997,0.0,5
2021-02-22,4938.457057571995,1886.4700196118763,1846.0037,1205.983337960119,0.0,5
2021-02-23,4892.9254072545755,2148.268467611876,1542.2637,1202.3932396426994,0.0,4
2021-02-24,4876.668137781108,937.2999956118758,2727.0637,1212.304442169232,0.0,7
2021-02-25,5133.884552397627,3551.001852397627,1582.8827,0.0,0.0,4
2021-02-26,5133.884552397627,3551.001852397627,1582.8827,0.0,0.0,4
2021-03-01,5133.884552397627,0.0,1582.8827,3551.001852397627,0.0,4
2021-03-02,5117.785537188122,4.513709902819471,3954.5669,1158.704927285303,0.0,10
2021-03-03,5134.766475694632,45.197442509642485,4337.2689,752.3001331849898,0.0,11
2021-03-04,5064.856665698007,1417.4441053696426,2877.1537,770.2588603283643,0.0,7
2021-03-05,5048.57445943846,1739.7321240896426,2509.7593,799.0830353488167,0.0,6
2021-03-08,5052.12445946802,946.8042950496424,3304.7279,800.5922644183786,0.0,8
2021-03-09,5048.807882786844,258.2637638396424,4003.9866,786.5575189472014,0.0,10
2021-03-10,5043.785656734755,265.8694718396424,3971.4384,806.4777848951129,0.0,10
2021-03-11,5086.558667451341,1016.7976645596423,3262.9814,806.7796028916985,0.0,8
2021-03-12,5112.940086159195,1033.3565451996424,3271.1438,808.4397409595531,0.0,8
2021-03-15,5118.200753170069,193.56743927964254,4125.3993,799.2340138904267,0.0,10
2021-03-16,5110.368011967961,223.33437407964254,4110.5873,776.4463378883186,0.0,10
2021-03-17,5138.102902813037,243.2444440796425,4112.3759,782.4825587333942,0.0,10
2021-03-18,5095.123334120972,1914.3246978796426,2433.4785,747.3201362413291,0.0,6
2021-03-19,5095.273964945995,12.761566628833293,4363.6362,718.8761983171624,0.0,11
2021-03-22,5078.82840240095,834.3510946288334,3532.4948,711.9825077721162,0.0,9
2021-03-23,4926.985324386477,2982.4373246288333,1242.9799,701.5680997576435,0.0,3
2021-03-24,4919.651001245688,3373.099820628833,827.3815,719.1696806168554,0.0,2
2021-03-25,4897.5584971989665,3782.276479128833,393.472,721.8100180701333,0.0,1
2021-03-26,4915.45342659201,3782.276479128833,393.472,739.7049474631771,0.0,1
2021-03-29,4906.652636162405,3782.276479128833,393.472,730.904157033571,0.0,1
2021-03-30,4900.345308270368,3782.276479128833,393.472,724.596829141535,0.0,1
2021-03-31,4895.358182546436,3782.276479128833,393.472,719.6097034176031,0.0,1
2021-04-01,4913.693268506089,0.0,393.472,4520.2212685060895,0.0,1
2021-04-02,4913.693268506089,0.0,393.472,4520.2212685060895,0.0,1
2021-04-05,4874.340722777481,64.79521206522452,1013.7285999999999,3795.816910712256,0.0,3
2021-04-06,4864.766425026144,64.79521206522452,1013.7285999999999,3786.24261296092,0.0,3
2021-04-07,4862.471461416237,76.29238684798344,2428.911,2357.2680745682537,0.0,6
2021-04-08,4861.126714595234,26.92886461361917,2810.0304,2024.1674499816152,0.0,7
2021-04-09,4878.915607109665,26.92886461361917,2810.0304,2041.9563424960456,0.0,7
2021-04-12,4868.3393946062515,289.0533166136192,2531.1746,2048.111477992633,0.0,6
2021-04-13,4859.080755047425,67.47780302451702,3062.5856,1729.0173520229077,0.0,7
2021-04-14,4867.735438398051,373.69352302451705,2762.7856,1731.256315373534,0.0,6
2021-04-15,4874.624708688951,47.907242497329776,3269.2588,1557.4586661916205,0.0,7
2021-04-16,4889.377033337519,440.3840006173298,2888.1394,1560.853632720189,0.0,6
2021-04-19,4926.549407838694,1542.74524029733,1829.4318,1554.3723675413637,0.0,4
2021-04-20,4909.41897414718,1542.74524029733,1829.4318,1537.2419338498503,0.0,4
2021-04-21,4940.279653562826,942.6772710973299,2439.3723,1558.2300824654953,0.0,5
2021-04-22,4943.196899520648,561.9225143973301,2830.9147,1550.359685123318,0.0,6
2021-04-23,4964.198479862054,6.386779862054311,4957.8117,0.0,0.0,10
2021-04-26,5010.638973012054,1519.9687730120545,3490.6701999999996,0.0,0.0,7
2021-04-27,4990.5169651620545,1490.4099651620545,3500.107,0.0,0.0,7
2021-04-28,4999.4625488220545,1764.6726488220547,3234.7898999999998,0.0,0.0,7
2021-04-29,5008.235071542054,2335.7863715420544,2672.4487,0.0,0.0,6
2021-04-30,5008.235071542054,1090.5615715420545,3917.6735,0.0,0.0,8
2021-05-03,5034.887610342054,37.39728210890337,4393.0063,604.484028233151,0.0,9
2021-05-04,5016.268711326017,13.889611326017132,5002.3791,0.0,0.0,11
2021-05-05,5022.254873846017,24.460273846017117,4997.7946,0.0,0.0,11
2021-05-06,5022.254873846017,24.460273846017117,4997.7946,0.0,0.0,11
2021-05-07,5022.254873846017,24.460273846017117,4997.7946,0.0,0.0,11
2021-05-10,5037.579859036017,737.495759036017,4300.0841,0.0,0.0,9
2021-05-11,5090.829949266017,1718.9578492660173,3371.8721,0.0,0.0,7
2021-05-12,5107.763786766019,2590.1771867660186,2517.5866,0.0,0.0,5
2021-05-13,5107.763786766019,2590.1771867660186,2517.5866,0.0,0.0,5
2021-05-14,5107.763786766019,2590.1771867660186,2517.5866,0.0,0.0,5
2021-05-17,5116.498862766019,3169.8322627660186,1946.6666,0.0,0.0,4
2021-05-18,5127.396769716019,3608.0990697160187,1519.2977,0.0,0.0,3
2021-05-19,5137.361160416019,3845.943560416019,1291.4176,0.0,0.0,3
2021-05-20,5159.697597476019,4506.474197476019,653.2234000000001,0.0,0.0,2
2021-05-21,5159.697597476019,4506.474197476019,653.2234000000001,0.0,0.0,2
2021-05-24,5159.697597476019,4122.816097476019,1036.8815,0.0,0.0,3
2021-05-25,5136.67811147602,3271.91381147602,1864.7643,0.0,0.0,4
2021-05-26,5136.67811147602,3271.91381147602,1864.7643,0.0,0.0,4
2021-05-27,5136.67811147602,3271.91381147602,1864.7643,0.0,0.0,4
2021-05-28,5136.67811147602,746.23681147602,4390.4412999999995,0.0,0.0,9
2021-05-31,5136.67811147602,746.23681147602,4390.4412999999995,0.0,0.0,9
2021-06-01,5148.788070876019,479.67595939999995,3922.8752999999997,746.23681147602,0.0,8
2021-06-02,5146.253159194443,47.983959194443,5098.2692,0.0,0.0,11
2021-06-03,5167.217470714443,784.126670714443,4383.0908,0.0,0.0,9
2021-06-04,5180.447030714443,368.336730714443,4812.1103,0.0,0.0,10
2021-06-07,5192.260344954442,365.4988449544428,4826.7615,0.0,0.0,10
2021-06-08,5166.519174954442,349.1587749544427,4817.3604,0.0,0.0,10
2021-06-09,5159.496901824443,66.05820182444273,5093.4387,0.0,0.0,10
2021-06-10,5135.188716744443,20.239816744442578,5114.9489,0.0,0.0,10
2021-06-11,5135.188716744443,20.239816744442578,5114.9489,0.0,0.0,10
2021-06-14,5132.766213644442,501.0437136444425,4631.7225,0.0,0.0,8
2021-06-15,5145.296971954443,722.7181719544426,4422.5788,0.0,0.0,8
2021-06-16,5135.973722254443,1608.1025222544424,3527.8712,0.0,0.0,6
2021-06-17,5129.9809673344425,1687.0956673344426,3442.8853,0.0,0.0,6
2021-06-18,5116.848988194443,1283.1486881944431,3833.7003,0.0,0.0,7
2021-06-21,5116.848988194443,4.467088194443193,5112.3819,0.0,0.0,10
2021-06-22,5136.708352674443,885.9768526744432,4250.7315,0.0,0.0,8
2021-06-23,5157.894482904443,2109.865682904443,3048.0288,0.0,0.0,6
2021-06-24,5157.894482904443,1462.371682904443,3695.5228,0.0,0.0,7
2021-06-25,5157.894482904444,478.28458290444325,4679.6099,0.0,0.0,9
2021-06-28,5147.535897624443,1324.579197624443,3822.9567,0.0,0.0,7
2021-06-29,5147.535897624443,1324.579197624443,3822.9567,0.0,0.0,7
2021-06-30,5155.919600344443,1899.429300344443,3256.4903,0.0,0.0,6
2021-07-01,5155.919600344443,0.0,3256.4903,1899.429300344443,0.0,6
2021-07-02,5158.320727463266,45.10152746326668,5113.2192,0.0,0.0,10
2021-07-05,5158.320727463266,45.10152746326668,5113.2192,0.0,0.0,10
2021-07-06,5159.561490223266,1221.2941902232665,3938.2673,0.0,0.0,8
2021-07-07,5134.211370223266,159.42047022326642,4974.7909,0.0,0.0,10
2021-07-08,5146.350750223266,217.63055022326625,4928.7202,0.0,0.0,10
2021-07-09,5146.350750223266,26.657950223266255,5119.6928,0.0,0.0,11
2021-07-12,5130.430287893266,1058.6367878932663,4071.7934999999998,0.0,0.0,9
2021-07-13,5132.043797853266,2169.074897853266,2962.9689000000003,0.0,0.0,7
2021-07-14,5114.143097763266,2099.9587977632664,3014.1843,0.0,0.0,7
2021-07-15,5169.4068410432665,2574.8409410432664,2594.5659,0.0,0.0,6
2021-07-16,5169.4068410432665,2574.8409410432664,2594.5659,0.0,0.0,6
2021-07-19,5172.386013603266,2484.2527136032663,2688.1333,0.0,0.0,6
2021-07-20,5210.087563603267,2806.4942636032665,2403.5933,0.0,0.0,5
2021-07-21,5210.087563603267,2138.6542636032664,3071.4333,0.0,0.0,6
2021-07-22,5210.087563603267,930.4130636032664,4279.6745,0.0,0.0,9
2021-07-23,5212.8976493432665,347.1733493432663,4865.7243,0.0,0.0,10
2021-07-26,5382.402955103265,3562.2467551032655,1820.1562000000001,0.0,0.0,4
2021-07-27,5382.402955103265,1702.6449551032651,3679.7580000000003,0.0,0.0,7
2021-07-28,5382.402955103265,1702.6449551032651,3679.7580000000003,0.0,0.0,7
2021-07-29,5428.3967871032655,1184.5859871032653,4243.8108,0.0,0.0,8
2021-07-30,5448.119556783266,570.3775567832652,4877.742,0.0,0.0,9
2021-08-02,5524.753978483266,1403.5922217000002,3550.7842,570.3775567832652,0.0,7
2021-08-03,5500.99858768944,33.797902276521654,5242.9173,224.28338541291785,0.0,10
2021-08-04,5544.531973228653,1452.5993814765218,3868.3713,223.5612917521318,0.0,8
2021-08-05,5546.313171791075,204.8193814765218,5116.1512999999995,225.34249031455323,0.0,11
2021-08-06,5551.281610622203,1200.0129454765217,4126.3113,224.95736514568006,0.0,8
2021-08-09,5558.804894523059,205.3705989765217,5129.4879,223.94639554653676,0.0,10
2021-08-10,5529.683472904835,623.8961989765216,4684.2479,221.53937392831347,0.0,9
2021-08-11,5548.681511748415,331.65020563652183,4994.2883999999995,222.74290611189335,0.0,10
2021-08-12,5549.451762086162,99.19696208616153,5450.2548,0.0,0.0,11
2021-08-13,5566.413712166161,572.1253121661616,4994.2883999999995,0.0,0.0,10
2021-08-16,5539.138756166162,478.80495616616156,5060.3338,0.0,0.0,10
2021-08-17,5512.088272966162,7.151772966161502,5504.9365,0.0,0.0,11
2021-08-18,5531.753761006162,483.5692610061615,5048.1845,0.0,0.0,10
2021-08-19,5656.091015706161,2148.9604157061613,3507.1306,0.0,0.0,7
2021-08-20,5656.091015706161,2148.9604157061613,3507.1306,0.0,0.0,7
2021-08-23,5667.9196557061605,841.4744557061608,4826.4452,0.0,0.0,9
2021-08-24,5667.919655706161,35.133955706160805,5632.7857,0.0,0.0,11
2021-08-25,5686.244877366161,1030.1229773661607,4656.1219,0.0,0.0,9
2021-08-26,5686.244877366161,148.94057736616077,5537.3043,0.0,0.0,11
2021-08-27,5669.086127926161,1245.639927926161,4423.4462,0.0,0.0,9
2021-08-30,5678.6643563261605,570.6199563261611,5108.0444,0.0,0.0,10
2021-08-31,5678.6643563261605,570.6199563261611,5108.0444,0.0,0.0,10
2021-09-01,5685.309749926161,5.030564989662594,5483.6201,196.65908493649846,0.0,10
2021-09-02,5699.914739399869,345.29202368966264,5157.031,197.59171571020696,0.0,10
2021-09-03,5699.914739399869,102.27313939986954,5597.6416,0.0,0.0,11
2021-09-06,5699.914739399869,102.27313939986954,5597.6416,0.0,0.0,11
2021-09-07,5724.71604803987,1602.5854480398696,4122.1306,0.0,0.0,9
2021-09-08,5702.242598039869,434.01879803986935,5268.2238,0.0,0.0,11
2021-09-09,5703.785178419869,801.9319784198694,4901.8532,0.0,0.0,10
2021-09-10,5693.173560419869,1667.9209604198695,4025.2526,0.0,0.0,8
2021-09-13,5704.523583259869,2630.938183259869,3073.5854,0.0,0.0,6
2021-09-14,5704.523583259869,2630.938183259869,3073.5854,0.0,0.0,6
2021-09-15,5704.523583259869,2243.468183259869,3461.0554,0.0,0.0,7
2021-09-16,5696.792535179869,2688.1195351798688,3008.6730000000002,0.0,0.0,6
2021-09-17,5702.553675179869,2404.1204751798687,3298.4332000000004,0.0,0.0,6
2021-09-20,5662.423971419869,1994.986471419869,3667.4375,0.0,0.0,7
2021-09-21,5662.423971419869,1994.986471419869,3667.4375,0.0,0.0,7
2021-09-22,5662.423971419869,1994.986471419869,3667.4375,0.0,0.0,7
2021-09-23,5675.296781419869,2522.7716814198693,3152.5251,0.0,0.0,6
2021-09-24,5688.37980565987,2993.3031056598693,2695.0767,0.0,0.0,5
2021-09-27,5734.164626659869,3572.4863266598695,2161.6783,0.0,0.0,4
2021-09-28,5766.747178529869,5268.207178529869,498.53999999999996,0.0,0.0,1
2021-09-29,5766.747178529869,5268.207178529869,498.53999999999996,0.0,0.0,1
2021-09-30,5766.747178529869,5268.207178529869,498.53999999999996,0.0,0.0,1
2021-10-01,5766.747178529869,0.0,498.53999999999996,5268.207178529869,0.0,1
2021-10-04,5806.819718455765,55.79829312325046,944.8008,4806.220625332514,0.0,2
2021-10-05,5841.756258220291,8.929227290821984,5257.1968,575.6302309294688,0.0,11
2021-10-06,5756.093699057114,929.7064290908221,4250.16,576.2272699662916,0.0,9
2021-10-07,5790.021581264352,1454.7416617308222,3755.6192,579.6607195335301,0.0,8
2021-10-08,5806.622222218704,1311.0342308508223,3913.0908,582.4971913678822,0.0,8
2021-10-11,5800.80018737662,1311.0342308508223,3913.0908,576.6751565257974,0.0,8
2021-10-12,5799.008702442533,250.3840308508221,4973.741,574.8836715917105,0.0,10
2021-10-13,5814.174325356547,700.9148895508222,4541.66,571.5994358057253,0.0,9
2021-10-14,5827.641982640187,1144.5544509508222,4101.934,581.1535316893646,0.0,8
2021-10-15,5850.526777404814,1829.840922950822,3430.8740000000003,589.8118544539924,0.0,7
2021-10-18,5870.740336243941,1840.0204454008222,3440.7587000000003,589.9611908431186,0.0,7
2021-10-19,5890.624759426026,2462.8442337408223,2831.9973,595.7832256852034,0.0,6
2021-10-20,5910.811092839973,2378.531941820823,2931.719,600.5601510191502,0.0,6
2021-10-21,5973.507152191747,2639.380677620823,2736.104,598.0224745709235,0.0,5
2021-10-22,5981.866863482057,911.2321776208231,4464.2525,606.382185861235,0.0,8
2021-10-25,5995.666179248236,596.9214914208229,4793.109,605.6356878274131,0.0,9
2021-10-26,6106.9290245038055,39.6815731854947,5640.3515,426.89595131831055,0.0,10
2021-10-27,6017.684459388418,2696.784905485494,2901.0483,419.85125390292376,0.0,5
2021-10-28,6030.241419409914,2080.728626965494,3524.5094,425.0033924444198,0.0,6
2021-10-29,6041.068353616281,1628.641422085494,3989.1059,423.32103153078685,0.0,7
2021-11-01,6103.429098616071,321.04165828128924,4730.8401,1051.5473403347812,0.0,9
2021-11-02,6103.62501499741,97.87541499741053,6005.7496,0.0,0.0,11
2021-11-03,6103.62501499741,97.87541499741053,6005.7496,0.0,0.0,11
2021-11-04,6116.474040437411,809.0410404374105,5307.433,0.0,0.0,10
2021-11-05,6087.709230637411,1405.3774306374105,4682.3318,0.0,0.0,9
2021-11-08,6140.151755677411,886.3987556774107,5253.753,0.0,0.0,10
2021-11-09,6111.157715677411,508.9347156774106,5602.223,0.0,0.0,11
2021-11-10,6167.89324722741,1682.2624472274106,4485.6308,0.0,0.0,9
2021-11-11,6167.89324722741,515.0760472274105,5652.8171999999995,0.0,0.0,11
2021-11-12,6166.628382587411,1000.2975825874105,5166.3308,0.0,0.0,10
2021-11-15,6181.183886587411,930.2630865874104,5250.9208,0.0,0.0,10
2021-11-16,6190.91933858741,1483.8785385874103,4707.0408,0.0,0.0,9
2021-11-17,6181.070820767411,1822.30002076741,4358.7708,0.0,0.0,8
2021-11-18,6194.80053876741,296.90743876740964,5897.8931,0.0,0.0,10
2021-11-19,6149.7611283674105,1587.5568283674097,4562.2043,0.0,0.0,8
2021-11-22,6133.32375060741,1210.9998506074096,4922.3239,0.0,0.0,8
2021-11-23,6023.39858695741,2716.37498695741,3307.0236,0.0,0.0,6
2021-11-24,6023.39858695741,2013.51578695741,4009.8828,0.0,0.0,7
2021-11-25,6023.39858695741,2013.51578695741,4009.8828,0.0,0.0,7
2021-11-26,6061.48027221741,3860.49057221741,2200.9897,0.0,0.0,4
2021-11-29,6061.48027221741,3860.49057221741,2200.9897,0.0,0.0,4
2021-11-30,6110.033550217409,3405.9813502174097,2704.0522,0.0,0.0,5
2021-12-01,6107.9868490974095,1471.4320988800002,1230.5734,3405.9813502174097,0.0,3
2021-12-02,6152.371365913279,81.75754832000007,2636.7019,3433.9119175932788,0.0,6
2021-12-03,6097.886352490449,191.32747232000008,2531.2294,3375.3294801704487,0.0,5
2021-12-06,6069.526349765865,65.08738211908985,3834.1633,2170.2756676467748,0.0,7
2021-12-07,6143.068441624076,20.69224162407562,6122.3762,0.0,0.0,11
2021-12-08,6162.632531624075,470.2363316240756,5692.3962,0.0,0.0,10
2021-12-09,6209.594523274076,1660.6543232740755,4548.9402,0.0,0.0,8
2021-12-10,6224.441005474076,1172.2008054740754,5052.2402,0.0,0.0,9
2021-12-13,6272.710474674076,4004.703874674076,2268.0066,0.0,0.0,4
2021-12-14,6272.710474674076,3258.295874674076,3014.4146,0.0,0.0,5
2021-12-15,6287.489271234076,2721.307171234076,3566.1821,0.0,0.0,6
2021-12-16,6316.035035444076,1399.7950354440768,4916.24,0.0,0.0,8
2021-12-17,6308.071110364077,3208.1007103640773,3099.9704,0.0,0.0,5
2021-12-20,6234.561357664077,2815.690857664077,3418.8705000000004,0.0,0.0,6
2021-12-21,6248.523565924077,3368.734465924077,2879.7891000000004,0.0,0.0,5
2021-12-22,6248.523565924077,3368.734465924077,2879.7891000000004,0.0,0.0,5
2021-12-23,6248.523565924077,3368.734465924077,2879.7891000000004,0.0,0.0,5
2021-12-24,6248.523565924077,3368.734465924077,2879.7891000000004,0.0,0.0,5
2021-12-27,6248.523565924077,3368.734465924077,2879.7891000000004,0.0,0.0,5
2021-12-28,6248.523565924077,3368.734465924077,2879.7891000000004,0.0,0.0,5
2021-12-29,6261.719512534077,3953.183512534077,2308.536,0.0,0.0,4
2021-12-30,6261.719512534077,2951.111012534077,3310.6085000000003,0.0,0.0,6
2021-12-31,6261.719512534077,2951.111012534077,3310.6085000000003,0.0,0.0,6
2022-01-03,6274.620933334078,684.8504208,2638.6595,2951.111012534077,0.0,5
2022-01-04,6266.238861408078,1265.71195984,2070.8019,2929.7250015680784,0.0,4
2022-01-05,6219.89168580772,3742.4046078894535,1055.4,1422.0870779182667,0.0,2
2022-01-06,6160.564209163319,4736.7523878894535,0.0,1423.8118212738657,0.0,0
2022-01-07,6153.09023739056,4736.7523878894535,0.0,1416.3378495011063,0.0,0
2022-01-10,6144.753705168382,3483.3313878894533,1253.421,1408.0013172789288,0.0,2
2022-01-11,6138.719801862419,1721.651526289453,3011.3667,1405.7015755729662,0.0,4
2022-01-12,6142.456724824926,210.26592628945298,4522.7523,1409.4384985354732,0.0,6
2022-01-13,6151.009496881692,2366.701796881692,3784.3077000000003,0.0,0.0,5
2022-01-14,6151.009496881692,2366.701796881692,3784.3077000000003,0.0,0.0,5
2022-01-17,6151.009496881692,2366.701796881692,3784.3077000000003,0.0,0.0,5
2022-01-18,6163.485772081693,3158.945272081692,3004.5405,0.0,0.0,4
2022-01-19,6183.683520181692,3955.4207201816926,2228.2628,0.0,0.0,3
2022-01-20,6183.683520181692,3955.4207201816926,2228.2628,0.0,0.0,3
2022-01-21,6170.431334701692,1433.38821452,781.6224,0.0,3955.4207201816926,1
2022-01-24,6136.897205112053,6136.897205112053,0.0,0.0,0.0,0
2022-01-25,6136.897205112053,83.4750366645668,714.3216,0.0,5339.100568447486,1
2022-01-26,6137.059353047916,0.0,714.3216,0.0,5422.737753047916,1
2022-01-27,6136.786824564733,0.0,714.3216,0.0,5422.465224564733,1
2022-01-28,6113.2024061199545,6113.2024061199545,0.0,0.0,0.0,0
2022-01-31,6113.202406119955,4723.369406119955,1389.833,0.0,0.0,2
2022-02-01,6113.202406119955,0.0,1389.833,4723.369406119955,0.0,2
2022-02-02,6164.336340429332,45.72476942347271,1628.8369,4489.77467100586,0.0,3
2022-02-03,6154.387164874526,544.8689054234727,1141.6769,4467.841359451053,0.0,2
2022-02-04,6195.830733203085,42.09713715824478,2680.5838,3473.14979604484,0.0,5
2022-02-07,6212.307435483286,1044.0527005582449,1662.6526,3505.6021349250414,0.0,3
2022-02-08,6164.581318989525,517.0307005582448,2189.6746000000003,3457.8760184312805,0.0,4
2022-02-09,6184.586368144759,42.92423901699317,2736.227,3405.4351291277662,0.0,5
2022-02-10,6158.715789175143,270.660928466155,3007.9804,2880.0744607089878,0.0,6
2022-02-11,6225.722304950652,0.0,3007.9804,0.0,3217.7419049506525,6
2022-02-14,6197.530134546858,498.51010980000007,2480.9584,0.0,3218.0616247468574,5
2022-02-15,6197.530134546858,3716.5717345468574,2480.9584,0.0,0.0,5
2022-02-16,6197.530134546858,3716.5717345468574,2480.9584,0.0,0.0,5
2022-02-17,6197.530134546856,121.01902150803176,3042.5132,0.0,3033.997913038825,6
2022-02-18,6180.574109546857,622.8939750000001,2402.6632,0.0,3155.016934546857,5
2022-02-21,6180.574109546857,0.0,2402.6632,0.0,3777.910909546857,5
2022-02-22,6180.235016031258,0.0,2402.6632,0.0,3777.5718160312576,5
2022-02-23,6180.574109546857,0.0,2402.6632,0.0,3777.910909546857,5
2022-02-24,6087.298907222754,1763.21462436,546.5524,0.0,3777.5318828627537,1
2022-02-25,6087.677933906858,0.0,546.5524,0.0,5541.1255339068575,1
2022-02-28,6087.677933906858,0.0,546.5524,0.0,5541.1255339068575,1
2022-03-01,6088.121184677451,0.0,546.5524,0.0,5541.568784677452,1
2022-03-02,6087.566748943125,0.0,546.5524,0.0,5541.014348943125,1
2022-03-03,6087.84123682234,0.0,546.5524,0.0,5541.288836822339,1
2022-03-04,6088.121184677451,0.0,546.5524,0.0,5541.568784677452,1
2022-03-07,6102.440857557452,560.87207288,0.0,0.0,5541.568784677452,0
2022-03-08,6102.440857557453,0.0,0.0,0.0,6102.440857557453,0
2022-03-09,6101.830306392338,0.0,0.0,0.0,6101.830306392338,0
2022-03-10,6102.440857557453,0.0,0.0,0.0,6102.440857557453,0
2022-03-11,6102.440857557453,0.0,0.0,0.0,6102.440857557453,0
2022-03-14,6102.440857557453,0.0,0.0,0.0,6102.440857557453,0
2022-03-15,6101.830306392338,0.0,0.0,0.0,6101.830306392338,0
2022-03-16,6102.440857557453,0.0,0.0,0.0,6102.440857557453,0
2022-03-17,6102.440857557453,0.0,0.0,0.0,6102.440857557453,0
2022-03-18,6102.440857557453,6102.440857557453,0.0,0.0,0.0,0
2022-03-21,6102.440857557453,5030.128057557453,1072.3128000000002,0.0,0.0,2
2022-03-22,6102.440857557453,5030.128057557453,1072.3128000000002,0.0,0.0,2
2022-03-23,6102.440857557453,4264.457657557453,1837.9832000000001,0.0,0.0,3
2022-03-24,6102.440857557453,3787.049057557453,2315.3918,0.0,0.0,4
2022-03-25,6102.440857557453,3787.049057557453,2315.3918,0.0,0.0,4
2022-03-28,6102.4408575574535,2860.4920575574533,3241.9488,0.0,0.0,6
2022-03-29,6085.199780937453,3268.711980937453,2816.4878,0.0,0.0,5
2022-03-30,6108.087027937453,3031.079427937453,3077.0076,0.0,0.0,5
2022-03-31,6143.8369614174535,4058.8811614174533,2084.9558,0.0,0.0,3
2022-04-01,6143.8369614174535,46.72406165891522,4685.7481,1411.364799758538,0.0,7
2022-04-04,6158.327892936775,280.96467738891545,4476.8405999999995,1400.5226155478606,0.0,7
2022-04-05,6188.959799374551,918.8171317889155,3860.8341,1409.3085675856353,0.0,6
2022-04-06,6217.000245472161,918.8171317889155,3860.8341,1437.3490136832454,0.0,6
2022-04-07,6225.820008636382,54.235508636382576,6171.5845,0.0,0.0,10
2022-04-08,6226.304659336382,54.72015933638258,6171.5845,0.0,0.0,10
2022-04-11,6253.1298648563825,726.8490055199999,5471.5607,0.0,54.72015933638258,9
2022-04-12,6225.887782856383,751.103118,4693.2155,0.0,781.5691648563826,8
2022-04-13,6225.926978934356,0.0,4693.2155,0.0,1532.7114789343561,8
2022-04-14,6225.972684599446,0.0,4693.2155,0.0,1532.7571845994464,8
2022-04-15,6225.972684599446,0.0,4693.2155,0.0,1532.7571845994464,8
2022-04-18,6226.003017788591,0.0,4693.2155,0.0,1532.7875177885903,8
2022-04-19,6256.018579188591,1414.0333614,3309.1976999999997,0.0,1532.7875177885903,6
2022-04-20,6256.018579188591,0.0,3309.1976999999997,0.0,2946.8208791885904,6
2022-04-21,6270.62144798859,644.0368688,2679.7637,0.0,2946.8208791885904,5
2022-04-22,6267.306277458591,1647.77492947,1028.6736,0.0,3590.8577479885907,2
2022-04-25,6308.3130715261495,1069.50097184,0.0,0.0,5238.81209968615,0
2022-04-26,6308.574353929331,0.0,0.0,0.0,6308.574353929331,0
2022-04-27,6308.574353929331,0.0,0.0,0.0,6308.574353929331,0
2022-04-28,6309.20585416192,0.0,0.0,0.0,6309.20585416192,0
2022-04-29,6309.20585416192,0.0,0.0,0.0,6309.20585416192,0
2022-05-02,6308.891233741927,0.0,0.0,0.0,6308.891233741927,0
2022-05-03,6308.891233741927,0.0,0.0,0.0,6308.891233741927,0
2022-05-04,6308.891233741927,0.0,0.0,0.0,6308.891233741927,0
2022-05-05,6309.521039430063,0.0,0.0,0.0,6309.521039430063,0
2022-05-06,6309.521039430063,0.0,0.0,0.0,6309.521039430063,0
2022-05-09,6309.521039430063,0.0,0.0,0.0,6309.521039430063,0
2022-05-10,6309.521039430063,0.0,0.0,0.0,6309.521039430063,0
2022-05-11,6309.521039430063,0.0,0.0,0.0,6309.521039430063,0
2022-05-12,6309.521039430063,0.0,0.0,0.0,6309.521039430063,0
2022-05-13,6309.521039430063,0.0,0.0,0.0,6309.521039430063,0
2022-05-16,6309.521039430063,0.0,0.0,0.0,6309.521039430063,0
2022-05-17,6310.15140996635,0.0,0.0,0.0,6310.15140996635,0
2022-05-18,6310.15140996635,0.0,0.0,0.0,6310.15140996635,0
2022-05-19,6310.781780502637,0.0,0.0,0.0,6310.781780502637,0
2022-05-20,6310.15140996635,0.0,0.0,0.0,6310.15140996635,0
2022-05-23,6311.099225163383,0.0,0.0,0.0,6311.099225163383,0
2022-05-24,6311.413280735225,0.0,0.0,0.0,6311.413280735225,0
2022-05-25,6311.413280735225,0.0,0.0,0.0,6311.413280735225,0
2022-05-26,6312.043651271512,0.0,0.0,0.0,6312.043651271512,0
2022-05-27,6312.043651271512,0.0,0.0,0.0,6312.043651271512,0
2022-05-30,6312.043651271512,0.0,0.0,0.0,6312.043651271512,0
2022-05-31,6312.043651271512,0.0,0.0,0.0,6312.043651271512,0
2022-06-01,6312.107479112552,0.0,0.0,0.0,6312.107479112552,0
2022-06-02,6312.737284800689,0.0,0.0,0.0,6312.737284800689,0
2022-06-03,6312.737284800689,0.0,0.0,0.0,6312.737284800689,0
2022-06-06,6312.107479112552,0.0,0.0,0.0,6312.107479112552,0
2022-06-07,6312.107479112552,0.0,0.0,0.0,6312.107479112552,0
2022-06-08,6312.107479112552,0.0,0.0,0.0,6312.107479112552,0
2022-06-09,6312.737284800689,0.0,0.0,0.0,6312.737284800689,0
2022-06-10,6312.737284800689,0.0,0.0,0.0,6312.737284800689,0
2022-06-13,6312.107479112552,0.0,0.0,0.0,6312.107479112552,0
2022-06-14,6312.107479112552,0.0,0.0,0.0,6312.107479112552,0
2022-06-15,6311.791728996258,0.0,0.0,0.0,6311.791728996258,0
2022-06-16,6313.368220185126,0.0,0.0,0.0,6313.368220185126,0
2022-06-17,6313.999720417714,0.0,0.0,0.0,6313.999720417714,0
2022-06-20,6313.999720417714,0.0,0.0,0.0,6313.999720417714,0
2022-06-21,6315.262720882892,0.0,0.0,0.0,6315.262720882892,0
2022-06-22,6314.6317854984545,0.0,0.0,0.0,6314.6317854984545,0
2022-06-23,6315.262720882892,0.0,0.0,0.0,6315.262720882892,0
2022-06-24,6313.999720417714,0.0,0.0,0.0,6313.999720417714,0
2022-06-27,6315.262720882892,0.0,0.0,0.0,6315.262720882892,0
2022-06-28,6315.262720882892,0.0,0.0,0.0,6315.262720882892,0
2022-06-29,6315.891961722878,0.0,0.0,0.0,6315.891961722878,0
2022-06-30,6317.154397339904,0.0,0.0,0.0,6317.154397339904,0
2022-07-01,6316.460198962577,0.0,0.0,0.0,6316.460198962577,0
2022-07-04,6316.460198962577,0.0,0.0,0.0,6316.460198962577,0
2022-07-05,6317.092264043316,0.0,0.0,0.0,6317.092264043316,0
2022-07-06,6317.092264043316,0.0,0.0,0.0,6317.092264043316,0
2022-07-07,6317.724329124056,0.0,0.0,0.0,6317.724329124056,0
2022-07-08,6317.724329124056,0.0,0.0,0.0,6317.724329124056,0
2022-07-11,6317.724329124056,0.0,0.0,0.0,6317.724329124056,0
2022-07-12,6317.092264043316,0.0,0.0,0.0,6317.092264043316,0
2022-07-13,6316.460198962577,0.0,0.0,0.0,6316.460198962577,0
2022-07-14,6318.354699660343,0.0,0.0,0.0,6318.354699660343,0
2022-07-15,6317.724329124056,0.0,0.0,0.0,6317.724329124056,0
2022-07-18,6318.354699660343,0.0,0.0,0.0,6318.354699660343,0
2022-07-19,6318.98563504478,0.0,0.0,0.0,6318.98563504478,0
2022-07-20,6318.98563504478,0.0,0.0,0.0,6318.98563504478,0
2022-07-21,6319.61826497367,0.0,0.0,0.0,6319.61826497367,0
2022-07-22,6320.8807005906965,0.0,0.0,0.0,6320.8807005906965,0
2022-07-25,6320.8807005906965,0.0,0.0,0.0,6320.8807005906965,0
2022-07-26,6320.249765206258,0.0,0.0,0.0,6320.249765206258,0
2022-07-27,6321.512765671436,0.0,0.0,0.0,6321.512765671436,0
2022-07-28,6321.512765671436,0.0,0.0,0.0,6321.512765671436,0
2022-07-29,6320.249765206258,0.0,0.0,0.0,6320.249765206258,0
2022-08-01,6323.156473790248,0.0,0.0,0.0,6323.156473790248,0
2022-08-02,6323.472223906543,0.0,0.0,0.0,6323.472223906543,0
2022-08-03,6324.4200391035765,0.0,0.0,0.0,6324.4200391035765,0
2022-08-04,6325.050974488015,0.0,0.0,0.0,6325.050974488015,0
2022-08-05,6325.050974488015,0.0,0.0,0.0,6325.050974488015,0
2022-08-08,6325.050974488015,0.0,0.0,0.0,6325.050974488015,0
2022-08-09,6326.315104649493,0.0,0.0,0.0,6326.315104649493,0
2022-08-10,6325.684734113206,0.0,0.0,0.0,6325.684734113206,0
2022-08-11,6326.947734578383,0.0,0.0,0.0,6326.947734578383,0
2022-08-12,6327.581494203575,0.0,0.0,0.0,6327.581494203575,0
2022-08-15,6327.581494203575,0.0,0.0,0.0,6327.581494203575,0
2022-08-16,6328.212429588012,6328.212429588012,0.0,0.0,0.0,0
2022-08-17,6328.212429588012,0.0,0.0,0.0,6328.212429588012,0
2022-08-18,6328.843866639624,0.0,0.0,0.0,6328.843866639624,0
2022-08-19,6328.843866639624,0.0,0.0,0.0,6328.843866639624,0
2022-08-22,6331.370744429347,0.0,0.0,0.0,6331.370744429347,0
2022-08-23,6329.476433274513,0.0,0.0,0.0,6329.476433274513,0
2022-08-24,6330.740436961012,0.0,0.0,0.0,6330.740436961012,0
2022-08-25,6332.320723964956,0.0,0.0,0.0,6332.320723964956,0
2022-08-26,6332.320723964956,0.0,0.0,0.0,6332.320723964956,0
2022-08-29,6332.6370072824,0.0,0.0,0.0,6332.6370072824,0
2022-08-30,6332.6370072824,0.0,0.0,0.0,6332.6370072824,0
2022-08-31,6333.2678795423735,0.0,0.0,0.0,6333.2678795423735,0
2022-09-01,6335.040760494976,0.0,0.0,0.0,6335.040760494976,0
2022-09-02,6335.040760494976,0.0,0.0,0.0,6335.040760494976,0
2022-09-05,6335.040760494976,0.0,0.0,0.0,6335.040760494976,0
2022-09-06,6335.673891921502,0.0,0.0,0.0,6335.673891921502,0
2022-09-07,6336.940154774556,0.0,0.0,0.0,6336.940154774556,0
2022-09-08,6338.206982419247,0.0,0.0,0.0,6338.206982419247,0
2022-09-09,6337.574980575997,0.0,0.0,0.0,6337.574980575997,0
2022-09-12,6337.574980575997,0.0,0.0,0.0,6337.574980575997,0
2022-09-13,6339.472680480661,0.0,0.0,0.0,6339.472680480661,0
2022-09-14,6338.840113845773,0.0,0.0,0.0,6338.840113845773,0
2022-09-15,6340.739508125353,0.0,0.0,0.0,6340.739508125353,0
2022-09-16,6340.739508125353,0.0,0.0,0.0,6340.739508125353,0
2022-09-19,6341.371509968603,0.0,0.0,0.0,6341.371509968603,0
2022-09-20,6342.638337613294,0.0,0.0,0.0,6342.638337613294,0
2022-09-21,6343.272598623097,0.0,0.0,0.0,6343.272598623097,0
2022-09-22,6343.904600466348,0.0,0.0,0.0,6343.904600466348,0
2022-09-23,6345.172557694315,0.0,0.0,0.0,6345.172557694315,0
2022-09-26,6345.172557694315,0.0,0.0,0.0,6345.172557694315,0
2022-09-27,6345.805124329204,0.0,0.0,0.0,6345.805124329204,0
2022-09-28,6345.805124329204,0.0,0.0,0.0,6345.805124329204,0
2022-09-29,6347.703389025507,0.0,0.0,0.0,6347.703389025507,0
2022-09-30,6348.335955660395,0.0,0.0,0.0,6348.335955660395,0
2022-10-03,6348.779881888094,0.0,0.0,0.0,6348.779881888094,0
2022-10-04,6349.41301331462,0.0,0.0,0.0,6349.41301331462,0
2022-10-05,6349.41301331462,0.0,0.0,0.0,6349.41301331462,0
2022-10-06,6351.318055510583,0.0,0.0,0.0,6351.318055510583,0
2022-10-07,6351.951751728748,0.0,0.0,0.0,6351.951751728748,0
2022-10-10,6351.951751728748,0.0,0.0,0.0,6351.951751728748,0
2022-10-11,6352.585447946912,0.0,0.0,0.0,6352.585447946912,0
2022-10-12,6351.318055510583,0.0,0.0,0.0,6351.318055510583,0
2022-10-13,6353.22140333163,0.0,0.0,0.0,6353.22140333163,0
2022-10-14,6354.486536601406,0.0,0.0,0.0,6354.486536601406,0
2022-10-17,6353.853969966518,0.0,0.0,0.0,6353.853969966518,0
2022-10-18,6355.123056777763,0.0,0.0,0.0,6355.123056777763,0
2022-10-19,6355.123056777763,0.0,0.0,0.0,6355.123056777763,0
2022-10-20,6356.388754839178,0.0,0.0,0.0,6356.388754839178,0
2022-10-21,6357.658971233699,0.0,0.0,0.0,6357.658971233699,0
2022-10-24,6358.29379703514,0.0,0.0,0.0,6358.29379703514,0
2022-10-25,6357.658971233699,0.0,0.0,0.0,6357.658971233699,0
2022-10-26,6357.658971233699,0.0,0.0,0.0,6357.658971233699,0
2022-10-27,6360.829146699438,0.0,0.0,0.0,6360.829146699438,0
2022-10-28,6360.829146699438,0.0,0.0,0.0,6360.829146699438,0
2022-10-31,6360.829146699438,0.0,0.0,0.0,6360.829146699438,0
2022-11-01,6361.528358747645,0.0,0.0,0.0,6361.528358747645,0
2022-11-02,6362.798575142166,0.0,0.0,0.0,6362.798575142166,0
2022-11-03,6365.342396681038,0.0,0.0,0.0,6365.342396681038,0
2022-11-04,6365.977222482479,0.0,0.0,0.0,6365.977222482479,0
2022-11-07,6366.614872242112,0.0,0.0,0.0,6366.614872242112,0
2022-11-08,6367.2496980435535,0.0,0.0,0.0,6367.2496980435535,0
2022-11-09,6369.156434614431,0.0,0.0,0.0,6369.156434614431,0
2022-11-10,6369.790695624234,0.0,0.0,0.0,6369.790695624234,0
2022-11-11,6370.428345383867,0.0,0.0,0.0,6370.428345383867,0
2022-11-14,6370.428345383867,0.0,0.0,0.0,6370.428345383867,0
2022-11-15,6370.428345383867,0.0,0.0,0.0,6370.428345383867,0
2022-11-16,6369.790695624234,0.0,0.0,0.0,6369.790695624234,0
2022-11-17,6372.970472547825,0.0,0.0,0.0,6372.970472547825,0
2022-11-18,6372.970472547825,0.0,0.0,0.0,6372.970472547825,0
2022-11-21,6374.2406889423455,0.0,0.0,0.0,6374.2406889423455,0
2022-11-22,6376.147990304861,0.0,0.0,0.0,6376.147990304861,0
2022-11-23,6377.419336282659,0.0,0.0,0.0,6377.419336282659,0
2022-11-24,6377.419336282659,0.0,0.0,0.0,6377.419336282659,0
2022-11-25,6378.0541620841,0.0,0.0,0.0,6378.0541620841,0
2022-11-28,6379.325508061898,0.0,0.0,0.0,6379.325508061898,0
2022-11-29,6379.325508061898,0.0,0.0,0.0,6379.325508061898,0
2022-11-30,6379.962593029893,6379.962593029893,0.0,0.0,0.0,0
2022-12-01,6379.962593029892,31.92944474802846,2125.9004,4222.132748281863,0.0,3
2022-12-02,6420.17869036489,711.4326055214583,2125.9004,3582.845684843432,0.0,3
2022-12-05,6343.623609266217,4.928552772184958,3164.6319000000003,0.0,3174.0631564940313,5
2022-12-06,6313.197313180478,486.61920000000003,2646.9519,0.0,3179.626213180478,4
2022-12-07,6312.879568706207,0.0,2646.9519,0.0,3665.9276687062065,4
2022-12-08,6314.709512679085,0.0,2646.9519,0.0,3667.757612679085,4
2022-12-09,6314.709512679085,0.0,2646.9519,0.0,3667.757612679085,4
2022-12-12,6315.441295731314,0.0,2646.9519,0.0,3668.4893957313147,4
2022-12-13,6323.339652505127,5002.328452505127,1321.0112,0.0,0.0,2
2022-12-14,6323.339652505127,8.901850266639485,1916.205,0.0,4398.232802238487,3
2022-12-15,6340.332816168072,811.3742161600001,1120.1938,0.0,4408.764800008072,2
2022-12-16,6308.214650270073,562.63669914,525.0,0.0,5220.577951130073,1
2022-12-19,6324.437150270073,541.2225,0.0,0.0,5783.214650270073,0
2022-12-20,6325.5942042224715,0.0,0.0,0.0,6325.5942042224715,0
2022-12-21,6325.5942042224715,0.0,0.0,0.0,6325.5942042224715,0
2022-12-22,6329.392384548787,0.0,0.0,0.0,6329.392384548787,0
2022-12-23,6329.392384548787,0.0,0.0,0.0,6329.392384548787,0
2022-12-26,6329.392384548787,0.0,0.0,0.0,6329.392384548787,0
2022-12-27,6331.288960840571,0.0,0.0,0.0,6331.288960840571,0
2022-12-28,6331.92189778861,0.0,0.0,0.0,6331.92189778861,0
2022-12-29,6334.451969666517,0.0,0.0,0.0,6334.451969666517,0
2022-12-30,6334.451969666517,0.0,0.0,0.0,6334.451969666517,0
2023-01-02,6334.451969666517,0.0,0.0,0.0,6334.451969666517,0
2023-01-03,6335.715609010262,0.0,0.0,0.0,6335.715609010262,0
2023-01-04,6335.085465252638,0.0,0.0,0.0,6335.085465252638,0
2023-01-05,6337.614419854378,0.0,0.0,0.0,6337.614419854378,0
2023-01-06,6338.879735112372,0.0,0.0,0.0,6338.879735112372,0
2023-01-09,6338.879735112372,0.0,0.0,0.0,6338.879735112372,0
2023-01-10,6338.879735112372,0.0,0.0,0.0,6338.879735112372,0
2023-01-11,6338.879735112372,6338.879735112372,0.0,0.0,0.0,0
2023-01-12,6338.879735112372,5011.492135112372,1327.3876,0.0,0.0,2
2023-01-13,6338.879735112372,5011.492135112372,1327.3876,0.0,0.0,2
2023-01-16,6338.879735112372,5011.492135112372,1327.3876,0.0,0.0,2
2023-01-17,6338.879735112372,4492.824635112373,1846.0551,0.0,0.0,3
2023-01-18,6315.312777192373,30.243161035008598,2348.439,0.0,3936.6306161573643,4
2023-01-19,6284.880831695687,489.08200000000005,1828.139,0.0,3967.659831695687,3
2023-01-20,6285.3073723275165,4975.892372327517,1309.415,0.0,0.0,2
2023-01-23,6285.3073723275165,4975.892372327517,1309.415,0.0,0.0,2
2023-01-24,6285.3073723275165,4251.860372327516,2033.447,0.0,0.0,3
2023-01-25,6285.3073723275165,4251.860372327516,2033.447,0.0,0.0,3
2023-01-26,6285.3073723275165,3671.8603723275164,2613.447,0.0,0.0,4
2023-01-27,6254.187322327516,3544.9269223275164,2709.2604,0.0,0.0,4
2023-01-30,6224.613365827516,3798.120265827516,2426.4931,0.0,0.0,4
2023-01-31,6224.613365827516,3798.120265827516,2426.4931,0.0,0.0,4
2023-02-01,6256.583888537516,646.51162271,1811.952,3798.120265827516,0.0,3
2023-02-02,6388.106140322267,107.0336846624304,3464.2656,2816.8068556598364,0.0,7
2023-02-03,6352.846194081976,102.65226546140138,5470.4774,779.7165286205744,0.0,11
2023-02-06,6344.246227884632,102.65226546140138,5470.4774,771.1165624232311,0.0,11
2023-02-07,6298.805198316487,1187.0125116214012,4330.3,781.4926866950852,0.0,9
2023-02-08,6292.541979686427,64.69691162140123,5452.6156,775.2294680650256,0.0,11
2023-02-09,6312.877635906589,1242.0019057814013,4306.8638,764.0119301251875,0.0,9
2023-02-10,6280.67501881348,1162.371331101401,4351.4876,766.8160877120793,0.0,9
2023-02-13,6284.694896247489,50.331480757535815,5503.4803,730.8831154899528,0.0,11
2023-02-14,6322.901373364982,1070.2283307575358,4520.1059,732.5671426074467,0.0,9
2023-02-15,6138.896043971513,1665.626948977536,3737.5110999999997,735.757994993977,0.0,7
2023-02-16,6145.608157051969,1398.9256325775357,4019.2561,727.4264244744335,0.0,8
2023-02-17,6153.342004648433,1519.749404648434,4633.5926,0.0,0.0,9
2023-02-20,6153.342004648433,1519.749404648434,4633.5926,0.0,0.0,9
2023-02-21,6093.727439228434,2129.895139228434,3963.8323,0.0,0.0,8
2023-02-22,6109.452717678434,2668.054917678434,3441.3978,0.0,0.0,7
2023-02-23,6109.452717678434,2668.054917678434,3441.3978,0.0,0.0,7
2023-02-24,6109.452717678434,2177.957217678434,3931.4955,0.0,0.0,8
2023-02-27,6158.7823208184345,3183.061520818434,2975.7208,0.0,0.0,6
2023-02-28,6158.7823208184345,3183.061520818434,2975.7208,0.0,0.0,6
2023-03-01,6171.606479858434,3.733906474684545,4061.4649,2106.4076733837496,0.0,8
2023-03-02,6184.192965426705,22.949986855451016,4982.5889,1178.654078571254,0.0,10
2023-03-03,6210.808673734193,42.891127585444906,5805.2429,362.6746461487473,0.0,11
2023-03-06,6226.059095565176,11.835673019587603,5881.3661,332.8573225455881,0.0,11
2023-03-07,6241.425566451792,14.857398270606836,6010.2146999999995,216.35346818118612,0.0,11
2023-03-08,6241.933884485936,14.857398270606836,6010.2146999999995,216.86178621532974,0.0,11
2023-03-09,6220.932538804265,2934.106038804265,3286.8264999999997,0.0,0.0,6
2023-03-10,6116.912293164265,2246.9337543600004,935.8725,0.0,2934.106038804265,2
2023-03-13,6053.189076900568,871.27035387,0.0,0.0,5181.918723030568,0
2023-03-14,6054.2216544709145,6054.2216544709145,0.0,0.0,0.0,0
2023-03-15,6054.221654470914,16.874214842133483,490.07000000000005,0.0,5547.2774396287805,1
2023-03-16,6055.328314080043,5565.258314080043,490.07000000000005,0.0,0.0,1
2023-03-17,6069.981407080044,5449.641407080044,620.34,0.0,0.0,1
2023-03-20,6069.981407080044,5449.641407080044,620.34,0.0,0.0,1
2023-03-21,6069.981407080044,5449.641407080044,620.34,0.0,0.0,1
2023-03-22,6069.981407080044,5449.641407080044,620.34,0.0,0.0,1
2023-03-23,6069.981407080044,4948.041407080043,1121.94,0.0,0.0,2
2023-03-24,6039.8854070800435,5419.545407080043,620.34,0.0,0.0,1
2023-03-27,6039.8854070800435,5419.545407080043,620.34,0.0,0.0,1
2023-03-28,6039.8854070800435,5419.545407080043,620.34,0.0,0.0,1
2023-03-29,6039.8854070800435,5419.545407080043,620.34,0.0,0.0,1
2023-03-30,6039.8854070800435,5419.545407080043,620.34,0.0,0.0,1
2023-03-31,6039.8854070800435,5419.545407080043,620.34,0.0,0.0,1
2023-04-03,6053.905091080043,634.359684,0.0,5419.545407080043,0.0,0
2023-04-04,6047.366881698381,634.359684,0.0,5413.007197698381,0.0,0
2023-04-05,5978.02794881567,142.22368400000005,462.376,5373.42826481567,0.0,1
2023-04-06,6042.968446194549,620.4591808,0.0,5422.509265394549,0.0,0
2023-04-07,6042.968446194549,620.4591808,0.0,5422.509265394549,0.0,0
2023-04-10,6035.478413091752,620.4591808,0.0,5415.019232291752,0.0,0
2023-04-11,6003.333687831846,620.4591808,0.0,5382.8745070318455,0.0,0
2023-04-12,5959.839945218397,620.4591808,0.0,5339.380764418396,0.0,0
2023-04-13,6065.233440425569,84.50962931596769,1235.0700000000002,4745.653811109601,0.0,2
2023-04-14,6063.355702992289,360.6446573159677,972.67,4730.041045676321,0.0,2
2023-04-17,6061.246159588909,360.6446573159677,972.67,4727.9315022729415,0.0,2
2023-04-18,6059.087459482848,360.6446573159677,972.67,4725.772802166881,0.0,2
2023-04-19,6048.930842957707,110.5525823159677,1235.6252,4702.7530606417395,0.0,2
2023-04-20,6017.846302624077,848.6379048359677,504.91999999999996,4664.288397788109,0.0,1
2023-04-21,6014.084827832996,226.85310483596777,1126.7048,4660.526922997028,0.0,2
2023-04-24,6000.317754807837,37.236308125019036,2348.6241999999997,3614.4572466828185,0.0,4
2023-04-25,5928.727013409374,37.236308125019036,2348.6241999999997,3542.866505284355,0.0,4
2023-04-26,5965.421453050037,230.21507795650484,4142.0293,1593.177075093532,0.0,7
2023-04-27,5999.223654991817,77.97034094982286,5685.024899999999,236.22841404199542,0.0,10
2023-04-28,6014.6744027971445,227.62330279714456,5787.0511,0.0,0.0,10
2023-05-01,6094.095054037145,2953.0621512400003,2913.4096,227.62330279714456,0.0,5
2023-05-02,6110.573203818558,2455.93835756,3430.1841999999997,224.45064625855804,0.0,6
2023-05-03,6131.989434550149,256.1093345501495,5875.880099999999,0.0,0.0,9
2023-05-04,6079.14278707015,2538.3166870701493,3540.8261,0.0,0.0,6
2023-05-05,6120.491949070149,2274.543049070149,3845.9489,0.0,0.0,7
2023-05-08,6120.491949070149,874.7460490701492,5245.7459,0.0,0.0,9
2023-05-09,6120.4919490701495,108.13604907014917,6012.3559000000005,0.0,0.0,10
2023-05-10,6120.4919490701495,108.13604907014917,6012.3559000000005,0.0,0.0,10
2023-05-11,6120.4919490701495,3.13604907014917,6117.3559000000005,0.0,0.0,11
2023-05-12,6120.4919490701495,3.13604907014917,6117.3559000000005,0.0,0.0,11
2023-05-15,6132.179724910149,764.0402249101492,5368.1395,0.0,0.0,10
2023-05-16,6146.975297910149,832.1534979101492,5314.8218,0.0,0.0,10
2023-05-17,6118.021121910149,1438.1593219101492,4679.8618,0.0,0.0,9
2023-05-18,6131.3792248501495,713.013924850149,5418.3653,0.0,0.0,9
2023-05-19,6131.3792248501495,713.013924850149,5418.3653,0.0,0.0,9
2023-05-22,6151.061851450149,1071.091351450149,5079.9705,0.0,0.0,8
2023-05-23,6168.394035130149,5156.521235130149,1011.8728,0.0,0.0,2
2023-05-24,6138.334035130149,5627.461235130148,510.8728,0.0,0.0,1
2023-05-25,6138.334035130149,5627.461235130148,510.8728,0.0,0.0,1
2023-05-26,6138.334035130149,4385.467435130148,1752.8665999999998,0.0,0.0,3
2023-05-29,6138.334035130149,4385.467435130148,1752.8665999999998,0.0,0.0,3
2023-05-30,6153.404782730148,3531.269782730148,2622.135,0.0,0.0,4
2023-05-31,6166.423757930148,4251.841757930148,1914.5819999999999,0.0,0.0,3
2023-06-01,6166.423757930148,24.668347663637633,2661.902,3479.85341026651,0.0,4
2023-06-02,6206.747229112936,73.08023768224314,5021.7341,1111.9328914306932,0.0,8
2023-06-05,6170.255674392082,14.61657439208156,6155.6391,0.0,0.0,11
2023-06-06,6189.709660392082,75.26556039208162,6114.4441,0.0,0.0,11
2023-06-07,6227.222974392082,1959.4632743920815,4267.7597,0.0,0.0,8
2023-06-08,6236.148916452082,1767.048416452082,4469.1005,0.0,0.0,9
2023-06-09,6260.884116452082,2296.583616452082,3964.3005,0.0,0.0,8
2023-06-12,6260.884116452082,1780.523616452082,4480.3605,0.0,0.0,9
2023-06-13,6232.931786852082,1752.5712868520823,4480.3605,0.0,0.0,9
2023-06-14,6232.931786852082,778.2642868520823,5454.6675,0.0,0.0,11
2023-06-15,6245.389418852082,559.1723188520822,5686.2171,0.0,0.0,11
2023-06-16,6322.034097092082,992.5241970920822,5329.5099,0.0,0.0,10
2023-06-19,6322.034097092082,992.5241970920822,5329.5099,0.0,0.0,10
2023-06-20,6303.2004399920825,844.5583399920821,5458.6421,0.0,0.0,10
2023-06-21,6360.280123262082,1928.4701232620823,4431.8099999999995,0.0,0.0,8
2023-06-22,6389.382171262082,2258.1475712620822,4131.2346,0.0,0.0,8
2023-06-23,6389.382171262082,2258.1475712620822,4131.2346,0.0,0.0,8
2023-06-26,6389.382171262083,127.95317126208238,6261.429,0.0,0.0,11
2023-06-27,6389.382171262083,127.95317126208238,6261.429,0.0,0.0,11
2023-06-28,6404.297300862083,892.3723008620824,5511.925,0.0,0.0,10
2023-06-29,6404.297300862083,364.3723008620824,6039.925,0.0,0.0,11
2023-06-30,6463.115474622083,1583.0528746220823,4880.0626,0.0,0.0,9
2023-07-03,6486.371439622082,1051.365965,3851.9526,1583.0528746220823,0.0,7
2023-07-04,6486.371439622082,1051.365965,3851.9526,1583.0528746220823,0.0,7
2023-07-05,6502.507764806553,1858.955657,3060.198,1583.3541078065525,0.0,6
2023-07-06,6483.721852047338,1858.955657,3060.198,1564.5681950473377,0.0,6
2023-07-07,6482.08117826014,1858.955657,3060.198,1562.9275212601406,0.0,6
2023-07-10,6484.732737522543,606.5472569999998,4312.6064,1565.5790805225438,0.0,8
2023-07-11,6495.141883029726,60.86999636405312,5873.6652,560.6066866656724,0.0,10
2023-07-12,6626.226276718871,2509.787220524053,3550.7928,565.6462561948188,0.0,6
2023-07-13,6647.791489101123,2289.197800044053,3787.6459999999997,570.9476890570701,0.0,6
2023-07-14,6649.264100846303,235.85830004405307,5840.9855,572.4203008022502,0.0,9
2023-07-17,6679.819515637053,1162.951076604053,4942.1247,574.7437390329995,0.0,8
2023-07-18,6682.175674042939,9.700890089270729,6276.5429,395.931883953668,0.0,10
2023-07-19,6713.6172931596175,745.2937946492707,5570.9995,397.3239985103464,0.0,9
2023-07-20,6809.823774030278,544.4414096892707,5881.5967,383.78566434100776,0.0,9
2023-07-21,6841.511555285945,805.8728624392708,5651.7632,383.87549284667443,0.0,9
2023-07-24,6827.9763845916505,3782.9808278792716,2658.6056,386.3899567123792,0.0,4
2023-07-25,6793.863639265637,4320.466087879272,2087.9056,385.4919513863647,0.0,3
2023-07-26,6767.579508446302,3816.018950599272,2566.1584000000003,385.4021578470295,0.0,4
2023-07-27,6711.813158684584,4083.827772799272,2246.5796,381.40578588531116,0.0,4
2023-07-28,6700.525084795002,1164.3151899192726,5148.3381,387.8717948757298,0.0,8
2023-07-31,6685.718050205697,1216.2478989192725,5079.3981,390.0720512864246,0.0,8
2023-08-01,6681.295123965805,56.69576611555465,5891.2707,733.3286578502506,0.0,9
2023-08-02,6601.648454413775,12.927054413774044,6588.7214,0.0,0.0,10
2023-08-03,6671.434947803774,1113.890047803774,5557.5449,0.0,0.0,9
2023-08-04,6643.119612223773,273.56001222377404,6369.5596,0.0,0.0,10
2023-08-07,6684.952447243774,1555.462647243774,5129.4898,0.0,0.0,8
2023-08-08,6616.135852843774,2463.0550528437743,4153.0808,0.0,0.0,7
2023-08-09,6592.4511673637735,1591.360567363774,5001.0905999999995,0.0,0.0,8
2023-08-10,6592.4511673637735,1591.360567363774,5001.0905999999995,0.0,0.0,8
2023-08-11,6592.4511673637735,540.0897673637738,6052.3614,0.0,0.0,10
2023-08-14,6592.4511673637735,540.0897673637738,6052.3614,0.0,0.0,10
2023-08-15,6592.4511673637735,540.0897673637738,6052.3614,0.0,0.0,10
2023-08-16,6609.977509763774,1211.5841097637738,5398.3934,0.0,0.0,9
2023-08-17,6495.466031063774,3234.483231063774,3260.9828,0.0,0.0,5
2023-08-18,6470.7902752037735,3759.378875203774,2711.4114,0.0,0.0,4
2023-08-21,6470.7902752037735,3759.378875203774,2711.4114,0.0,0.0,4
2023-08-22,6437.971477843774,4559.524477843774,1878.4470000000001,0.0,0.0,3
2023-08-23,6437.971477843774,4559.524477843774,1878.4470000000001,0.0,0.0,3
2023-08-24,6437.971477843774,4559.524477843774,1878.4470000000001,0.0,0.0,3
2023-08-25,6437.971477843774,4559.524477843774,1878.4470000000001,0.0,0.0,3
2023-08-28,6453.3341286437735,5110.171128643774,1343.163,0.0,0.0,2
2023-08-29,6453.3341286437735,5110.171128643774,1343.163,0.0,0.0,2
2023-08-30,6453.3341286437735,5110.171128643774,1343.163,0.0,0.0,2
2023-08-31,6453.3341286437735,4022.328028643774,2431.0061,0.0,0.0,4
2023-09-01,6467.954590573774,81.0072967745906,3053.0018,3333.945493799183,0.0,5
2023-09-04,6467.954590573774,81.0072967745906,3053.0018,3333.945493799183,0.0,5
2023-09-05,6463.3280277731365,14.174838868905681,4193.8241,2255.329088904231,0.0,7
2023-09-06,6499.56830085756,1.6195611572078406,6394.1491000000005,103.79963970035189,0.0,10
2023-09-07,6490.112323701407,10.188123701407221,6479.9242,0.0,0.0,10
2023-09-08,6545.544239311408,920.9873393114073,5624.5569000000005,0.0,0.0,8
2023-09-11,6571.028085511408,390.01678551140753,6181.0113,0.0,0.0,9
2023-09-12,6585.673313911408,7.37461391140755,6578.2987,0.0,0.0,10
2023-09-13,6529.904394631409,916.5672946314077,5613.337100000001,0.0,0.0,9
2023-09-14,6497.362794631407,167.9828946314076,6329.3799,0.0,0.0,10
2023-09-15,6465.040116631408,73.49151663140765,6391.5486,0.0,0.0,10
2023-09-18,6476.608820631408,61.44022063140767,6415.1686,0.0,0.0,10
2023-09-19,6436.053628011407,1143.6674280114075,5292.3862,0.0,0.0,8
2023-09-20,6439.977902771408,495.9284027714075,5944.0495,0.0,0.0,9
2023-09-21,6393.533456771407,158.86255677140753,6234.6709,0.0,0.0,9
2023-09-22,6393.533456771407,50.57255677140752,6342.9609,0.0,0.0,10
2023-09-25,6393.533456771407,50.57255677140752,6342.9609,0.0,0.0,10
2023-09-26,6389.531818031408,1569.0223180314074,4820.5095,0.0,0.0,8
2023-09-27,6372.126561881408,2245.0535618814074,4127.073,0.0,0.0,7
2023-09-28,6372.126561881408,2245.0535618814074,4127.073,0.0,0.0,7
2023-09-29,6348.511977881408,2822.3189778814076,3526.193,0.0,0.0,6
2023-10-02,6316.126678541408,71.32312329043202,3426.1224,2818.6811552509757,0.0,6
2023-10-03,6249.631239221148,6249.631239221148,0.0,0.0,0.0,0
2023-10-04,6249.631239221148,6249.631239221148,0.0,0.0,0.0,0
2023-10-05,6249.631239221148,5462.212739221148,787.4185,0.0,0.0,1
2023-10-06,6249.631239221148,5462.212739221148,787.4185,0.0,0.0,1
2023-10-09,6262.702386321148,4549.382386321148,1713.32,0.0,0.0,3
2023-10-10,6292.999409821148,5699.0944098211485,593.905,0.0,0.0,1
2023-10-11,6292.999409821148,4420.002409821149,1872.9969999999998,0.0,0.0,3
2023-10-12,6292.999409821148,4420.002409821149,1872.9969999999998,0.0,0.0,3
2023-10-13,6275.29623342115,4734.81823342115,1540.478,0.0,0.0,3
2023-10-16,6275.29623342115,4253.91313342115,2021.3831,0.0,0.0,4
2023-10-17,6275.29623342115,4253.91313342115,2021.3831,0.0,0.0,4
2023-10-18,6275.29623342115,3523.3355334211496,2751.9607,0.0,0.0,5
2023-10-19,6222.19772393115,4545.04712393115,1677.1506,0.0,0.0,3
2023-10-20,6222.19772393115,4545.04712393115,1677.1506,0.0,0.0,3
2023-10-23,6170.986832411149,5714.69383241115,456.293,0.0,0.0,1
2023-10-24,6170.986832411149,5714.69383241115,456.293,0.0,0.0,1
2023-10-25,6170.986832411149,0.0,456.293,0.0,5714.69383241115,1
2023-10-26,6174.395582984141,0.0,456.293,0.0,5718.102582984141,1
2023-10-27,6161.573749684141,443.4711667,0.0,0.0,5718.102582984141,0
2023-10-30,6162.7096770767885,0.0,0.0,0.0,6162.7096770767885,0
2023-10-31,6163.933684560026,0.0,0.0,0.0,6163.933684560026,0
2023-11-01,6164.978212685109,6164.978212685109,0.0,0.0,0.0,0
2023-11-02,6164.978212685109,4420.653212685109,1744.3249999999998,0.0,0.0,3
2023-11-03,6115.959503805108,3753.3689038051084,2362.5906,0.0,0.0,4
2023-11-06,6186.892289445109,5680.6852894451085,506.207,0.0,0.0,1
2023-11-07,6158.110679445109,5651.9036794451085,506.207,0.0,0.0,1
2023-11-08,6158.110679445108,4159.9602794451075,1998.1504,0.0,0.0,4
2023-11-09,6158.110679445108,4159.9602794451075,1998.1504,0.0,0.0,4
2023-11-10,6158.110679445108,3655.9602794451075,2502.1504,0.0,0.0,5
2023-11-13,6176.081027945108,3663.907627945108,2512.1734,0.0,0.0,5
2023-11-14,6145.841027945107,4137.667627945108,2008.1734000000001,0.0,0.0,4
2023-11-15,6145.841027945107,3442.6984279451076,2703.1426,0.0,0.0,5
2023-11-16,6155.145995345108,1260.7988953451077,4894.3471,0.0,0.0,9
2023-11-17,6155.1459953451085,667.9982953451076,5487.1477,0.0,0.0,10
2023-11-20,6165.442428045108,212.1702280451076,5953.2722,0.0,0.0,11
2023-11-21,6230.719411505108,3073.9518115051073,3156.7676,0.0,0.0,6
2023-11-22,6230.719411505108,3073.9518115051073,3156.7676,0.0,0.0,6
2023-11-23,6230.719411505108,3073.9518115051073,3156.7676,0.0,0.0,6
2023-11-24,6284.470810505107,4137.933210505107,2146.5376,0.0,0.0,4
2023-11-27,6284.470810505107,4137.933210505107,2146.5376,0.0,0.0,4
2023-11-28,6298.578685265107,4847.010285265107,1451.5684,0.0,0.0,3
2023-11-29,6298.578685265107,4847.010285265107,1451.5684,0.0,0.0,3
2023-11-30,6247.938319265107,4796.369919265107,1451.5684,0.0,0.0,3
2023-12-01,6263.121525665107,75.29182566510656,6187.8297,0.0,0.0,10
2023-12-04,6247.263940465106,714.2162404651065,5533.0477,0.0,0.0,9
2023-12-05,6269.775940465107,242.7502404651064,6027.0257,0.0,0.0,10
2023-12-06,6225.745021985107,1284.8465219851064,4940.8985,0.0,0.0,9
2023-12-07,6225.745021985107,72.2165219851064,6153.5285,0.0,0.0,11
2023-12-08,6239.381182985107,807.3426829851064,5432.038500000001,0.0,0.0,10
2023-12-11,6282.964750985107,1342.0662509851063,4940.8985,0.0,0.0,9
2023-12-12,6282.964750985107,13.48405098510625,6269.4807,0.0,0.0,11
2023-12-13,6282.964750985107,13.48405098510625,6269.4807,0.0,0.0,11
2023-12-14,6311.451145925107,2042.9890459251064,4268.462100000001,0.0,0.0,8
2023-12-15,6289.687268845106,1001.6881688451062,5287.9991,0.0,0.0,10
2023-12-18,6300.672307245107,911.8389072451063,5388.8334,0.0,0.0,10
2023-12-19,6300.672307245106,328.4057072451063,5972.2666,0.0,0.0,11
2023-12-20,6392.0832266951065,2520.805626695106,3871.2776000000003,0.0,0.0,7
2023-12-21,6362.9699100151065,2553.2855100151064,3809.6844,0.0,0.0,7
2023-12-22,6362.9699100151065,1826.6390100151066,4536.3309,0.0,0.0,8
2023-12-25,6362.9699100151065,1826.6390100151066,4536.3309,0.0,0.0,8
2023-12-26,6375.976882365107,2566.2924823651065,3809.6844,0.0,0.0,7
2023-12-27,6420.750754365106,2633.2973543651065,3787.4534000000003,0.0,0.0,7
2023-12-28,6420.750754365106,2633.2973543651065,3787.4534000000003,0.0,0.0,7
2023-12-29,6420.750754365106,2633.2973543651065,3787.4534000000003,0.0,0.0,7
2024-01-01,6420.750754365106,0.0,3787.4534000000003,2633.297354365106,0.0,7
2024-01-02,6441.9347750143115,2222.5280767000004,1568.3464000000001,2651.060298314311,0.0,3
2024-01-03,6428.739696716726,1484.5696187000003,2335.8672,2608.302878016726,0.0,4
2024-01-04,6430.705372100421,1484.5696187000003,2335.8672,2610.2685534004204,0.0,4
2024-01-05,6474.612032746523,1525.5026267000003,2335.8672,2613.242206046523,0.0,4
2024-01-08,6469.889780083695,2009.2040667000003,1821.2912000000001,2639.3945133836937,0.0,3
2024-01-09,6439.654260834492,2786.180148300001,1031.6864,2621.7877125344903,0.0,2
2024-01-10,6443.727300529663,2329.560148300001,1488.3064,2625.8607522296625,0.0,3
2024-01-11,6426.664028161891,1513.360148300001,2304.5064,2608.7974798618898,0.0,4
2024-01-12,6434.073158204694,242.21454830000084,3575.652,2616.2066099046924,0.0,6
2024-01-15,6434.073158204694,242.21454830000084,3575.652,2616.2066099046924,0.0,6
2024-01-16,6386.297063171933,49.360618212351255,3843.4500000000003,2493.4864449595807,0.0,6
2024-01-17,6360.379824824702,54.681652068726464,4318.8,1986.8981727559758,0.0,7
2024-01-18,6370.527914670054,18.179724439194956,4428.32,1924.0281902308602,0.0,7
2024-01-19,6393.364858150123,18.179724439194956,4428.32,1946.8651337109286,0.0,7
2024-01-22,6424.345052216049,61.09353713617725,4756.6972000000005,1606.5543150798717,0.0,8
2024-01-23,6396.371393862988,148.62111433617736,4647.5807,1600.169579526811,0.0,8
2024-01-24,6443.952699761702,749.3690543361772,4110.5399,1584.0437454255252,0.0,7
2024-01-25,6538.581038633187,182.64714791617712,4753.1607,1602.7731907170096,0.0,7
2024-01-26,6534.706996420072,480.2642964200721,6054.4427,0.0,0.0,9
2024-01-29,6545.953588920072,694.4575889200721,5851.496,0.0,0.0,9
2024-01-30,6545.9535889200715,105.81708892007214,6440.1365,0.0,0.0,10
2024-01-31,6683.423811830072,3405.016211830072,3278.4076,0.0,0.0,5
2024-02-01,6663.721056330072,64.40953869417228,5557.7383,1041.5732176358995,0.0,9
2024-02-02,6703.119443621695,328.73751984989747,5327.6799,1046.702023771797,0.0,9
2024-02-05,6753.916078972354,869.2532936498975,4835.58,1049.082785322456,0.0,8
2024-02-06,6716.002669758597,63.93675041268648,5924.5074,727.5585193459104,0.0,10
2024-02-07,6725.630350556042,10.209195879671029,6474.767400000001,240.6537546763706,0.0,11
2024-02-08,6744.8583779290875,690.859700699671,5812.5916,241.4070772294167,0.0,10
2024-02-09,6779.825855958215,998.427030689671,5536.7428,244.6560252685438,0.0,9
2024-02-12,6796.509722679411,257.4950926896711,6296.2185,242.79612998974025,0.0,10
2024-02-13,6842.27004235886,892.245402689671,5711.3485,238.67613966918927,0.0,9
2024-02-14,6844.765595054879,80.73369505487886,6764.0319,0.0,0.0,11
2024-02-15,6844.765595054879,80.73369505487886,6764.0319,0.0,0.0,11
2024-02-16,7248.216141514879,2530.916841514879,4717.299300000001,0.0,0.0,7
2024-02-19,7248.216141514879,2530.916841514879,4717.299300000001,0.0,0.0,7
2024-02-20,7263.204131314879,1282.9611313148787,5980.243,0.0,0.0,9
2024-02-21,7230.614609664879,1322.5205096648788,5908.0941,0.0,0.0,9
2024-02-22,7230.614609664879,689.8585096648787,6540.7561000000005,0.0,0.0,10
2024-02-23,7334.260049664879,58.61694966487869,7275.6431,0.0,0.0,11
2024-02-26,7427.870308244879,1006.0740082448788,6421.7963,0.0,0.0,10
2024-02-27,7427.870308244879,432.05100824487874,6995.8193,0.0,0.0,11
2024-02-28,7443.1970755248785,1075.5239755248788,6367.6731,0.0,0.0,10
2024-02-29,7474.563294644879,1897.984194644879,5576.5791,0.0,0.0,9
2024-03-01,7508.647885304879,24.24443945527753,5778.1862,1706.217245849601,0.0,9
2024-03-04,7505.261810499657,91.58326443858152,7018.7196,394.958946061075,0.0,11
2024-03-05,7610.593441847952,1294.0042644385817,5928.7196,387.86957740937015,0.0,9
2024-03-06,7629.428304078626,914.8363194785817,6324.2852,390.3067846000444,0.0,10
2024-03-07,7635.352450455075,400.8443194785817,6838.2772,396.2309309764934,0.0,11
2024-03-08,7832.1652219010975,2375.2766317785818,5066.3772,390.5113901225155,0.0,8
2024-03-11,7898.866246960544,1744.0066703385817,5765.7981,389.06147662196224,0.0,9
2024-03-12,7904.443483369986,1037.5446703385817,6472.2601,394.6387130314046,0.0,10
2024-03-13,7897.12964032679,2163.078366428582,5342.4458,391.60547389820795,0.0,8
2024-03-14,7952.689168471261,2119.1020157085823,5442.969,390.61815276267816,0.0,8
2024-03-15,7948.045926768084,193.22336118234557,7481.7455,273.0770655857385,0.0,11
2024-03-18,8091.227184449121,847.7921731823456,6967.7535,275.68151126677583,0.0,10
2024-03-19,8091.914063113689,221.1601731823455,7594.3855,276.3683899313426,0.0,11
2024-03-20,8095.190863084297,221.1601731823455,7594.3855,279.645189901951,0.0,11
2024-03-21,8096.514212288445,221.1601731823455,7594.3855,280.96853910609974,0.0,11
2024-03-22,8132.182240211644,1444.1737201823457,6406.7186,281.28992002929886,0.0,9
2024-03-25,8148.739060410246,2422.2793825823455,5446.1906,280.2690778279004,0.0,8
2024-03-26,8166.254617290063,2049.8933633823453,5836.9996,279.3616539077179,0.0,8
2024-03-27,8167.206138610802,114.64219801940419,7840.6567000000005,211.90724059139646,0.0,10
2024-03-28,8274.19782151051,2962.860019969404,5099.8212,211.5166015411053,0.0,7
2024-03-29,8274.19782151051,2962.860019969404,5099.8212,211.5166015411053,0.0,7
2024-04-01,8338.81960028568,833.6459648,4330.349200000001,3174.8244354856797,0.0,6
2024-04-02,8422.896506524708,72.99747863527102,6004.5627,2345.3363278894362,0.0,8
2024-04-03,8471.972415256996,277.85051525699555,8194.1219,0.0,0.0,10
2024-04-04,8549.129675886996,2131.1403758869956,6417.9893,0.0,0.0,8
2024-04-05,8524.460463486996,936.7425634869959,7587.7179,0.0,0.0,10
2024-04-08,8775.464340566996,2202.8046405669957,6572.6597,0.0,0.0,8
2024-04-09,8741.919724166995,1122.9043241669958,7619.0154,0.0,0.0,9
2024-04-10,8783.779007466996,2925.769707466996,5858.0093,0.0,0.0,7
2024-04-11,8766.566027466997,2533.3641274669963,6233.2019,0.0,0.0,7
2024-04-12,8680.746525316998,4044.9765253169962,4635.77,0.0,0.0,5
2024-04-15,8637.345760876997,4021.0649608769963,4616.2807999999995,0.0,0.0,5
2024-04-16,8601.792619336997,5066.154419336996,3535.6382,0.0,0.0,4
2024-04-17,8601.792619336997,5066.154419336996,3535.6382,0.0,0.0,4
2024-04-18,8578.989494716996,8578.989494716996,0.0,0.0,0.0,0
2024-04-19,8578.989494716996,8578.989494716996,0.0,0.0,0.0,0
2024-04-22,8578.989494716996,7589.000494716996,989.989,0.0,0.0,1
2024-04-23,8578.989494716996,7589.000494716996,989.989,0.0,0.0,1
2024-04-24,8578.989494716996,7589.000494716996,989.989,0.0,0.0,1
2024-04-25,8578.989494716996,7589.000494716996,989.989,0.0,0.0,1
2024-04-26,8567.453886016996,6787.703486016996,1779.7504,0.0,0.0,2
2024-04-29,8567.453886016996,6787.703486016996,1779.7504,0.0,0.0,2
2024-04-30,8587.624604096996,6084.913604096995,2502.7110000000002,0.0,0.0,3
2024-05-01,8564.482445856996,329.1461179696987,2961.3305,5274.005827887297,0.0,4
2024-05-02,8599.447587740704,8.440632311725267,8381.5261,209.48085542897897,0.0,11
2024-05-03,8627.039954833237,729.4242957117252,7686.4681,211.1475591215117,0.0,10
2024-05-06,8645.097150170543,659.2625045317251,7773.6068,212.22784563881729,0.0,10
2024-05-07,8670.071063520676,660.2913845317252,7795.1444,214.63527898895097,0.0,10
2024-05-08,8700.67544943361,751.043975084428,7795.1444,154.48707434918032,0.0,10
2024-05-09,8703.027852160323,7.207452160323214,8695.8204,0.0,0.0,11
2024-05-10,8784.098726540324,3101.5648265403233,5682.5339,0.0,0.0,7
2024-05-13,8824.375743730325,3842.9341437303237,4981.4416,0.0,0.0,7
2024-05-14,8824.375743730323,2977.1874437303236,5847.1883,0.0,0.0,8
2024-05-15,8843.783277580324,1142.9969775803238,7700.7863,0.0,0.0,10
2024-05-16,8868.735286660325,1806.1077866603239,7062.6275000000005,0.0,0.0,9
2024-05-17,8868.735286660323,796.0517866603238,8072.6835,0.0,0.0,10
2024-05-20,8868.735286660323,16.86078666032381,8851.8745,0.0,0.0,11
2024-05-21,8868.735286660323,16.86078666032381,8851.8745,0.0,0.0,11
2024-05-22,8890.082386660324,892.0918866603238,7997.9905,0.0,0.0,10
2024-05-23,8847.357017860324,739.5625178603239,8107.7945,0.0,0.0,10
2024-05-24,8847.357017860324,64.56251786032385,8782.7945,0.0,0.0,11
2024-05-27,8847.357017860324,64.56251786032385,8782.7945,0.0,0.0,11
2024-05-28,8917.252416580324,5479.544816580324,3437.7076,0.0,0.0,5
2024-05-29,8917.252416580324,3373.102016580324,5544.1504,0.0,0.0,7
2024-05-30,8917.252416580324,2686.642016580324,6230.6104000000005,0.0,0.0,8
2024-05-31,8932.413313060324,3046.620313060324,5885.793,0.0,0.0,8
2024-06-03,8864.894160660326,7.871933964572008,7496.9220000000005,1360.100226695752,0.0,9
2024-06-04,8825.120841462933,181.9334528333369,7468.6821,1174.5052886295955,0.0,8
2024-06-05,8817.569764149182,0.2936693393940004,8560.2136,257.06249480979056,0.0,9
2024-06-06,8855.473415182645,271.36902393939397,8326.8905,257.2138912432502,0.0,9
2024-06-07,8792.445797548953,1463.9720591893943,7073.0154,255.45833835955727,0.0,8
2024-06-10,8793.081431609791,784.7762591893943,7752.2112,256.09397242039796,0.0,9
2024-06-11,8745.92959908449,2090.526065469394,6398.8253,256.57823361509423,0.0,8
2024-06-12,8786.066258322166,1192.1283774693943,7337.9045,256.03338085277267,0.0,9
2024-06-13,8783.856728243933,1192.1283774693943,7337.9045,253.82385077453839,0.0,9
2024-06-14,8797.829070033757,1731.505051899394,6811.6829,254.64111813436313,0.0,8
2024-06-17,8799.039723020498,1731.505051899394,6811.6829,255.8517711211039,0.0,8
2024-06-18,8797.526395003415,181.0450518993939,8362.1429,254.33844310402029,0.0,10
2024-06-19,8797.526395003415,181.0450518993939,8362.1429,254.33844310402029,0.0,10
2024-06-20,8944.956628338798,1750.193573979394,6939.335,255.42805435940227,0.0,8
2024-06-21,8867.823591709339,443.8949128993936,8166.8359,257.09277880994557,0.0,9
2024-06-24,8918.785775489703,564.6851399593935,8096.146,257.9546355303098,0.0,9
2024-06-25,8982.33064080446,1550.3499684593933,7171.143,260.83767234506496,0.0,8
2024-06-26,9002.485148009244,2707.433244529393,6034.1839,260.86800347985053,0.0,7
2024-06-27,8885.183253819772,4124.206799879394,4498.6214,262.35505394037943,0.0,5
2024-06-28,8903.825674402055,5048.246699879393,3595.6214,259.95757452266184,0.0,4
2024-07-01,8862.253118254208,67.69770537304703,7978.0874,816.4680128811605,0.0,8
2024-07-02,8866.336580794836,67.69770537304703,7978.0874,820.5514754217887,0.0,8
2024-07-03,8895.243417329973,300.45619657304724,7763.1676,831.6196207569259,0.0,8
2024-07-04,8895.243417329973,300.45619657304724,7763.1676,831.6196207569259,0.0,8
2024-07-05,8917.928263279964,1322.6682116130473,6761.0972,834.1628516669177,0.0,7
2024-07-08,8940.633503005745,258.90848137304715,7841.8669,839.858121632698,0.0,8
2024-07-09,9054.269291988468,1317.1512198530472,6897.940500000001,839.1775721354209,0.0,7
2024-07-10,9086.099315887563,399.6591078530473,7835.0841,851.3561080345147,0.0,8
2024-07-11,9037.990656024907,1251.4262272030473,6956.5208,830.0436288218591,0.0,7
2024-07-12,9045.40523507175,399.82622720304744,7808.1208,837.4582078687026,0.0,8
2024-07-15,9068.947370157955,1250.3474909630474,6979.6372,838.9626791949086,0.0,7
2024-07-16,9066.153541188676,90.5844909630473,8139.4002,836.168850225629,0.0,8
2024-07-17,9001.209742212268,1583.2504544230478,6614.314600000001,803.6446877892198,0.0,6
2024-07-18,9036.09828980375,1208.1381606630482,7024.2437,803.7164291407005,0.0,7
2024-07-19,9023.525562771096,1208.1381606630482,7024.2437,791.1437021080475,0.0,7
2024-07-22,9056.834659054985,1926.8467137630482,6320.1107,809.8772452919358,0.0,6
2024-07-23,9053.61093383337,1008.6467137630482,7238.3107,806.6535200703216,0.0,7
2024-07-24,9045.05469906491,2962.6198990649114,6082.4348,0.0,0.0,6
2024-07-25,9037.31121180491,5816.060411804911,3221.2508,0.0,0.0,4
2024-07-26,9070.88323294491,4712.915332944911,4357.9679,0.0,0.0,6
2024-07-29,9135.95798658491,6246.67748658491,2889.2805,0.0,0.0,4
2024-07-30,9052.46678658491,7554.70628658491,1497.7604999999999,0.0,0.0,2
2024-07-31,9077.19407658491,5579.90157658491,3497.2925,0.0,0.0,4
2024-08-01,9052.53801702491,331.29895240785015,6195.0424,2526.196664617059,0.0,7
2024-08-02,8968.947517595745,47.86790324785056,6390.7917,2530.2879143478945,0.0,7
2024-08-05,8621.659782492025,1819.3061022478507,4338.8858,2463.467880244175,0.0,5
2024-08-06,8627.86206730879,872.9869288078511,5270.611,2484.2641385009397,0.0,6
2024-08-07,8681.144746842223,28.336261540429632,6265.0712,2387.7372853017923,0.0,7
2024-08-08,8683.752034630768,28.336261540429632,6265.0712,2390.3445730903386,0.0,7
2024-08-09,8691.897570258461,5.074797521537562,6984.3212,1702.501572736923,0.0,8
2024-08-12,8673.235078920829,1601.6378768815375,5366.0888,1705.5084020392906,0.0,6
2024-08-13,8697.459605383603,2182.5572048815375,4799.4488,1715.4536005020661,0.0,5
2024-08-14,8696.303302644532,2182.5572048815375,4799.4488,1714.297297762994,0.0,5
2024-08-15,8696.072078945115,2182.5572048815375,4799.4488,1714.0660740635778,0.0,5
2024-08-16,8661.794071929746,2140.6466048815373,4799.4488,1721.698667048209,0.0,5
2024-08-19,8685.443947714994,2677.0817872815373,4275.3304,1733.0317604334562,0.0,4
2024-08-20,8639.844478830395,2635.1831872815374,4275.3304,1729.3308915488572,0.0,4
2024-08-21,8652.10283549729,2635.1831872815374,4275.3304,1741.589248215752,0.0,4
2024-08-22,8608.183085234577,2593.345187281537,4275.3304,1739.5074979530405,0.0,4
2024-08-23,8613.040072616257,2593.345187281537,4275.3304,1744.3644853347203,0.0,4
2024-08-26,8624.373166001506,2001.4623872815373,4867.2132,1755.6975787199674,0.0,5
2024-08-27,8610.496059196706,2001.4623872815373,4867.2132,1741.8204719151681,0.0,5
2024-08-28,8610.496059196706,2001.4623872815373,4867.2132,1741.8204719151681,0.0,5
2024-08-29,8580.79279091065,3214.2258679315373,3615.2637,1751.3032229791115,0.0,4
2024-08-30,8613.8998896772,1952.6323309915374,4896.7809,1764.4866586856624,0.0,5
2024-09-02,8613.8998896772,0.0,4896.7809,3717.1189896772,0.0,5
2024-09-03,8601.640981918099,24.559881918100388,8577.0811,0.0,0.0,9
2024-09-04,8626.9012593381,58.9196593381007,8567.9816,0.0,0.0,9
2024-09-05,8589.8758083381,999.4238083381008,7590.451999999999,0.0,0.0,8
2024-09-06,8570.296685078101,108.37928507810045,8461.9174,0.0,0.0,9
2024-09-09,8552.4330182681,15.757818268100635,8536.6752,0.0,0.0,10
2024-09-10,8558.8549957181,1.1166957181007149,8557.738299999999,0.0,0.0,10
2024-09-11,8489.7717389381,2160.1065389381,6329.6651999999995,0.0,0.0,7
2024-09-12,8493.3476361381,235.99573613810026,8257.3519,0.0,0.0,8
2024-09-13,8493.3476361381,32.475736138100245,8460.8719,0.0,0.0,9
2024-09-16,8493.3476361381,32.475736138100245,8460.8719,0.0,0.0,9
2024-09-17,8524.3939842481,1833.0985842481002,6691.2954,0.0,0.0,7
2024-09-18,8546.468476248101,1271.3796762481006,7275.0887999999995,0.0,0.0,7
2024-09-19,8561.892841848101,235.47354184810047,8326.4193,0.0,0.0,8
2024-09-20,8593.338482868101,1101.865982868101,7491.4725,0.0,0.0,7
2024-09-23,8593.338482868101,6.829982868100899,8586.5085,0.0,0.0,9
2024-09-24,8628.462060618102,1864.776060618101,6763.686,0.0,0.0,7
2024-09-25,8591.098793418101,2879.899193418101,5711.1996,0.0,0.0,6
2024-09-26,8591.098793418101,1848.5071934181008,6742.5916,0.0,0.0,7
2024-09-27,8591.098793418101,1848.5071934181008,6742.5916,0.0,0.0,7
2024-09-30,8591.0987934181,809.1160934181007,7781.9827,0.0,0.0,8
2024-10-01,8612.406310968101,242.1545109681009,8370.2518,0.0,0.0,9
2024-10-02,8612.406310968101,21.254510968100902,8591.1518,0.0,0.0,10
2024-10-03,8574.0080937481,1055.4321937481009,7518.5759,0.0,0.0,9
2024-10-04,8595.274233748101,1323.3867337481008,7271.8875,0.0,0.0,9
2024-10-07,8537.355632938099,5458.6520329381,3078.7036,0.0,0.0,4
2024-10-08,8537.355632938099,3878.5904329380996,4658.7652,0.0,0.0,6
2024-10-09,8541.7294529381,3534.5542529380996,5007.1752,0.0,0.0,6
2024-10-10,8507.5708529381,4069.7056529381,4437.8652,0.0,0.0,5
2024-10-11,8507.5708529381,4069.7056529381,4437.8652,0.0,0.0,5
2024-10-14,8467.164452938101,1333.3108529381002,7133.8536,0.0,0.0,8
2024-10-15,8469.0076310981,2834.0354310981006,5634.9722,0.0,0.0,6
2024-10-16,8447.5668842081,447.1330842081004,8000.4338,0.0,0.0,9
2024-10-17,8429.8395144481,238.1952144481004,8191.6443,0.0,0.0,9
2024-10-18,8670.7843707481,1232.2910707480996,7438.4933,0.0,0.0,8
2024-10-21,8664.9721084681,2211.6080084681,6453.3641,0.0,0.0,7
2024-10-22,8664.9721084681,1566.5280084680999,7098.444100000001,0.0,0.0,8
2024-10-23,8664.9721084681,713.3694084680999,7951.6027,0.0,0.0,9
2024-10-24,8690.6521823281,17.42238232809992,8673.229800000001,0.0,0.0,11
2024-10-25,8718.3994007281,2187.8251007281,6530.5743,0.0,0.0,9
2024-10-28,8739.5580247281,1851.0521247281001,6888.5059,0.0,0.0,9
2024-10-29,8739.5580247281,1851.0521247281001,6888.5059,0.0,0.0,9
2024-10-30,8788.7216468481,1129.6090468481002,7659.1126,0.0,0.0,10
2024-10-31,8814.3995476981,883.0993476981005,7931.3002,0.0,0.0,10
2024-11-01,8795.2462002181,38.35461879347372,8276.0142,480.8773814246266,0.0,10
2024-11-04,8898.146011111234,1504.0573908334736,6916.7514,477.33722027775985,0.0,8
2024-11-05,8924.0575852646,66.60889663078262,8428.1374,429.311288633816,0.0,10
2024-11-06,8909.910168228282,307.42412263078256,8147.0723,455.4137455974989,0.0,10
2024-11-07,8927.034941512344,183.45655393078266,8295.5174,448.0609875815607,0.0,10
2024-11-08,8953.067506525951,518.6511145307827,7982.3114,452.1049919951685,0.0,10
2024-11-11,8981.371227803133,894.0428145307826,7628.7897,458.5387132723491,0.0,10
2024-11-12,9056.438183443866,970.4884145307826,7628.7897,457.16006891308245,0.0,10
2024-11-13,9056.713898035538,14.6208838243831,8627.664499999999,414.4285142111545,0.0,11
2024-11-14,9014.398341191338,1087.794247024383,7513.2581,413.34599416695517,0.0,10
2024-11-15,9095.56050707186,6003.393497574383,2676.9058,415.2612094974765,0.0,5
2024-11-18,9096.809533829362,3556.2347975743833,5124.0645,416.5102362549788,0.0,8
2024-11-19,9095.25683359648,3621.0032756143833,5060.4912,413.7623579820969,0.0,7
2024-11-20,9094.007806838978,3621.0032756143833,5060.4912,412.51333122459454,0.0,7
2024-11-21,9247.213198626865,3090.7872356143835,5738.6667,417.75926301248114,0.0,7
2024-11-22,9307.521751272345,3710.509959344383,5174.5895,422.42229192796157,0.0,6
2024-11-25,9410.055818269188,2422.724715724383,6562.1609,425.1702025448049,0.0,7
2024-11-26,9410.88851355551,65.49691355550956,9345.3916,0.0,0.0,11
2024-11-27,9553.946563225509,1860.7182632255096,7693.2283,0.0,0.0,9
2024-11-28,9553.946563225509,1860.7182632255096,7693.2283,0.0,0.0,9
2024-11-29,9576.583793225509,1693.7309932255098,7882.8528,0.0,0.0,9
2024-12-02,9597.17001447551,1196.94172125,6706.4973,1693.7309932255098,0.0,8
2024-12-03,9590.196824659448,35.78229999968323,8674.2159,880.1986246597659,0.0,10
2024-12-04,9597.924090461978,137.58612538473471,9341.3059,119.03206507724546,0.0,11
2024-12-05,9598.897819703263,137.58612538473471,9341.3059,120.00579431852998,0.0,11
2024-12-06,9601.42426943906,137.58612538473471,9341.3059,122.5322440543268,0.0,11
2024-12-09,9586.45524462991,4572.874303634734,4891.4382,122.14274099517661,0.0,6
2024-12-10,9521.124678811151,2862.5017148347342,6536.2802,122.34276397641803,0.0,8
2024-12-11,9523.272152158794,2862.5017148347342,6536.2802,124.49023732405959,0.0,8
2024-12-12,9522.240514052783,1819.9417148347343,7578.8402,123.45859921804968,0.0,9
2024-12-13,9588.8045844283,3696.336282834734,5768.5202,123.94810159356732,0.0,7
2024-12-16,9590.483616858583,3696.336282834734,5768.5202,125.62713402384998,0.0,7
2024-12-17,9588.086862138978,5444.108973894734,4017.956,126.02188824424435,0.0,5
2024-12-18,9512.01161606127,8628.285360154734,763.3836,120.34265590653665,0.0,1
2024-12-19,9511.848464835102,8628.285360154734,763.3836,120.17950468036848,0.0,1
2024-12-20,9512.153738293955,8628.285360154734,763.3836,120.4847781392215,0.0,1
2024-12-23,9512.519176912472,6036.001760154733,3355.6672,120.85021675773949,0.0,4
2024-12-24,9515.314077049063,6036.001760154733,3355.6672,123.6451168943292,0.0,4
2024-12-25,9515.314077049063,6036.001760154733,3355.6672,123.6451168943292,0.0,4
2024-12-26,9514.8553024888,6036.001760154733,3355.6672,123.18634233406742,0.0,4
2024-12-27,9512.819767341902,6036.001760154733,3355.6672,121.15080718716764,0.0,4
2024-12-30,9510.873883396089,6036.001760154733,3355.6672,119.204923241355,0.0,4
2024-12-31,9466.426411966062,6718.300760154733,2629.8172,118.30845181132783,0.0,3
2025-01-01,9466.42641196606,0.0,2629.8172,6836.609211966061,0.0,3
2025-01-02,9462.93590923837,695.877065,1959.8672000000001,6807.191644238369,0.0,2
2025-01-03,9553.195945151198,695.877065,1959.8672000000001,6897.451680151198,0.0,2
2025-01-06,9626.863759096268,1915.4527984800002,763.3836,6948.027360616268,0.0,1
2025-01-07,9520.649932468741,952.5847984800001,1726.2516,6841.813533988741,0.0,2
2025-01-08,9510.28961924829,952.5847984800001,1726.2516,6831.45322076829,0.0,2
2025-01-09,9510.28961924829,952.5847984800001,1726.2516,6831.45322076829,0.0,2
2025-01-10,9426.031484954614,6927.379884954614,2498.6516,0.0,0.0,3
2025-01-13,9378.850952954614,7174.157752954614,2204.6931999999997,0.0,0.0,3
2025-01-14,9338.716376954613,7802.9327769546135,1535.7836,0.0,0.0,2
2025-01-15,9338.716376954613,6837.153176954614,2501.5632,0.0,0.0,3
2025-01-16,9338.716376954613,4872.7731769546135,4465.9432,0.0,0.0,5
2025-01-17,9338.716376954613,4143.693176954614,5195.0232,0.0,0.0,6
2025-01-20,9338.716376954613,4143.693176954614,5195.0232,0.0,0.0,6
2025-01-21,9338.716376954613,3124.3151769546134,6214.4012,0.0,0.0,7
2025-01-22,9259.055238674613,4010.433638674613,5248.6216,0.0,0.0,6
2025-01-23,9280.693393674614,2398.0258936746122,6882.6675000000005,0.0,0.0,8
2025-01-24,9309.112012674614,4289.375512674613,5019.7365,0.0,0.0,6
2025-01-27,9183.452276694614,4372.237576694613,4811.2147,0.0,0.0,6
2025-01-28,9183.452276694614,4372.237576694613,4811.2147,0.0,0.0,6
2025-01-29,9183.452276694614,4372.237576694613,4811.2147,0.0,0.0,6
2025-01-30,9183.452276694614,3031.517576694613,6151.9347,0.0,0.0,8
2025-01-31,9151.697017174612,848.6404171746126,8303.0566,0.0,0.0,10
2025-02-03,9256.985689574614,2567.3191724000008,5841.0261,848.6404171746126,0.0,6
2025-02-04,9304.054129765755,2176.3019742900005,6276.3002,851.4519554757536,0.0,7
2025-02-05,9304.388467113915,25.225767113914998,9279.1627,0.0,0.0,11
2025-02-06,9304.388467113915,25.225767113914998,9279.1627,0.0,0.0,11
2025-02-07,9350.702161413916,1369.476461413915,7981.2257,0.0,0.0,9
2025-02-10,9302.996090923914,3555.0215909239146,5747.9745,0.0,0.0,7
2025-02-11,9302.996090923914,2828.5405909239144,6474.4555,0.0,0.0,8
2025-02-12,9216.628021423916,3672.042321423915,5544.5857000000005,0.0,0.0,7
2025-02-13,9216.628021423916,1717.878421423915,7498.7496,0.0,0.0,9
2025-02-14,9236.824193223916,886.4955932239149,8350.3286,0.0,0.0,10
2025-02-17,9236.824193223916,886.4955932239149,8350.3286,0.0,0.0,10
2025-02-18,9244.146560103916,100.36016010391484,9143.7864,0.0,0.0,10
2025-02-19,9266.845315303915,9.564115303914832,9257.281200000001,0.0,0.0,10
2025-02-20,9278.725146313915,838.9334463139148,8439.7917,0.0,0.0,9
2025-02-21,9262.857710633914,3549.555410633915,5713.3023,0.0,0.0,6
2025-02-24,9262.857710633914,3549.555410633915,5713.3023,0.0,0.0,6
2025-02-25,9178.565503913916,4014.5008039139157,5164.0647,0.0,0.0,5
2025-02-26,9193.326434153916,5219.659334153916,3973.6671,0.0,0.0,4
2025-02-27,9211.825679753916,6359.324979753916,2852.5007,0.0,0.0,3
2025-02-28,9211.825679753916,6359.324979753916,2852.5007,0.0,0.0,3
2025-03-03,9229.728206153915,41.04436755860297,4932.1941,4256.489738595313,0.0,5
2025-03-04,9180.44133598619,6646.25693598619,2534.1844,0.0,0.0,3
2025-03-05,9180.44133598619,5771.02343598619,3409.4179,0.0,0.0,4
2025-03-06,9180.44133598619,5059.94423598619,4120.4971,0.0,0.0,5
2025-03-07,9202.436766706189,5199.05286670619,4003.3839,0.0,0.0,5
2025-03-10,9204.03276850619,2418.6672018,1586.3127,0.0,5199.05286670619,2
2025-03-11,9205.067441723526,0.0,1586.3127,0.0,7618.7547417235255,2
2025-03-12,9205.067441723526,0.0,1586.3127,0.0,7618.7547417235255,2
2025-03-13,9207.34463560255,0.0,1586.3127,0.0,7621.031935602551,2
2025-03-14,9209.618818117018,0.0,1586.3127,0.0,7623.306118117019,2
2025-03-17,9210.377681985723,0.0,1586.3127,0.0,7624.0649819857235,2
2025-03-18,9211.135943581517,0.0,1586.3127,0.0,7624.823243581517,2
2025-03-19,9212.653671318927,0.0,1586.3127,0.0,7626.340971318927,2
2025-03-20,9212.653671318927,0.0,1586.3127,0.0,7626.340971318927,2
2025-03-21,9236.633042360483,896.9392908000001,711.0791999999999,0.0,7628.614551560483,1
2025-03-24,9238.150770097893,8527.071570097893,711.0791999999999,0.0,0.0,1
2025-03-25,9259.056498577893,8492.256498577894,766.8,0.0,0.0,1
2025-03-26,9259.056498577893,0.0,766.8,0.0,8492.256498577894,1
2025-03-27,9259.898843801853,0.0,766.8,0.0,8493.098843801854,1
2025-03-28,9262.431240461638,0.0,766.8,0.0,8495.631240461638,1
2025-03-31,9262.431240461638,0.0,766.8,0.0,8495.631240461638,1
2025-04-01,9264.633936365502,0.0,766.8,0.0,8497.833936365503,1
2025-04-02,9265.48030233039,0.0,766.8,0.0,8498.680302330391,1
2025-04-03,9267.173704383651,0.0,766.8,0.0,8500.373704383652,1
2025-04-04,9225.316422525288,722.4022799999999,0.0,0.0,8502.914142525287,0
2025-04-07,9226.16412873715,0.0,0.0,0.0,9226.16412873715,0
2025-04-08,9226.16412873715,0.0,0.0,0.0,9226.16412873715,0
2025-04-09,9228.00138683036,0.0,0.0,0.0,9228.00138683036,0
2025-04-10,9228.00138683036,0.0,0.0,0.0,9228.00138683036,0
2025-04-11,9232.594168537842,0.0,0.0,0.0,9232.594168537842,0
2025-04-14,9233.513888161076,0.0,0.0,0.0,9233.513888161076,0
2025-04-15,9234.432153682139,0.0,0.0,0.0,9234.432153682139,0
2025-04-16,9236.270138826434,0.0,0.0,0.0,9236.270138826434,0
2025-04-17,9239.944655012854,0.0,0.0,0.0,9239.944655012854,0
2025-04-18,9239.944655012854,0.0,0.0,0.0,9239.944655012854,0
2025-04-21,9239.944655012854,0.0,0.0,0.0,9239.944655012854,0
2025-04-22,9240.864374636089,0.0,0.0,0.0,9240.864374636089,0
2025-04-23,9243.619898250361,0.0,0.0,0.0,9243.619898250361,0
2025-04-24,9243.619898250361,0.0,0.0,0.0,9243.619898250361,0
2025-04-25,9247.294414436781,0.0,0.0,0.0,9247.294414436781,0
2025-04-28,9247.294414436781,0.0,0.0,0.0,9247.294414436781,0
2025-04-29,9248.2148611111,0.0,0.0,0.0,9248.2148611111,0
2025-04-30,9250.969657674288,0.0,0.0,0.0,9250.969657674288,0
2025-05-01,9252.353235890108,0.0,0.0,0.0,9252.353235890108,0
2025-05-02,9255.118211168494,0.0,0.0,0.0,9255.118211168494,0
2025-05-05,9256.040111944983,0.0,0.0,0.0,9256.040111944983,0
2025-05-06,9256.040111944983,0.0,0.0,0.0,9256.040111944983,0
2025-05-07,9256.961285670388,0.0,0.0,0.0,9256.961285670388,0
2025-05-08,9259.72698799986,0.0,0.0,0.0,9259.72698799986,0
2025-05-09,9262.49269032933,0.0,0.0,0.0,9262.49269032933,0
2025-05-12,9262.49269032933,9262.49269032933,0.0,0.0,0.0,0
2025-05-13,9262.49269032933,8637.150290329331,625.3424,0.0,0.0,1
2025-05-14,9262.49269032933,8637.150290329331,625.3424,0.0,0.0,1
2025-05-15,9313.32779212933,9313.32779212933,0.0,0.0,0.0,0
2025-05-16,9313.32779212933,9313.32779212933,0.0,0.0,0.0,0
2025-05-19,9313.32779212933,8541.527792129331,771.8,0.0,0.0,1
2025-05-20,9313.32779212933,8541.527792129331,771.8,0.0,0.0,1
2025-05-21,9313.32779212933,8541.527792129331,771.8,0.0,0.0,1
2025-05-22,9313.32779212933,7779.472592129331,1533.8552,0.0,0.0,2
2025-05-23,9267.019792129331,8504.96459212933,762.0552,0.0,0.0,1
2025-05-26,9267.019792129331,8504.96459212933,762.0552,0.0,0.0,1
2025-05-27,9267.019792129331,8504.96459212933,762.0552,0.0,0.0,1
2025-05-28,9267.019792129331,8504.96459212933,762.0552,0.0,0.0,1
2025-05-29,9267.019792129331,8504.96459212933,762.0552,0.0,0.0,1
2025-05-30,9342.00602380933,9342.00602380933,0.0,0.0,0.0,0
2025-06-02,9342.00602380933,8.730001322310045,4543.2561,4790.01992248702,0.0,4
2025-06-03,9422.186900023054,2227.0235283023103,2366.8419,4828.321471720746,0.0,2
2025-06-04,9435.490002647777,1302.6319283023104,3291.2335,4841.624574345467,0.0,3
2025-06-05,9379.483110277568,1282.4996753623104,3291.2335,4805.749934915259,0.0,3
2025-06-06,9426.421229657104,506.6996753623105,4067.0335,4852.688054294794,0.0,4
2025-06-09,9390.372709195872,742.5555117632172,4067.0335,4580.783697432654,0.0,4
2025-06-10,9420.669592132244,52.65579934435539,5554.1987,3813.8150927878887,0.0,6
2025-06-11,9407.81871521986,24.92332371790758,6342.9167,3039.9786915019527,0.0,7
2025-06-12,9376.764887589805,119.4975433605781,6250.0541,3007.213244229226,0.0,7
2025-06-13,9339.01050011611,119.4975433605781,6250.0541,2969.4588567555315,0.0,7
2025-06-16,9425.828281487915,1089.4021475205782,5325.6625,3010.763633967336,0.0,6
2025-06-17,9431.18550079526,1085.1879075205784,5364.5925,2981.405093274681,0.0,6
2025-06-18,9390.963603855656,1707.3763515205783,4702.689899999999,2980.897352335078,0.0,5
2025-06-19,9390.963603855656,1707.3763515205783,4702.689899999999,2980.897352335078,0.0,5
2025-06-20,9407.884818327246,270.60985152057833,6168.5489,2968.7260668066683,0.0,7
2025-06-23,9438.41071446364,270.60985152057833,6168.5489,2999.251962943061,0.0,7
2025-06-24,9432.1748658833,1006.7135671205783,5380.3449,3045.116398762723,0.0,6
2025-06-25,9493.172812567103,1840.1819581205782,4600.0899,3052.9009544465243,0.0,5
2025-06-26,9521.718484522324,1840.1819581205782,4600.0899,3081.446626401745,0.0,5
2025-06-27,9520.373218749362,2893.7091571205783,3534.6674000000003,3091.9966616287834,0.0,4
2025-06-30,9561.502558585957,2914.811896470578,3534.6674000000003,3112.023262115378,0.0,4
2025-07-01,9535.2701971523,0.0,3534.6674000000003,6000.6027971523,0.0,4
2025-07-02,9558.319233250564,72.3081233899486,5882.6645,3603.3466098606164,0.0,7
2025-07-03,9606.312997812027,912.1870073899487,5066.297,3627.8289904220774,0.0,6
2025-07-04,9606.312997812027,912.1870073899487,5066.297,3627.8289904220774,0.0,6
2025-07-07,9701.620346059171,2514.248456179949,3593.4191,3593.952789879222,0.0,4
2025-07-08,9691.170318061706,3214.213717579949,2885.825,3591.1316004817572,0.0,3
2025-07-09,9726.087589665069,815.4382555599486,5308.0077,3602.6416341051204,0.0,5
2025-07-10,9700.411216285545,4054.0616674199487,2055.7811,3590.5684488655975,0.0,2
2025-07-11,9678.474717492787,4054.0616674199487,2055.7811,3568.6319500728387,0.0,2
2025-07-14,9706.924394528098,2037.2150674199484,4072.6277,3597.0816271081494,0.0,4
2025-07-15,9705.41838490538,2301.1119334199484,3831.2633,3573.043151485431,0.0,4
2025-07-16,9716.257440895213,2301.1119334199484,3831.2633,3583.882207475265,0.0,4
2025-07-17,9755.276014118062,2498.1737916599486,3657.2504,3599.851822458115,0.0,4
2025-07-18,9958.566896767206,4484.007572899949,1888.7604000000001,3585.7989238672562,0.0,2
2025-07-21,9998.923058606762,4484.007572899949,1888.7604000000001,3626.155085706813,0.0,2
2025-07-22,9952.056195476174,4436.016572899949,1888.7604000000001,3627.2792225762255,0.0,2
2025-07-23,9972.052663715589,3301.810172899949,3022.9668,3647.2756908156393,0.0,3
2025-07-24,9994.047843760876,3093.1426737499487,3245.9649,3654.9402700109276,0.0,3
2025-07-25,10016.215212237326,5198.241899509949,1189.7067,3628.266612727378,0.0,1
2025-07-28,10005.106982334153,4086.9828995099488,2300.9656999999997,3617.1583828242037,0.0,2
2025-07-29,10004.381097616668,5301.5544695399485,1111.259,3591.5676280767198,0.0,1
2025-07-30,10014.991977114058,2567.974769539948,3844.8387000000002,3602.1785075741104,0.0,4
2025-07-31,10037.04204850744,15.950170708954715,6540.6743,3480.4175777984856,0.0,7
2025-08-01,9877.63646884778,196.52126004148147,6779.581700000001,2901.533508806299,0.0,8
2025-08-04,9953.140167200921,236.9633365023809,9395.7157,320.4611306985414,0.0,11
2025-08-05,10018.599991841898,1820.0944998823811,7880.6956,317.8098919595183,0.0,9
2025-08-06,10019.585698559784,4795.726252882381,4902.4698,321.3896456774033,0.0,6
2025-08-07,10042.383917206633,4132.995218882381,5587.7058,321.6828983242528,0.0,7
2025-08-08,10078.826280329833,4986.6942538823805,4767.2358,324.8962264474514,0.0,6
2025-08-11,10097.883272344745,5789.430509882381,3985.7558,322.69696246236396,0.0,5
2025-08-12,10102.880382697098,5789.430509882381,3985.7558,327.69407281471587,0.0,5
2025-08-13,10112.945036415815,6424.4929718823805,3360.6358,327.8162645334337,0.0,4
2025-08-14,10112.236414184132,5604.592971882381,4180.5358,327.10764230175045,0.0,5
2025-08-15,10162.606198982872,5562.172971882381,4275.8058,324.6274271004922,0.0,5
2025-08-18,10163.302594564611,5562.172971882381,4275.8058,325.32382268223034,0.0,5
2025-08-19,10157.621315280467,5562.172971882381,4275.8058,319.6425433980854,0.0,5
2025-08-20,10056.195968635582,7117.290171882381,2621.4258,317.47999675320017,0.0,3
2025-08-21,10055.047523519175,7117.290171882381,2621.4258,316.3315516367929,0.0,3
2025-08-22,10059.335974249478,7117.290171882381,2621.4258,320.62000236709474,0.0,3
2025-08-25,10058.615087977481,7117.290171882381,2621.4258,319.8991160950995,0.0,3
2025-08-26,10060.081201650262,7117.290171882381,2621.4258,321.36522976787984,0.0,3
2025-08-27,10061.816189450736,7117.290171882381,2621.4258,323.10021756835295,0.0,3
2025-08-28,10064.36968977093,6213.291671882382,3525.4243,325.65371788854844,0.0,4
2025-08-29,10009.954086808944,6163.873141882382,3525.4243,320.65664492656333,0.0,4
2025-09-01,10009.954086808946,0.0,3525.4243,6484.529786808946,0.0,4
2025-09-02,9916.280904831972,849.9393897,2621.4258,6444.915715131972,0.0,3
2025-09-03,10034.846117464578,70.60170364997543,5571.2947,4392.949713814603,0.0,6
2025-09-04,10069.310744576813,8.243025897545294,9705.4706,355.5971186792666,0.0,10
2025-09-05,10071.212168159602,133.9006681596022,9937.3115,0.0,0.0,11
2025-09-08,10077.077742929603,371.6071429296022,9705.4706,0.0,0.0,10
2025-09-09,10077.077742929601,60.77164292960225,10016.3061,0.0,0.0,11
2025-09-10,10086.651476329604,381.1808763296022,9705.4706,0.0,0.0,10
2025-09-11,10101.481637129602,396.0110371296022,9705.4706,0.0,0.0,10
2025-09-12,10101.481637129602,87.5200371296022,10013.9616,0.0,0.0,11
2025-09-15,10079.913877289602,792.1394772896022,9287.7744,0.0,0.0,10
2025-09-16,10153.579233289602,934.9792332896022,9218.6,0.0,0.0,10
2025-09-17,10120.850709229602,1714.3849092296018,8406.4658,0.0,0.0,10
2025-09-18,10144.510653229603,455.43025322960193,9689.0804,0.0,0.0,11
2025-09-19,10168.522350109602,686.238750109602,9482.2836,0.0,0.0,11
2025-09-22,10690.338450109602,2184.2448501096023,8506.0936,0.0,0.0,10
2025-09-23,10690.338450109602,2184.2448501096023,8506.0936,0.0,0.0,10
2025-09-24,10907.856028129601,5516.530228129603,5391.3258,0.0,0.0,6
2025-09-25,11135.483450329604,6607.363650329603,4528.1198,0.0,0.0,5
2025-09-26,11135.483450329602,5685.061850329603,5450.4216,0.0,0.0,6
2025-09-29,11135.483450329602,5685.061850329603,5450.4216,0.0,0.0,6
2025-09-30,11097.015999289602,6402.339999289603,4694.6759999999995,0.0,0.0,5
2025-10-01,11156.544599289602,103.10401536553127,4874.2217,6179.218883924072,0.0,5
2025-10-02,11186.108428830103,17.268495747913448,7968.6809,3200.15903308219,0.0,8
2025-10-03,11187.608598385525,58.820837745307585,7995.8149,3132.9728606402164,0.0,8
2025-10-06,11332.669115941051,1872.2681760153077,6295.7374,3164.6635399257425,0.0,6
2025-10-07,11216.322837402553,3434.582504895308,4638.2038,3143.536532507246,0.0,4
2025-10-08,11271.451348347211,3434.582504895308,4638.2038,3198.6650434519042,0.0,4
2025-10-09,11390.297695304249,5918.048062975307,2278.9764,3193.273232328943,0.0,2
2025-10-10,11518.546724290372,7355.258571175307,1099.9686000000002,3063.3195531150645,0.0,1
2025-10-13,11593.151942180699,5856.880671175308,2598.3465,3137.9247710053914,0.0,2
2025-10-14,11552.878489700437,5856.880671175308,2598.3465,3097.6513185251306,0.0,2
2025-10-15,11583.578383334252,5856.880671175308,2598.3465,3128.351212158945,0.0,2
2025-10-16,11511.077805150453,7280.446832435308,1099.9686000000002,3130.6623727151446,0.0,1
2025-10-17,11516.579591462862,5577.894832435309,2802.5206000000003,3136.164159027553,0.0,3
2025-10-20,11591.411108009608,5591.703932435308,2828.5514000000003,3171.155775574299,0.0,3
2025-10-21,11510.547555397998,6414.943743035308,1922.7974000000002,3172.8064123626905,0.0,2
2025-10-22,11535.304062420812,8393.858403775308,0.0,3141.445658645504,0.0,0
2025-10-23,11574.91732744883,8393.858403775308,0.0,3181.058923673521,0.0,0
2025-10-24,11624.324101702186,7491.248403775308,902.61,3230.4656979268775,0.0,1
2025-10-27,11683.964285938668,7491.248403775308,902.61,3290.10588216336,0.0,1
2025-10-28,11716.535103055332,7491.248403775308,902.61,3322.6766992800235,0.0,1
2025-10-29,11740.413171787814,7491.248403775308,902.61,3346.554768012506,0.0,1
2025-10-30,11699.259581476415,6517.659303775308,1876.1991,3305.401177701108,0.0,2
2025-10-31,11737.596773742625,7526.394970285308,902.61,3308.5918034573165,0.0,1
2025-11-03,11790.304731302533,941.783274,0.0,10848.521457302533,0.0,0
2025-11-04,11592.663082975756,0.22307524798134182,2963.99,8628.450007727775,0.0,3
2025-11-05,11696.870945647659,1276.3226592479814,1753.85,8666.698286399678,0.0,2
2025-11-06,11438.210379444503,72.76792484756879,5366.8008,5998.641654596935,0.0,6
2025-11-07,11262.044609109904,1391.8921118475685,3892.2563,5977.896197262336,0.0,4
2025-11-10,11414.936074447432,40.741586013282244,7479.6481,3894.5463884341502,0.0,8
2025-11-11,11453.658402545057,201.74639633328206,7390.5745,3861.337506211776,0.0,8
2025-11-12,11499.374405538254,1028.9701463332822,6597.0745,3873.3297592049717,0.0,7
2025-11-13,11307.784042812416,2517.2063463332825,5013.8445,3776.7331964791338,0.0,5
2025-11-14,11272.666357261322,2428.3445703332823,5047.0305,3797.2912869280385,0.0,5
2025-11-17,11266.4451266476,7144.8406266476,4121.6045,0.0,0.0,4
2025-11-18,11266.4451266476,7144.8406266476,4121.6045,0.0,0.0,4
2025-11-19,11266.4451266476,7144.8406266476,4121.6045,0.0,0.0,4
2025-11-20,11266.4451266476,7144.8406266476,4121.6045,0.0,0.0,4
2025-11-21,11266.445126647599,5366.1328266476,5900.3123,0.0,0.0,6
2025-11-24,11295.2470047276,6342.3649047276,4952.8821,0.0,0.0,5
2025-11-25,11295.2470047276,6342.3649047276,4952.8821,0.0,0.0,5
2025-11-26,11347.368777117601,8557.500977117601,2789.8678,0.0,0.0,3
2025-11-27,11347.368777117601,8557.500977117601,2789.8678,0.0,0.0,3
2025-11-28,11347.368777117601,8557.500977117601,2789.8678,0.0,0.0,3
2025-12-01,11347.368777117601,0.0,2789.8678,8557.500977117601,0.0,3
2025-12-02,11355.229970298098,4.669164191507662,4706.2278,6644.333006106591,0.0,5
2025-12-03,11273.909891019677,25.157918387436666,4949.8773,6298.874672632241,0.0,5
2025-12-04,11239.51221566597,25.157918387436666,4949.8773,6264.476997278534,0.0,5
2025-12-05,11257.533503775547,12.139736510689545,6132.9855,5112.408267264857,0.0,6
2025-12-08,11176.687775752209,2143.4329731106895,3972.9759999999997,5060.278802641521,0.0,4
2025-12-09,11137.28013149484,2143.4329731106895,3972.9759999999997,5020.8711583841505,0.0,4
2025-12-10,11200.986985478297,2143.4329731106895,3972.9759999999997,5084.578012367609,0.0,4
2025-12-11,11237.776751932171,2143.4329731106895,3972.9759999999997,5121.367778821484,0.0,4
2025-12-12,11271.48267431284,3959.6312622106893,2194.2682,5117.583212102151,0.0,2
2025-12-15,11323.311025844263,4827.973776913855,2194.2682,4301.069048930409,0.0,2
2025-12-16,11267.377825566768,2659.3447769138547,4362.8972,4245.135848652912,0.0,4
2025-12-17,11315.400387644888,3604.0425689138547,3473.9372,4237.420618731035,0.0,3
2025-12-18,11318.70679411992,1555.634968913855,5522.3448,4240.727025206064,0.0,5
2025-12-19,11368.079859845573,1430.725680913855,5668.2472,4269.106978931719,0.0,5
2025-12-22,11396.220836931607,114.4615369316067,11281.7593,0.0,0.0,10
2025-12-23,11416.338219411607,1613.7982194116066,9802.54,0.0,0.0,9
2025-12-24,11468.089462851607,4148.737062851606,7319.3524,0.0,0.0,7
2025-12-25,11468.089462851607,4148.737062851606,7319.3524,0.0,0.0,7
2025-12-26,11468.089462851607,4148.737062851606,7319.3524,0.0,0.0,7
2025-12-29,11386.580623411608,7912.643423411608,3473.9372,0.0,0.0,3
2025-12-30,11386.580623411608,7912.643423411608,3473.9372,0.0,0.0,3
2025-12-31,11330.843963271607,9162.214963271608,2168.629,0.0,0.0,2
2026-01-01,11330.843963271607,0.0,2168.629,9162.214963271608,0.0,2
2026-01-02,11365.238059249146,0.0,2168.629,9196.609059249147,0.0,2
2026-01-05,11474.440361696597,103.58835075471518,4500.699,6870.153010941882,0.0,4
2026-01-06,11575.678052277257,47.175346796043414,5958.3618,5570.140905481215,0.0,5
2026-01-07,11633.796687565618,288.0630572971363,11152.9255,192.80813026848244,0.0,10
2026-01-08,11550.927056028813,1961.7167662171364,9398.2619,190.9483898116786,0.0,9
2026-01-09,11527.57445822929,1479.0251352171363,9858.5791,189.97022301215247,0.0,9
2026-01-12,11184.582404712222,2387.758039667136,8606.7696,190.05476504508567,0.0,8
2026-01-13,11183.809530586826,758.4380396671361,10236.0896,189.2818909196896,0.0,10
2026-01-14,11198.608111889576,26.038511889575602,11172.5696,0.0,0.0,11
2026-01-15,11228.684527889574,53.274927889575565,11175.409599999999,0.0,0.0,11
2026-01-16,11228.684527889574,53.274927889575565,11175.409599999999,0.0,0.0,11
2026-01-19,11228.684527889574,53.274927889575565,11175.409599999999,0.0,0.0,11
2026-01-20,11343.712342469575,1984.5713424695755,9359.141,0.0,0.0,9
2026-01-21,11383.305679589575,1912.0774795895752,9471.2282,0.0,0.0,10
2026-01-22,11843.998268949576,3505.6794689495746,8338.318800000001,0.0,0.0,8
2026-01-23,11927.897248949575,1406.1452489495744,10521.752,0.0,0.0,10
2026-01-26,11868.619048949575,2334.8370489495746,9533.782000000001,0.0,0.0,9
2026-01-27,11839.889238789576,1031.7628387895747,10808.126400000001,0.0,0.0,10
2026-01-28,11818.342038789575,517.1824387895747,11301.1596,0.0,0.0,10
2026-01-29,11873.840423789574,1509.1608237895746,10364.6796,0.0,0.0,9
2026-01-30,12058.856779169575,4296.524779169574,7762.332,0.0,0.0,7
2026-02-02,12058.856779169573,17.542417431685408,8927.532,3113.7823617378886,0.0,8
2026-02-03,12176.227371569616,335.9076282518391,11092.5085,747.8112433177749,0.0,11
2026-02-04,12246.38541818721,4459.152835841838,7022.6328,764.5997823453715,0.0,6
2026-02-05,12266.357332111878,24.68453211187864,12241.6728,0.0,0.0,11
2026-02-06,12266.357332111878,24.68453211187864,12241.6728,0.0,0.0,11
2026-02-09,12266.357332111878,24.68453211187864,12241.6728,0.0,0.0,11
2026-02-10,12208.208217031879,276.7774170318787,11931.4308,0.0,0.0,11
2026-02-11,12265.404500681878,1220.5737006818788,11044.8308,0.0,0.0,10
2026-02-12,12469.765833641879,4136.516233641879,8333.2496,0.0,0.0,7
2026-02-13,12665.428725641877,3774.108125641878,8891.3206,0.0,0.0,8
2026-02-16,12665.428725641877,3774.108125641878,8891.3206,0.0,0.0,8
2026-02-17,12694.843725641877,4913.523125641877,7781.3206,0.0,0.0,7
2026-02-18,12786.112342641878,6537.061742641878,6249.0506,0.0,0.0,6
2026-02-19,12786.112342641878,5502.151742641878,7283.9606,0.0,0.0,7
2026-02-20,12786.112342641878,5502.151742641878,7283.9606,0.0,0.0,7
2026-02-23,13208.735451481876,13208.735451481876,0.0,0.0,0.0,0
2026-02-24,13208.735451481876,13208.735451481876,0.0,0.0,0.0,0
2026-02-25,13208.735451481876,12564.435451481877,644.3,0.0,0.0,1
2026-02-26,13208.735451481876,12564.435451481877,644.3,0.0,0.0,1
2026-02-27,13199.779681481878,13199.779681481878,0.0,0.0,0.0,0
