ticker,signal,score,signal_date,entry_date,entry_price,exit_date,exit_price,result,pl_pct,sl_price,tp_price
MSTR,BUY,0.6935,2021-01-04,2021-01-05,42.105,2021-01-11,52.6871,trailing_stop,25.13,39.5787,0.0
ALB,BUY,0.6771,2021-01-05,2021-01-06,155.9852,2021-01-11,167.6606,trailing_stop,7.48,146.6261,0.0
FCX,BUY,0.6832,2021-01-06,2021-01-07,28.988,2021-01-11,27.2488,sl_hit,-6.0,27.2488,0.0
UTHR,BUY,0.6696,2021-01-06,2021-01-07,165.07,2021-01-12,165.07,trailing_stop,0.0,156.86,0.0
DD,BUY,0.6667,2021-01-05,2021-01-06,28.297,2021-01-13,31.8741,trailing_stop,12.64,27.0015,0.0
APTV,BUY,0.6554,2021-01-11,2021-01-12,146.74,2021-01-13,146.74,trailing_stop,0.0,138.0829,0.0
GS,BUY,0.6513,2021-01-05,2021-01-06,245.3456,2021-01-14,273.3886,pre_earnings,11.43,233.1812,0.0
IBKR,BUY,0.6934,2021-01-06,2021-01-07,16.4214,2021-01-14,16.7009,pre_earnings,1.7,15.4587,0.0
PTC,BUY,0.6875,2021-01-11,2021-01-12,130.11,2021-01-14,123.7029,sl_hit,-4.92,123.7029,0.0
GME,BUY,0.7414,2021-01-13,2021-01-14,9.5225,2021-01-14,8.9512,sl_hit,-6.0,8.9512,0.0
MS,BUY,0.66,2021-01-06,2021-01-07,63.4185,2021-01-15,63.7916,pre_earnings,0.59,60.3215,0.0
ON,BUY,0.7578,2021-01-12,2021-01-13,36.82,2021-01-15,36.82,trailing_stop,0.0,34.8757,0.0
WBD,BUY,0.6523,2021-01-05,2021-01-06,32.42,2021-01-19,36.6043,trailing_stop,12.91,30.5843,0.0
ALLY,BUY,0.7291,2021-01-14,2021-01-15,34.205,2021-01-19,34.9414,pre_earnings,2.15,32.1527,0.0
GME,BUY,0.7802,2021-01-15,2021-01-19,10.3875,2021-01-19,9.7642,sl_hit,-6.0,9.7642,0.0
MSTR,BUY,0.7223,2021-01-14,2021-01-15,60.71,2021-01-20,57.0674,sl_hit,-6.0,57.0674,0.0
CELH,BUY,0.6878,2021-01-04,2021-01-05,16.26,2021-01-21,21.8362,trailing_stop,34.29,15.2844,0.0
DD,BUY,0.7673,2021-01-14,2021-01-15,31.1362,2021-01-21,31.1362,trailing_stop,0.0,29.268,0.0
JEF,BUY,0.6995,2021-01-06,2021-01-07,21.8511,2021-01-22,20.681,sl_hit,-5.36,20.681,0.0
AES,BUY,0.7152,2021-01-13,2021-01-14,22.0969,2021-01-22,22.3978,trailing_stop,1.36,20.9002,0.0
GME,BUY,0.7414,2021-01-21,2021-01-22,10.6475,2021-01-22,17.2577,trailing_stop,62.08,10.0087,0.0
MTSI,BUY,0.66,2021-01-06,2021-01-07,57.5,2021-01-25,60.97,pre_earnings,6.03,54.05,0.0
MU,BUY,0.6639,2021-01-19,2021-01-20,83.8416,2021-01-25,78.8111,sl_hit,-6.0,78.8111,0.0
ASTS,BUY,0.6617,2021-01-19,2021-01-20,16.23,2021-01-25,15.2562,sl_hit,-6.0,15.2562,0.0
ON,BUY,0.719,2021-01-20,2021-01-21,38.61,2021-01-25,36.2934,sl_hit,-6.0,36.2934,0.0
COHR,BUY,0.7107,2021-01-14,2021-01-15,88.75,2021-01-26,90.8632,trailing_stop,2.38,83.425,0.0
UTHR,BUY,0.6792,2021-01-15,2021-01-19,174.23,2021-01-26,163.7762,sl_hit,-6.0,163.7762,0.0
GME,BUY,0.7493,2021-01-25,2021-01-26,22.14,2021-01-26,20.8116,sl_hit,-6.0,20.8116,0.0
NRG,BUY,0.7048,2021-01-11,2021-01-12,34.2907,2021-01-27,35.1368,trailing_stop,2.47,32.443,0.0
WBD,BUY,0.6733,2021-01-25,2021-01-26,39.47,2021-01-27,47.443,trailing_stop,20.2,37.1018,0.0
AMG,BUY,0.6721,2021-01-21,2021-01-22,111.39,2021-01-28,113.9708,trailing_stop,2.32,105.837,0.0
TKO,BUY,0.7075,2021-01-22,2021-01-25,52.5068,2021-01-28,53.2069,trailing_stop,1.33,49.3564,0.0
GME,BUY,0.7572,2021-01-27,2021-01-28,66.25,2021-01-28,62.275,sl_hit,-6.0,62.275,0.0
TKO,BUY,0.6576,2021-01-29,2021-02-01,53.2909,2021-02-05,49.4917,sl_hit,-7.13,50.0934,0.0
MSTR,BUY,0.7019,2021-02-08,2021-02-09,113.774,2021-02-09,106.9476,sl_hit,-6.0,106.9476,0.0
MSTR,BUY,0.6865,2021-02-10,2021-02-11,113.72,2021-02-11,106.8968,sl_hit,-6.0,106.8968,0.0
WBD,BUY,0.7389,2021-01-28,2021-01-29,41.86,2021-02-17,49.36,pre_earnings,17.92,39.3484,0.0
PSTG,BUY,0.6735,2021-02-05,2021-02-08,27.44,2021-02-17,27.7645,trailing_stop,1.18,25.7936,0.0
AAON,BUY,0.671,2021-02-09,2021-02-10,52.6645,2021-02-17,49.5047,sl_hit,-6.0,49.5047,0.0
MANH,BUY,0.6886,2021-02-10,2021-02-11,142.92,2021-02-17,134.3448,sl_hit,-6.0,134.3448,0.0
NWSA,BUY,0.7161,2021-02-05,2021-02-08,20.3389,2021-02-18,22.0018,trailing_stop,8.18,19.1186,0.0
TPL,BUY,0.6746,2021-02-05,2021-02-08,103.3241,2021-02-18,117.8526,trailing_stop,14.06,97.1247,0.0
WAT,BUY,0.6749,2021-02-02,2021-02-03,289.66,2021-02-23,274.5343,sl_hit,-5.22,274.5343,0.0
WDC,BUY,0.6772,2021-02-11,2021-02-12,48.5289,2021-02-23,50.6259,trailing_stop,4.32,45.6172,0.0
AR,BUY,0.7955,2021-02-18,2021-02-19,9.25,2021-02-23,8.64,sl_hit,-6.59,8.695,0.0
QXO,BUY,0.7414,2021-02-19,2021-02-22,42.8547,2021-02-23,40.2834,sl_hit,-6.0,40.2834,0.0
GTES,BUY,0.6852,2021-02-22,2021-02-23,17.86,2021-02-24,16.67,sl_hit,-6.66,16.7884,0.0
PTC,BUY,0.6662,2021-01-28,2021-01-29,137.67,2021-02-25,140.0114,trailing_stop,1.7,129.4098,0.0
HPE,BUY,0.6695,2021-02-10,2021-02-11,11.9992,2021-02-25,12.4996,pre_earnings,4.17,11.2793,0.0
WAL,BUY,0.7105,2021-02-17,2021-02-18,73.847,2021-02-25,85.1866,trailing_stop,15.36,69.4273,0.0
BRX,BUY,0.6706,2021-02-23,2021-02-24,16.117,2021-02-25,16.117,trailing_stop,0.0,15.229,0.0
QXO,BUY,0.7181,2021-02-25,2021-02-26,43.8218,2021-02-26,41.1925,sl_hit,-6.0,41.1925,0.0
AMG,BUY,0.7037,2021-02-09,2021-02-10,145.3473,2021-03-04,136.4978,sl_hit,-6.09,136.6265,0.0
CRS,BUY,0.7202,2021-03-01,2021-03-02,41.3562,2021-03-04,38.8748,sl_hit,-6.0,38.8748,0.0
BKR,BUY,0.6692,2021-03-01,2021-03-02,21.9833,2021-03-04,20.6643,sl_hit,-6.0,20.6643,0.0
MLM,BUY,0.6556,2021-03-01,2021-03-02,338.1759,2021-03-04,317.8854,sl_hit,-6.0,317.8854,0.0
RCL,BUY,0.7148,2021-03-01,2021-03-02,91.0992,2021-03-05,85.6332,sl_hit,-6.0,85.6332,0.0
PR,BUY,0.7828,2021-03-04,2021-03-05,5.3336,2021-03-05,5.0136,sl_hit,-6.0,5.0136,0.0
AA,BUY,0.7704,2021-03-04,2021-03-05,27.9198,2021-03-05,26.2446,sl_hit,-6.0,26.2446,0.0
OVV,BUY,0.7649,2021-03-04,2021-03-05,25.052,2021-03-08,23.5489,sl_hit,-6.0,23.5489,0.0
WBD,BUY,0.6944,2021-02-23,2021-02-24,50.8,2021-03-09,64.201,trailing_stop,26.38,47.752,0.0
FITB,BUY,0.6921,2021-03-01,2021-03-02,29.7076,2021-03-09,30.5189,trailing_stop,2.73,27.9678,0.0
GE,BUY,0.7591,2021-03-05,2021-03-08,69.2847,2021-03-10,65.1276,sl_hit,-6.0,65.1276,0.0
LYB,BUY,0.7165,2021-03-02,2021-03-03,76.5404,2021-03-16,76.5404,trailing_stop,0.0,71.948,0.0
AXP,STRONG_BUY,0.8219,2021-03-09,2021-03-10,137.1472,2021-03-16,137.1472,trailing_stop,0.0,128.9184,0.0
DVN,STRONG_BUY,0.8775,2021-03-08,2021-03-09,18.992,2021-03-18,17.8525,sl_hit,-6.0,17.8525,0.0
WTFC,STRONG_BUY,0.8066,2021-03-09,2021-03-10,72.073,2021-03-18,76.6954,trailing_stop,6.41,67.7486,0.0
OVV,BUY,0.7159,2021-03-16,2021-03-17,23.7827,2021-03-18,22.3557,sl_hit,-6.0,22.3557,0.0
WBS,BUY,0.7697,2021-03-05,2021-03-08,51.0819,2021-03-19,51.6093,trailing_stop,1.03,48.017,0.0
MS,BUY,0.7675,2021-03-04,2021-03-05,70.2298,2021-03-22,70.2298,trailing_stop,0.0,66.4972,0.0
UMBF,BUY,0.7709,2021-03-05,2021-03-08,85.5614,2021-03-22,87.4941,trailing_stop,2.26,80.4278,0.0
NWSA,BUY,0.6563,2021-02-24,2021-02-25,22.739,2021-03-23,25.2416,trailing_stop,11.01,21.3747,0.0
WBD,STRONG_BUY,0.8389,2021-03-10,2021-03-11,65.34,2021-03-23,72.89,trailing_stop,11.55,61.4196,0.0
BRX,BUY,0.7087,2021-03-17,2021-03-18,16.9021,2021-03-23,15.8879,sl_hit,-6.0,15.8879,0.0
AGCO,BUY,0.792,2021-03-18,2021-03-19,123.1438,2021-03-23,115.7552,sl_hit,-6.0,115.7552,0.0
EXPE,BUY,0.758,2021-03-18,2021-03-19,178.1619,2021-03-23,167.4722,sl_hit,-6.0,167.4722,0.0
SNA,BUY,0.7201,2021-03-19,2021-03-22,197.8614,2021-03-23,188.2313,sl_hit,-4.87,188.2313,0.0
HPQ,BUY,0.7163,2021-03-01,2021-03-02,24.8212,2021-03-24,25.0961,trailing_stop,1.11,23.3319,0.0
DOX,BUY,0.6844,2021-02-09,2021-02-10,69.9163,2021-03-31,66.8526,sl_hit,-4.38,66.8526,0.0
BAC,BUY,0.7276,2021-03-18,2021-03-19,34.1025,2021-04-12,35.6789,pre_earnings,4.62,32.1159,0.0
AMAT,BUY,0.6681,2021-04-01,2021-04-05,139.4279,2021-04-12,131.0622,sl_hit,-6.0,131.0622,0.0
WAT,BUY,0.7034,2021-04-06,2021-04-07,299.8,2021-04-14,299.8,trailing_stop,0.0,286.9714,0.0
ORI,BUY,0.7102,2021-04-06,2021-04-07,15.597,2021-04-19,16.2594,pre_earnings,4.25,14.9902,0.0
ALLE,BUY,0.658,2021-04-06,2021-04-07,122.8756,2021-04-19,124.3698,pre_earnings,1.22,117.6142,0.0
EXR,BUY,0.7566,2021-04-20,2021-04-21,121.9881,2021-04-23,122.7955,pre_earnings,0.66,117.7185,0.0
LH,BUY,0.6583,2021-02-23,2021-02-24,196.736,2021-04-26,217.1958,pre_earnings,10.4,184.9319,0.0
LOW,BUY,0.7544,2021-04-16,2021-04-19,187.716,2021-04-26,181.5667,sl_hit,-3.28,181.5667,0.0
J,BUY,0.6585,2021-04-12,2021-04-13,106.2822,2021-04-30,106.2822,trailing_stop,0.0,101.9706,0.0
CDW,BUY,0.7052,2021-04-14,2021-04-15,168.8244,2021-04-30,168.3995,pre_earnings,-0.25,161.4021,0.0
DOV,BUY,0.7187,2021-04-21,2021-04-22,140.5853,2021-04-30,140.5853,trailing_stop,0.0,136.2022,0.0
ALLE,BUY,0.6912,2021-04-22,2021-04-23,126.6629,2021-04-30,126.6629,trailing_stop,0.0,121.9117,0.0
HPE,BUY,0.6532,2021-04-23,2021-04-26,14.2541,2021-05-04,13.729,sl_hit,-3.68,13.729,0.0
FR,BUY,0.6799,2021-04-26,2021-04-27,43.3434,2021-05-04,43.3434,trailing_stop,0.0,42.0599,0.0
ACM,BUY,0.658,2021-04-07,2021-04-08,63.5199,2021-05-05,65.5683,pre_earnings,3.22,59.7363,0.0
AXS,STRONG_BUY,0.813,2021-05-04,2021-05-05,50.8611,2021-05-10,50.8611,trailing_stop,0.0,49.0412,0.0
ORI,BUY,0.7014,2021-04-26,2021-04-27,16.6213,2021-05-11,17.6232,trailing_stop,6.03,16.1618,0.0
BRO,BUY,0.7776,2021-05-05,2021-05-06,51.6219,2021-05-11,51.6219,trailing_stop,0.0,49.77,0.0
AYI,BUY,0.7927,2021-04-01,2021-04-05,170.7004,2021-05-12,181.6396,trailing_stop,6.41,160.4584,0.0
CSL,BUY,0.706,2021-04-22,2021-04-23,171.5531,2021-05-12,178.9991,trailing_stop,4.34,165.8784,0.0
ORLY,BUY,0.732,2021-04-30,2021-05-03,37.0067,2021-05-12,37.0067,trailing_stop,0.0,35.7035,0.0
EXR,BUY,0.6922,2021-04-30,2021-05-03,123.7609,2021-05-12,119.4223,sl_hit,-3.51,119.4223,0.0
GD,BUY,0.6919,2021-04-30,2021-05-03,172.4258,2021-05-12,172.4258,trailing_stop,0.0,167.2798,0.0
AMH,BUY,0.6986,2021-05-19,2021-05-20,33.2472,2021-05-21,33.2472,trailing_stop,0.0,31.9343,0.0
CHRD,BUY,0.7038,2021-05-21,2021-05-24,54.8083,2021-05-25,51.5198,sl_hit,-6.0,51.5198,0.0
WST,BUY,0.7649,2021-05-27,2021-05-28,341.8584,2021-06-03,327.4451,sl_hit,-4.22,328.416,0.0
F,STRONG_BUY,0.8202,2021-06-03,2021-06-04,12.2577,2021-06-08,11.5222,sl_hit,-6.0,11.5222,0.0
UPS,STRONG_BUY,0.8328,2021-05-04,2021-05-05,173.53,2021-06-09,164.4735,sl_hit,-5.22,164.4735,0.0
ALL,STRONG_BUY,0.8012,2021-05-11,2021-05-12,120.2222,2021-06-09,120.2222,trailing_stop,0.0,116.1054,0.0
ELV,BUY,0.7379,2021-04-21,2021-04-22,360.6122,2021-06-10,362.6574,trailing_stop,0.57,348.6252,0.0
BK,BUY,0.6517,2021-04-30,2021-05-03,43.9224,2021-06-10,43.9267,trailing_stop,0.01,42.1083,0.0
BRK-B,BUY,0.7356,2021-05-11,2021-05-12,285.46,2021-06-10,285.46,trailing_stop,0.0,276.7414,0.0
ADM,STRONG_BUY,0.8225,2021-05-10,2021-05-11,58.611,2021-06-11,58.611,trailing_stop,0.0,56.2138,0.0
CCI,BUY,0.72,2021-06-10,2021-06-11,160.0722,2021-06-11,155.8992,sl_hit,-2.61,155.8992,0.0
NUE,BUY,0.7573,2021-05-18,2021-05-19,93.0961,2021-06-14,97.041,trailing_stop,4.24,87.5104,0.0
COKE,STRONG_BUY,0.8133,2021-06-08,2021-06-09,42.9069,2021-06-14,40.3325,sl_hit,-6.0,40.3325,0.0
AVB,BUY,0.712,2021-06-10,2021-06-11,182.7991,2021-06-17,177.5388,sl_hit,-2.88,177.5388,0.0
ESI,BUY,0.7082,2021-06-11,2021-06-14,23.041,2021-06-17,22.088,sl_hit,-4.14,22.088,0.0
CHRD,BUY,0.7087,2021-06-14,2021-06-15,61.3851,2021-06-17,61.3851,trailing_stop,0.0,57.702,0.0
CPT,BUY,0.7993,2021-06-09,2021-06-10,113.1276,2021-06-18,113.1276,trailing_stop,0.0,109.7131,0.0
VRT,BUY,0.7963,2021-06-09,2021-06-10,26.1467,2021-06-18,26.1467,trailing_stop,0.0,25.1105,0.0
AFG,BUY,0.7011,2021-06-16,2021-06-17,83.8008,2021-06-18,79.6323,sl_hit,-4.97,79.6345,0.0
NVDA,BUY,0.7673,2021-06-17,2021-06-18,18.7421,2021-06-18,18.7421,trailing_stop,0.0,17.6616,0.0
CHRD,BUY,0.7246,2021-06-18,2021-06-21,61.872,2021-06-28,62.5586,trailing_stop,1.11,58.1597,0.0
PR,BUY,0.7101,2021-06-18,2021-06-21,5.7921,2021-06-28,6.0351,trailing_stop,4.2,5.4445,0.0
BX,BUY,0.7715,2021-06-16,2021-06-17,83.7861,2021-06-30,83.7861,trailing_stop,0.0,81.2916,0.0
EXR,BUY,0.7332,2021-06-16,2021-06-17,133.4366,2021-06-30,137.7696,trailing_stop,3.25,129.7202,0.0
FANG,BUY,0.6708,2021-07-01,2021-07-02,79.9942,2021-07-06,75.1945,sl_hit,-6.0,75.1945,0.0
QXO,BUY,0.774,2021-07-06,2021-07-07,84.5004,2021-07-07,79.4304,sl_hit,-6.0,79.4304,0.0
APO,BUY,0.7674,2021-07-01,2021-07-02,57.2929,2021-07-08,54.9579,sl_hit,-4.08,54.9579,0.0
FWONK,BUY,0.6803,2021-07-02,2021-07-06,48.7001,2021-07-12,46.33,sl_hit,-4.87,46.33,0.0
PM,BUY,0.6582,2021-04-20,2021-04-21,74.7919,2021-07-14,80.1774,timeout_60d,7.2,72.3197,0.0
TROW,BUY,0.7281,2021-07-12,2021-07-13,173.9621,2021-07-14,167.9943,sl_hit,-3.43,167.9943,0.0
FR,BUY,0.6551,2021-05-24,2021-05-25,45.2919,2021-07-16,48.1565,pre_earnings,6.32,43.6003,0.0
GMED,BUY,0.7553,2021-07-01,2021-07-02,78.97,2021-07-19,78.97,trailing_stop,0.0,75.8771,0.0
MRNA,BUY,0.767,2021-07-16,2021-07-19,284.54,2021-07-20,322.2494,trailing_stop,13.25,267.4676,0.0
WST,BUY,0.7796,2021-07-08,2021-07-09,369.934,2021-07-21,360.7791,sl_hit,-2.47,360.7791,0.0
INVH,BUY,0.6559,2021-05-19,2021-05-20,30.3123,2021-07-23,35.113,pre_earnings,15.84,29.2521,0.0
MCO,BUY,0.6863,2021-07-21,2021-07-22,364.9462,2021-07-23,367.7584,pre_earnings,0.77,354.5795,0.0
FTNT,BUY,0.681,2021-06-18,2021-06-21,47.152,2021-07-26,54.468,pre_earnings,15.52,45.2183,0.0
IDXX,BUY,0.677,2021-07-20,2021-07-21,667.84,2021-07-26,685.67,pre_earnings,2.67,644.2386,0.0
MRNA,STRONG_BUY,0.8651,2021-07-21,2021-07-22,319.0,2021-07-27,333.6331,trailing_stop,4.59,299.86,0.0
WAT,BUY,0.751,2021-06-17,2021-06-18,345.04,2021-07-29,391.02,pre_earnings,13.33,334.2057,0.0
PSA,BUY,0.7469,2021-06-18,2021-06-21,245.2092,2021-07-29,255.3814,pre_earnings,4.15,239.6923,0.0
AMH,BUY,0.7085,2021-05-24,2021-05-25,33.9679,2021-08-02,37.5153,pre_earnings,10.44,32.4923,0.0
ZTS,BUY,0.7601,2021-07-07,2021-07-08,186.9661,2021-08-02,193.2356,pre_earnings,3.35,181.7633,0.0
DPZ,BUY,0.7646,2021-07-23,2021-07-26,493.9937,2021-08-10,493.9937,trailing_stop,0.0,467.8049,0.0
RVTY,BUY,0.7138,2021-07-26,2021-07-27,171.4307,2021-08-11,177.3637,trailing_stop,3.46,164.1844,0.0
MRNA,STRONG_BUY,0.8526,2021-08-10,2021-08-11,443.57,2021-08-11,416.9558,sl_hit,-6.0,416.9558,0.0
A,BUY,0.729,2021-06-17,2021-06-18,141.6166,2021-08-12,153.278,pre_earnings,8.23,137.4227,0.0
ARES,BUY,0.7794,2021-07-29,2021-07-30,61.7593,2021-08-19,62.2073,trailing_stop,0.73,58.9944,0.0
PFE,STRONG_BUY,0.805,2021-08-02,2021-08-03,35.0639,2021-08-19,39.1101,trailing_stop,11.54,33.8857,0.0
ACI,STRONG_BUY,0.8439,2021-08-11,2021-08-12,19.3425,2021-08-19,19.3955,trailing_stop,0.27,18.1819,0.0
NUE,BUY,0.7971,2021-08-12,2021-08-13,116.0928,2021-08-19,109.0237,sl_hit,-6.09,109.1272,0.0
PAYX,BUY,0.6589,2021-07-16,2021-07-19,96.7496,2021-08-24,100.1987,trailing_stop,3.56,94.0301,0.0
SCI,STRONG_BUY,0.8628,2021-08-02,2021-08-03,58.3355,2021-08-24,58.3355,trailing_stop,0.0,56.0946,0.0
INTU,BUY,0.7775,2021-08-24,2021-08-25,560.8053,2021-08-25,544.6216,sl_hit,-2.89,544.6216,0.0
ADSK,BUY,0.7157,2021-08-25,2021-08-26,317.2,2021-08-26,317.2,trailing_stop,0.0,305.0286,0.0
WST,BUY,0.7624,2021-07-29,2021-07-30,401.9775,2021-09-10,454.6328,trailing_stop,13.1,386.803,0.0
ISRG,BUY,0.7478,2021-08-20,2021-08-23,350.5733,2021-09-10,350.5733,trailing_stop,0.0,336.8829,0.0
MRSH,BUY,0.6878,2021-07-26,2021-07-27,136.7333,2021-09-14,147.5948,trailing_stop,7.94,132.6212,0.0
GRMN,BUY,0.7003,2021-08-20,2021-08-23,154.542,2021-09-14,154.5801,trailing_stop,0.02,149.6156,0.0
OTIS,BUY,0.7773,2021-07-26,2021-07-27,82.7054,2021-09-16,82.7054,trailing_stop,0.0,79.9622,0.0
RMD,BUY,0.6702,2021-09-10,2021-09-13,285.2714,2021-09-16,275.6939,sl_hit,-3.36,275.6939,0.0
META,BUY,0.7102,2021-07-28,2021-07-29,358.4958,2021-09-17,362.5807,trailing_stop,1.14,341.5059,0.0
EPAM,STRONG_BUY,0.8039,2021-08-11,2021-08-12,598.0,2021-09-17,616.284,trailing_stop,3.06,572.7171,0.0
CDNS,BUY,0.683,2021-08-20,2021-08-23,155.64,2021-09-20,161.2118,trailing_stop,3.58,149.7214,0.0
KEYS,BUY,0.769,2021-08-24,2021-08-25,174.79,2021-09-20,174.79,trailing_stop,0.0,168.9398,0.0
INTU,BUY,0.7803,2021-08-26,2021-08-27,538.7737,2021-09-20,538.7737,trailing_stop,0.0,518.6627,0.0
BX,BUY,0.7591,2021-09-15,2021-09-16,115.1456,2021-09-20,110.0335,sl_hit,-4.44,110.0335,0.0
ACN,BUY,0.6578,2021-09-16,2021-09-17,319.4601,2021-09-20,312.1884,pre_earnings,-2.28,311.5387,0.0
DHR,BUY,0.7389,2021-08-19,2021-08-20,279.1587,2021-09-27,279.1587,trailing_stop,0.0,270.4795,0.0
DGX,BUY,0.652,2021-09-10,2021-09-13,142.0967,2021-09-27,137.5516,sl_hit,-3.2,137.5516,0.0
TEAM,BUY,0.6739,2021-09-14,2021-09-15,387.47,2021-09-27,399.8225,trailing_stop,3.19,371.144,0.0
RGEN,BUY,0.7107,2021-09-16,2021-09-17,304.83,2021-09-27,310.954,trailing_stop,2.01,292.0386,0.0
CMG,BUY,0.7269,2021-07-21,2021-07-22,34.953,2021-09-28,37.2125,trailing_stop,6.46,33.2347,0.0
ARES,BUY,0.7025,2021-09-17,2021-09-20,67.9213,2021-09-28,65.0105,sl_hit,-4.29,65.0105,0.0
COST,BUY,0.6663,2021-09-24,2021-09-27,442.5316,2021-09-28,428.3574,sl_hit,-3.2,428.3574,0.0
PWR,BUY,0.7278,2021-09-17,2021-09-20,114.3621,2021-09-30,114.3621,trailing_stop,0.0,107.8104,0.0
AR,BUY,0.7925,2021-10-04,2021-10-05,21.01,2021-10-05,19.7494,sl_hit,-6.0,19.7494,0.0
RRC,STRONG_BUY,0.8602,2021-10-04,2021-10-05,23.898,2021-10-06,22.4641,sl_hit,-6.0,22.4641,0.0
LNG,BUY,0.7528,2021-10-04,2021-10-05,99.3036,2021-10-06,93.459,sl_hit,-5.89,93.459,0.0
CTRA,BUY,0.7051,2021-10-04,2021-10-05,18.1648,2021-10-06,17.0749,sl_hit,-6.0,17.0749,0.0
NFLX,BUY,0.743,2021-10-05,2021-10-06,62.818,2021-10-14,63.38,pre_earnings,0.89,59.0489,0.0
FOXA,BUY,0.7119,2021-10-04,2021-10-05,39.5068,2021-10-15,39.5068,trailing_stop,0.0,37.39,0.0
VNOM,STRONG_BUY,0.8308,2021-10-01,2021-10-04,17.0851,2021-10-21,18.2249,trailing_stop,6.67,16.06,0.0
OVV,BUY,0.7544,2021-10-04,2021-10-05,31.9731,2021-10-21,34.5935,trailing_stop,8.2,30.0547,0.0
ZWS,BUY,0.78,2021-10-06,2021-10-07,32.6488,2021-10-21,34.3773,pre_earnings,5.29,30.7535,0.0
DT,BUY,0.6805,2021-09-27,2021-09-28,71.22,2021-10-22,78.76,pre_earnings,10.59,67.5453,0.0
DELL,BUY,0.6884,2021-10-20,2021-10-21,51.5809,2021-10-26,51.5809,trailing_stop,0.0,49.638,0.0
TSLA,STRONG_BUY,0.8092,2021-10-21,2021-10-22,298.5,2021-10-26,346.731,trailing_stop,16.16,284.6819,0.0
CF,STRONG_BUY,0.8173,2021-10-01,2021-10-04,55.7826,2021-10-27,52.4356,sl_hit,-6.0,52.4356,0.0
FANG,BUY,0.7733,2021-10-04,2021-10-05,86.4162,2021-10-27,88.5396,pre_earnings,2.46,81.2313,0.0
MOS,STRONG_BUY,0.812,2021-10-11,2021-10-12,37.6574,2021-10-27,37.286,pre_earnings,-0.99,35.3979,0.0
WAL,BUY,0.7888,2021-10-22,2021-10-25,111.8953,2021-10-27,105.1815,sl_hit,-6.0,105.1815,0.0
DVN,BUY,0.7614,2021-10-04,2021-10-05,31.6221,2021-10-28,32.5711,pre_earnings,3.0,29.7248,0.0
CHRD,BUY,0.7497,2021-10-26,2021-10-27,78.5185,2021-10-29,79.7216,pre_earnings,1.53,74.0924,0.0
TRGP,BUY,0.7476,2021-10-04,2021-10-05,48.0303,2021-11-01,50.8399,pre_earnings,5.85,45.1485,0.0
FWONK,BUY,0.6719,2021-10-07,2021-10-08,51.62,2021-11-01,55.2457,pre_earnings,7.02,49.4337,0.0
BG,BUY,0.6993,2021-10-27,2021-10-28,80.8094,2021-11-02,80.8094,trailing_stop,0.0,78.0249,0.0
KKR,STRONG_BUY,0.8903,2021-11-02,2021-11-03,78.2114,2021-11-04,78.2114,trailing_stop,0.0,73.9567,0.0
NFLX,BUY,0.7357,2021-10-21,2021-10-22,65.181,2021-11-05,65.6422,trailing_stop,0.71,61.5909,0.0
TMO,BUY,0.7446,2021-11-01,2021-11-02,630.5479,2021-11-05,607.0081,sl_hit,-3.73,607.0081,0.0
NVDA,STRONG_BUY,0.8675,2021-11-04,2021-11-05,30.1249,2021-11-05,30.1249,trailing_stop,0.0,28.3175,0.0
TSLA,STRONG_BUY,0.8675,2021-10-27,2021-10-28,356.1033,2021-11-08,393.7718,trailing_stop,10.58,334.7371,0.0
SAIA,STRONG_BUY,0.8606,2021-11-01,2021-11-02,329.64,2021-11-09,341.7625,trailing_stop,3.68,309.8616,0.0
NVDA,STRONG_BUY,0.8675,2021-11-08,2021-11-09,32.2156,2021-11-09,30.2827,sl_hit,-6.0,30.2827,0.0
F,BUY,0.656,2021-10-28,2021-10-29,12.6555,2021-11-10,14.6255,trailing_stop,15.57,11.8962,0.0
SMTC,STRONG_BUY,0.8104,2021-11-05,2021-11-08,90.97,2021-11-10,86.4086,sl_hit,-5.01,86.4086,0.0
TTEK,BUY,0.6745,2021-10-21,2021-10-22,32.0895,2021-11-12,34.9376,pre_earnings,8.88,30.5339,0.0
NVDA,STRONG_BUY,0.911,2021-11-10,2021-11-11,30.4054,2021-11-12,30.3275,pre_earnings,-0.26,28.5811,0.0
CFR,BUY,0.7092,2021-10-28,2021-10-29,116.3861,2021-11-19,116.8661,trailing_stop,0.41,112.0952,0.0
ZS,STRONG_BUY,0.8233,2021-11-09,2021-11-10,348.27,2021-11-22,357.3045,trailing_stop,2.59,331.6453,0.0
SNPS,BUY,0.6763,2021-11-12,2021-11-15,349.36,2021-11-22,349.36,trailing_stop,0.0,334.6057,0.0
CG,STRONG_BUY,0.8483,2021-11-05,2021-11-08,51.7495,2021-11-23,49.2438,sl_hit,-4.84,49.2438,0.0
AMD,STRONG_BUY,0.8215,2021-11-09,2021-11-10,143.93,2021-11-23,152.3261,trailing_stop,5.83,135.2942,0.0
TSCO,BUY,0.7703,2021-11-19,2021-11-22,43.2286,2021-11-23,41.7157,sl_hit,-3.5,41.7157,0.0
WTFC,BUY,0.6505,2021-10-19,2021-10-20,78.8015,2021-11-26,86.6372,trailing_stop,9.94,75.1064,0.0
HLI,STRONG_BUY,0.8021,2021-10-29,2021-11-01,105.5569,2021-11-26,105.5569,trailing_stop,0.0,100.6098,0.0
MLI,STRONG_BUY,0.8721,2021-11-12,2021-11-15,28.8165,2021-11-26,27.279,sl_hit,-5.34,27.279,0.0
COST,BUY,0.707,2021-10-26,2021-10-27,459.9268,2021-11-30,519.1249,trailing_stop,12.87,445.1362,0.0
SITE,STRONG_BUY,0.8498,2021-11-05,2021-11-08,245.87,2021-11-30,245.87,trailing_stop,0.0,231.3079,0.0
INTU,STRONG_BUY,0.8233,2021-11-22,2021-11-23,634.896,2021-11-30,644.2884,trailing_stop,1.48,596.8023,0.0
FWONK,BUY,0.7461,2021-11-10,2021-11-11,56.725,2021-12-01,57.2504,trailing_stop,0.93,54.2962,0.0
BLD,BUY,0.6841,2021-11-23,2021-11-24,278.24,2021-12-01,263.5117,sl_hit,-5.29,263.5117,0.0
PLD,BUY,0.6694,2021-11-29,2021-11-30,134.336,2021-12-01,134.336,trailing_stop,0.0,129.3998,0.0
SITM,BUY,0.7281,2021-11-29,2021-11-30,301.86,2021-12-03,283.7484,sl_hit,-6.0,283.7484,0.0
AAON,BUY,0.7081,2021-12-03,2021-12-06,52.3687,2021-12-06,52.3687,trailing_stop,0.0,50.2656,0.0
ON,BUY,0.6851,2021-12-03,2021-12-06,64.05,2021-12-06,60.207,sl_hit,-6.0,60.207,0.0
HPQ,BUY,0.7526,2021-12-01,2021-12-02,31.3528,2021-12-09,31.4522,trailing_stop,0.32,29.4717,0.0
ONTO,BUY,0.6731,2021-12-01,2021-12-02,92.67,2021-12-10,94.5555,trailing_stop,2.03,87.1098,0.0
AVGO,BUY,0.72,2021-12-09,2021-12-10,57.4332,2021-12-13,57.4332,trailing_stop,0.0,54.7391,0.0
LRCX,BUY,0.7583,2021-12-01,2021-12-02,65.1055,2021-12-14,65.206,trailing_stop,0.15,61.2086,0.0
PSTG,BUY,0.7185,2021-12-01,2021-12-02,30.44,2021-12-14,31.6974,trailing_stop,4.13,28.6136,0.0
FDS,BUY,0.7788,2021-10-29,2021-11-01,425.4777,2021-12-16,453.6577,pre_earnings,6.62,410.983,0.0
LOW,STRONG_BUY,0.807,2021-11-22,2021-11-23,231.3037,2021-12-17,231.3037,trailing_stop,0.0,221.4555,0.0
HD,BUY,0.7176,2021-12-03,2021-12-06,373.7502,2021-12-17,355.6251,sl_hit,-4.85,355.6251,0.0
MAS,BUY,0.6767,2021-12-03,2021-12-06,64.0376,2021-12-17,61.5012,sl_hit,-3.96,61.5012,0.0
SHW,BUY,0.7774,2021-12-03,2021-12-06,332.886,2021-12-20,319.0358,sl_hit,-4.16,319.0358,0.0
FAST,BUY,0.7226,2021-12-13,2021-12-14,28.708,2021-12-20,27.5372,sl_hit,-4.08,27.5372,0.0
SFM,BUY,0.6547,2021-12-17,2021-12-20,28.01,2021-12-21,28.01,trailing_stop,0.0,26.3571,0.0
ZTS,BUY,0.6876,2021-12-17,2021-12-20,223.983,2022-01-03,226.679,trailing_stop,1.2,215.3774,0.0
PLD,BUY,0.6581,2021-12-02,2021-12-03,136.6855,2022-01-04,143.1558,trailing_stop,4.73,130.6074,0.0
PFE,BUY,0.731,2021-12-16,2021-12-17,47.9924,2022-01-04,45.0214,sl_hit,-6.19,45.1128,0.0
FR,BUY,0.7553,2021-12-06,2021-12-07,56.1371,2022-01-05,56.7086,trailing_stop,1.02,54.0565,0.0
AVGO,STRONG_BUY,0.8192,2021-12-14,2021-12-15,56.6591,2022-01-05,59.6432,trailing_stop,5.27,53.2764,0.0
EGP,BUY,0.7184,2021-12-06,2021-12-07,187.554,2022-01-06,192.8218,trailing_stop,2.81,178.9326,0.0
REXR,BUY,0.7279,2021-12-15,2021-12-16,67.5062,2022-01-06,68.0462,trailing_stop,0.8,64.2713,0.0
SFM,BUY,0.7475,2021-12-29,2021-12-30,30.05,2022-01-06,28.3729,sl_hit,-5.58,28.3729,0.0
ONTO,BUY,0.6689,2022-01-04,2022-01-05,102.9,2022-01-06,96.726,sl_hit,-6.0,96.726,0.0
CIEN,BUY,0.7508,2021-12-10,2021-12-13,73.1,2022-01-07,74.366,trailing_stop,1.73,68.714,0.0
EXR,BUY,0.6958,2021-12-17,2021-12-20,179.6938,2022-01-07,184.391,trailing_stop,2.61,170.3721,0.0
MU,BUY,0.6927,2021-12-29,2021-12-30,92.2345,2022-01-10,92.2345,trailing_stop,0.0,86.7004,0.0
SFM,BUY,0.6787,2022-01-07,2022-01-10,30.16,2022-01-11,30.16,trailing_stop,0.0,28.3657,0.0
ED,BUY,0.6503,2022-01-07,2022-01-10,74.0701,2022-01-11,72.171,sl_hit,-2.56,72.171,0.0
MCK,BUY,0.6895,2022-01-10,2022-01-11,246.1482,2022-01-19,246.1482,trailing_stop,0.0,237.2023,0.0
CHD,BUY,0.6545,2022-01-10,2022-01-11,97.4709,2022-01-20,97.4709,trailing_stop,0.0,94.3609,0.0
ABBV,BUY,0.6508,2022-01-10,2022-01-11,116.2151,2022-01-20,116.2151,trailing_stop,0.0,112.9741,0.0
NI,BUY,0.6672,2022-01-10,2022-01-11,24.1171,2022-01-21,24.1171,trailing_stop,0.0,23.4804,0.0
CVS,BUY,0.7202,2022-01-11,2022-01-12,91.2204,2022-01-21,88.2489,sl_hit,-3.26,88.2489,0.0
COR,BUY,0.6873,2022-01-11,2022-01-12,130.2704,2022-01-24,124.7465,sl_hit,-4.24,125.3521,0.0
HSY,BUY,0.7213,2022-01-18,2022-01-19,179.2193,2022-01-25,179.2193,trailing_stop,0.0,173.9458,0.0
CVS,BUY,0.6919,2022-01-28,2022-01-31,94.0991,2022-02-04,94.3339,pre_earnings,0.25,90.0622,0.0
VRTX,BUY,0.6791,2022-02-01,2022-02-02,243.58,2022-02-04,243.58,trailing_stop,0.0,231.5929,0.0
NOV,BUY,0.6544,2022-02-03,2022-02-04,15.2094,2022-02-07,14.2969,sl_hit,-6.0,14.2969,0.0
XOM,STRONG_BUY,0.8044,2022-02-01,2022-02-02,68.9976,2022-02-09,68.9976,trailing_stop,0.0,64.9753,0.0
EXC,BUY,0.7128,2022-02-03,2022-02-04,36.9675,2022-02-09,36.9675,trailing_stop,0.0,35.0919,0.0
NI,BUY,0.7208,2022-01-28,2022-01-31,25.2117,2022-02-10,25.2117,trailing_stop,0.0,24.1617,0.0
TSN,BUY,0.6788,2022-02-07,2022-02-08,87.837,2022-02-14,83.084,sl_hit,-5.41,83.084,0.0
MCK,BUY,0.7238,2022-02-03,2022-02-04,258.0105,2022-02-23,263.0977,trailing_stop,1.97,243.8492,0.0
HSY,BUY,0.6787,2022-02-03,2022-02-04,183.278,2022-02-24,175.4126,sl_hit,-4.29,175.4126,0.0
COP,BUY,0.6658,2022-02-03,2022-02-04,78.8281,2022-02-24,74.0984,sl_hit,-6.0,74.0984,0.0
EG,BUY,0.6731,2022-02-16,2022-02-17,280.7774,2022-02-24,268.0306,sl_hit,-4.54,268.0306,0.0
ADM,BUY,0.7348,2022-03-23,2022-03-24,79.5681,2022-03-29,79.5681,trailing_stop,0.0,74.794,0.0
LNG,BUY,0.6501,2022-03-25,2022-03-28,139.9848,2022-03-29,129.4186,sl_hit,-7.55,131.5857,0.0
EXE,BUY,0.6592,2022-03-25,2022-03-28,72.3718,2022-03-31,72.3718,trailing_stop,0.0,68.0295,0.0
OVV,BUY,0.728,2022-03-28,2022-03-29,47.1902,2022-04-05,47.5503,trailing_stop,0.76,44.3588,0.0
ABBV,BUY,0.6833,2022-03-31,2022-04-01,140.1532,2022-04-12,146.2987,trailing_stop,4.38,135.5549,0.0
WRB,BUY,0.6759,2022-03-29,2022-03-30,40.6901,2022-04-20,43.2401,pre_earnings,6.27,39.0301,0.0
COR,BUY,0.6764,2022-02-08,2022-02-09,136.6381,2022-04-22,153.6899,trailing_stop,12.48,129.4703,0.0
MCK,BUY,0.7135,2022-03-18,2022-03-21,293.4318,2022-04-22,312.8304,trailing_stop,6.61,279.6345,0.0
CTVA,BUY,0.654,2022-03-18,2022-03-21,53.9388,2022-04-22,56.5767,trailing_stop,4.89,50.7025,0.0
TRGP,BUY,0.7037,2022-03-31,2022-04-01,69.6958,2022-04-22,70.9093,trailing_stop,1.74,65.6909,0.0
VRTX,BUY,0.7313,2022-04-01,2022-04-04,266.84,2022-04-22,279.8196,trailing_stop,4.86,256.4957,0.0
PAYX,BUY,0.7552,2022-04-05,2022-04-06,123.1739,2022-04-22,117.4194,sl_hit,-4.67,117.4194,0.0
SRE,BUY,0.6576,2022-03-22,2022-03-23,69.6064,2022-04-25,73.6567,trailing_stop,5.82,66.9573,0.0
IRM,BUY,0.7085,2022-03-31,2022-04-01,48.2306,2022-04-25,48.3521,pre_earnings,0.25,46.0139,0.0
OGE,BUY,0.6842,2022-03-31,2022-04-01,34.1373,2022-04-25,35.0581,trailing_stop,2.7,33.1363,0.0
NFG,BUY,0.7048,2022-04-01,2022-04-04,62.9434,2022-04-26,62.9434,trailing_stop,0.0,60.0201,0.0
HALO,BUY,0.7988,2022-12-02,2022-12-05,59.17,2022-12-05,55.8557,sl_hit,-5.6,55.8557,0.0
FSLR,BUY,0.6941,2022-11-30,2022-12-01,172.56,2022-12-06,162.2064,sl_hit,-6.0,162.2064,0.0
ULTA,BUY,0.6558,2022-12-01,2022-12-02,467.05,2022-12-06,467.05,trailing_stop,0.0,445.69,0.0
INCY,BUY,0.6736,2022-12-02,2022-12-05,82.77,2022-12-06,82.77,trailing_stop,0.0,79.5843,0.0
FHN,BUY,0.7161,2022-11-30,2022-12-01,21.9516,2022-12-13,21.6701,sl_hit,-1.28,21.6701,0.0
STLD,BUY,0.7138,2022-12-02,2022-12-05,102.7463,2022-12-15,96.5815,sl_hit,-6.0,96.5815,0.0
FLEX,BUY,0.7021,2022-12-13,2022-12-14,17.5057,2022-12-16,16.5486,sl_hit,-5.47,16.5895,0.0
BMRN,BUY,0.7435,2022-12-02,2022-12-05,105.0,2022-12-21,105.0,trailing_stop,0.0,98.7,0.0
MRK,BUY,0.7713,2022-11-30,2022-12-01,99.5014,2023-01-18,100.1291,trailing_stop,0.63,95.6677,0.0
KHC,BUY,0.7152,2023-01-11,2023-01-12,36.6858,2023-01-18,35.6143,sl_hit,-2.92,35.6143,0.0
ROIV,BUY,0.7141,2023-01-11,2023-01-12,9.46,2023-01-19,8.8924,sl_hit,-6.0,8.8924,0.0
LVS,BUY,0.6879,2023-01-17,2023-01-18,51.8724,2023-01-20,51.8344,pre_earnings,-0.07,48.7601,0.0
AU,BUY,0.7033,2023-01-13,2023-01-17,20.7467,2023-01-27,19.5019,sl_hit,-6.0,19.5019,0.0
ARMK,BUY,0.7563,2023-01-17,2023-01-18,31.6299,2023-01-30,30.4459,sl_hit,-3.74,30.4459,0.0
EHC,BUY,0.6605,2023-01-23,2023-01-24,60.336,2023-02-02,60.1015,pre_earnings,-0.39,57.903,0.0
LVS,BUY,0.7293,2023-01-26,2023-01-27,55.8619,2023-02-02,55.8619,trailing_stop,0.0,53.1195,0.0
FTI,BUY,0.6878,2023-01-27,2023-01-30,13.3679,2023-02-02,13.3679,trailing_stop,0.0,12.5658,0.0
PHM,BUY,0.6558,2023-02-01,2023-02-02,57.73,2023-02-03,57.73,trailing_stop,0.0,54.6052,0.0
BMRN,BUY,0.6565,2023-01-25,2023-01-26,116.0,2023-02-07,110.6214,sl_hit,-4.64,110.6214,0.0
NXST,BUY,0.7155,2023-02-02,2023-02-03,186.7258,2023-02-07,177.0827,sl_hit,-5.16,177.0827,0.0
STRL,BUY,0.6518,2023-01-31,2023-02-01,36.28,2023-02-09,36.28,trailing_stop,0.0,34.1032,0.0
ATI,BUY,0.7431,2023-02-02,2023-02-03,39.02,2023-02-09,39.02,trailing_stop,0.0,36.6788,0.0
TMHC,BUY,0.6572,2023-02-01,2023-02-02,36.76,2023-02-10,35.85,pre_earnings,-2.48,34.5544,0.0
ODFL,BUY,0.6505,2023-02-01,2023-02-02,183.5289,2023-02-10,172.4016,sl_hit,-6.06,172.5172,0.0
TDG,BUY,0.6529,2023-02-07,2023-02-08,637.8318,2023-02-10,637.8318,trailing_stop,0.0,610.8353,0.0
CRDO,BUY,0.7021,2023-02-01,2023-02-02,18.17,2023-02-15,10.67,sl_hit,-41.28,17.0798,0.0
LECO,BUY,0.7685,2023-02-03,2023-02-06,165.6596,2023-02-16,167.1743,pre_earnings,0.91,159.5021,0.0
WFRD,BUY,0.7227,2023-02-09,2023-02-10,63.3903,2023-02-17,63.6246,trailing_stop,0.37,59.5869,0.0
HXL,BUY,0.7761,2023-02-02,2023-02-03,68.036,2023-02-21,69.2574,trailing_stop,1.8,63.9539,0.0
APG,BUY,0.6556,2023-02-01,2023-02-02,14.9267,2023-02-23,15.6533,pre_earnings,4.87,14.0311,0.0
URI,BUY,0.7334,2023-02-01,2023-02-02,445.2833,2023-03-09,445.2833,trailing_stop,0.0,419.5956,0.0
WYNN,BUY,0.6632,2023-02-09,2023-02-10,104.7998,2023-03-09,107.5841,trailing_stop,2.66,98.5118,0.0
TEX,BUY,0.671,2023-02-10,2023-02-13,52.7145,2023-03-09,55.5974,trailing_stop,5.47,49.7385,0.0
ACGL,BUY,0.6702,2023-02-14,2023-02-15,62.997,2023-03-09,65.5913,trailing_stop,4.12,60.4853,0.0
R,BUY,0.6779,2023-02-15,2023-02-16,92.4115,2023-03-09,87.8525,sl_hit,-4.93,87.8525,0.0
ATI,BUY,0.7217,2023-02-17,2023-02-21,40.94,2023-03-09,41.0989,trailing_stop,0.39,38.4836,0.0
FTI,BUY,0.7262,2023-02-24,2023-02-27,14.8107,2023-03-09,14.8107,trailing_stop,0.0,13.9221,0.0
TKR,BUY,0.6598,2023-02-07,2023-02-08,80.7473,2023-03-10,80.9609,trailing_stop,0.26,75.9025,0.0
TDG,BUY,0.6749,2023-02-13,2023-02-14,630.096,2023-03-10,630.096,trailing_stop,0.0,601.523,0.0
RS,BUY,0.7292,2023-02-16,2023-02-17,232.8385,2023-03-10,239.7279,trailing_stop,2.96,220.9189,0.0
ALSN,BUY,0.7184,2023-02-21,2023-02-22,46.9336,2023-03-10,44.7553,sl_hit,-4.64,44.7553,0.0
GE,BUY,0.7919,2023-03-09,2023-03-10,72.2994,2023-03-10,72.2994,trailing_stop,0.0,68.7084,0.0
AIT,BUY,0.7497,2023-02-02,2023-02-03,141.7671,2023-03-13,133.1367,sl_hit,-6.09,133.261,0.0
SMCI,BUY,0.6722,2023-03-22,2023-03-23,11.4,2023-03-24,10.716,sl_hit,-6.0,10.716,0.0
ONON,BUY,0.7095,2023-04-04,2023-04-05,31.0,2023-04-05,29.14,sl_hit,-6.0,29.14,0.0
MASI,BUY,0.6619,2023-04-12,2023-04-13,191.83,2023-04-14,191.83,trailing_stop,0.0,184.9671,0.0
CDNS,BUY,0.7005,2023-03-16,2023-03-17,206.78,2023-04-19,213.67,pre_earnings,3.33,197.4514,0.0
GE,BUY,0.7367,2023-03-14,2023-03-15,70.01,2023-04-20,78.483,pre_earnings,12.1,65.8295,0.0
PHM,BUY,0.7217,2023-04-18,2023-04-19,60.8921,2023-04-20,61.5091,pre_earnings,1.01,58.5013,0.0
BLDR,BUY,0.6947,2023-04-12,2023-04-13,93.55,2023-04-25,93.55,trailing_stop,0.0,88.4129,0.0
WING,BUY,0.7132,2023-04-26,2023-04-27,198.8338,2023-04-28,198.0618,pre_earnings,-0.39,187.7091,0.0
HCA,BUY,0.7731,2023-04-25,2023-04-26,276.0662,2023-05-02,276.0662,trailing_stop,0.0,264.103,0.0
LVS,BUY,0.7241,2023-04-21,2023-04-24,59.8893,2023-05-03,59.8893,trailing_stop,0.0,56.3762,0.0
WING,STRONG_BUY,0.8595,2023-05-03,2023-05-04,216.8673,2023-05-04,203.8552,sl_hit,-6.0,203.8552,0.0
AU,BUY,0.6872,2023-04-13,2023-04-14,25.246,2023-05-05,26.6613,trailing_stop,5.61,23.7313,0.0
MNST,STRONG_BUY,0.8073,2023-05-04,2023-05-05,59.25,2023-05-08,59.25,trailing_stop,0.0,57.3886,0.0
TKO,BUY,0.7476,2023-04-04,2023-04-05,92.4752,2023-05-11,99.494,trailing_stop,7.59,86.9267,0.0
CPRT,BUY,0.7555,2023-04-21,2023-04-24,39.095,2023-05-12,40.905,pre_earnings,4.63,38.0943,0.0
BIIB,BUY,0.7899,2023-05-05,2023-05-08,317.48,2023-05-17,302.9943,sl_hit,-4.56,302.9943,0.0
TOL,BUY,0.6527,2023-05-11,2023-05-12,63.6891,2023-05-18,65.926,pre_earnings,3.51,61.046,0.0
LEN,BUY,0.655,2023-04-20,2023-04-21,103.6308,2023-05-22,103.6308,trailing_stop,0.0,99.2299,0.0
MCD,BUY,0.679,2023-04-25,2023-04-26,272.103,2023-05-22,273.0018,trailing_stop,0.33,267.1471,0.0
KMB,BUY,0.6765,2023-04-25,2023-04-26,129.244,2023-05-22,129.244,trailing_stop,0.0,125.9078,0.0
TMHC,STRONG_BUY,0.806,2023-04-28,2023-05-01,43.0,2023-05-22,43.2345,trailing_stop,0.55,40.8671,0.0
PHM,STRONG_BUY,0.808,2023-04-25,2023-04-26,63.3697,2023-05-23,65.625,trailing_stop,3.56,60.7089,0.0
MNST,STRONG_BUY,0.8164,2023-05-09,2023-05-10,58.72,2023-05-23,58.72,trailing_stop,0.0,56.3586,0.0
CPRT,BUY,0.734,2023-05-17,2023-05-18,41.245,2023-05-23,43.8029,trailing_stop,6.2,40.1529,0.0
ORCL,BUY,0.7518,2023-05-18,2023-05-19,99.1805,2023-05-23,96.46,sl_hit,-2.74,96.46,0.0
DKNG,BUY,0.6774,2023-05-22,2023-05-23,25.05,2023-05-24,23.547,sl_hit,-6.0,23.547,0.0
INGR,BUY,0.666,2023-05-15,2023-05-16,101.8989,2023-05-25,101.8989,trailing_stop,0.0,98.2634,0.0
CRDO,BUY,0.6767,2023-06-01,2023-06-02,16.72,2023-06-05,15.7168,sl_hit,-6.0,15.7168,0.0
AVGO,BUY,0.7922,2023-06-01,2023-06-02,76.1382,2023-06-06,76.1382,trailing_stop,0.0,71.5699,0.0
CMG,BUY,0.6942,2023-04-26,2023-04-27,40.518,2023-06-07,40.6577,trailing_stop,0.34,38.6691,0.0
ORCL,BUY,0.7222,2023-05-25,2023-05-26,101.079,2023-06-07,101.9508,pre_earnings,0.86,97.3539,0.0
MSFT,BUY,0.7073,2023-05-26,2023-05-30,328.1906,2023-06-07,317.529,sl_hit,-3.25,317.529,0.0
QSR,BUY,0.7069,2023-06-01,2023-06-02,68.7612,2023-06-08,66.308,sl_hit,-3.57,66.3163,0.0
SMCI,STRONG_BUY,0.8261,2023-06-07,2023-06-08,24.063,2023-06-13,24.4516,trailing_stop,1.61,22.6192,0.0
CFLT,BUY,0.7957,2023-06-07,2023-06-08,33.11,2023-06-14,34.6541,trailing_stop,4.66,31.1234,0.0
SOFI,BUY,0.7457,2023-06-14,2023-06-15,9.18,2023-06-16,8.6292,sl_hit,-6.0,8.6292,0.0
PSTG,BUY,0.7062,2023-06-01,2023-06-02,32.8,2023-06-21,36.365,trailing_stop,10.87,30.832,0.0
CEG,BUY,0.6837,2023-06-01,2023-06-02,87.1227,2023-06-21,88.9932,trailing_stop,2.15,83.1752,0.0
NFLX,BUY,0.778,2023-06-09,2023-06-12,41.883,2023-06-21,42.6218,trailing_stop,1.76,39.37,0.0
ORCL,STRONG_BUY,0.8586,2023-06-13,2023-06-14,112.8482,2023-06-22,117.365,trailing_stop,4.0,106.6114,0.0
CSGP,BUY,0.7993,2023-06-21,2023-06-22,87.35,2023-07-03,87.742,trailing_stop,0.45,83.5171,0.0
PEN,BUY,0.6777,2023-06-21,2023-06-22,335.55,2023-07-06,335.55,trailing_stop,0.0,319.486,0.0
PHM,BUY,0.7887,2023-06-23,2023-06-26,74.9504,2023-07-06,74.9504,trailing_stop,0.0,71.9599,0.0
MANH,BUY,0.6721,2023-04-26,2023-04-27,165.68,2023-07-07,192.4371,trailing_stop,16.15,157.0371,0.0
PANW,BUY,0.7333,2023-06-05,2023-06-06,112.675,2023-07-12,122.968,trailing_stop,9.14,105.9145,0.0
RCL,BUY,0.7036,2023-06-06,2023-06-07,89.3303,2023-07-12,98.2235,trailing_stop,9.96,84.5626,0.0
HWM,BUY,0.692,2023-07-10,2023-07-11,49.8423,2023-07-12,49.8423,trailing_stop,0.0,48.2383,0.0
ARW,BUY,0.666,2023-07-07,2023-07-10,143.13,2023-07-14,143.13,trailing_stop,0.0,137.5743,0.0
FTI,BUY,0.6609,2023-07-07,2023-07-10,16.7737,2023-07-14,17.0073,trailing_stop,1.39,15.7673,0.0
HUBB,STRONG_BUY,0.8116,2023-05-02,2023-05-03,269.228,2023-07-20,326.7812,pre_earnings,21.38,254.11,0.0
TOL,BUY,0.6971,2023-05-25,2023-05-26,66.8051,2023-07-20,78.3762,trailing_stop,17.32,63.1797,0.0
PCAR,BUY,0.7662,2023-07-12,2023-07-13,77.2833,2023-07-20,79.7894,pre_earnings,3.24,74.2833,0.0
FLEX,BUY,0.6622,2023-06-21,2023-06-22,20.3014,2023-07-21,21.4017,pre_earnings,5.42,19.4876,0.0
PH,BUY,0.7178,2023-07-12,2023-07-13,386.8058,2023-07-21,386.8058,trailing_stop,0.0,372.0055,0.0
CPRT,BUY,0.7048,2023-05-31,2023-06-01,43.96,2023-07-24,45.0157,trailing_stop,2.4,42.2043,0.0
STRL,BUY,0.7605,2023-06-07,2023-06-08,53.11,2023-07-24,57.551,trailing_stop,8.36,49.9234,0.0
CARR,BUY,0.7598,2023-07-12,2023-07-13,51.5082,2023-07-24,52.0303,pre_earnings,1.01,49.6047,0.0
PNR,BUY,0.7337,2023-07-14,2023-07-17,63.6546,2023-07-24,64.4598,pre_earnings,1.27,60.7624,0.0
GKOS,BUY,0.693,2023-07-14,2023-07-17,78.42,2023-07-24,74.1313,sl_hit,-5.47,74.1313,0.0
SAIA,BUY,0.745,2023-07-20,2023-07-21,409.74,2023-07-24,396.58,pre_earnings,-3.21,386.7786,0.0
UAL,BUY,0.7256,2023-07-21,2023-07-24,57.07,2023-07-25,53.7457,sl_hit,-5.82,53.7457,0.0
ETN,BUY,0.6582,2023-07-21,2023-07-24,202.1168,2023-07-26,195.5708,sl_hit,-3.24,195.5708,0.0
JBL,STRONG_BUY,0.8021,2023-06-16,2023-06-20,104.3562,2023-07-27,108.8265,trailing_stop,4.28,99.206,0.0
MCO,BUY,0.718,2023-07-25,2023-07-26,353.7602,2023-07-27,343.0772,sl_hit,-3.02,343.0772,0.0
FBIN,BUY,0.7034,2023-07-27,2023-07-28,73.0411,2023-07-28,69.8366,sl_hit,-4.39,69.8366,0.0
VMC,BUY,0.6687,2023-07-05,2023-07-06,212.4895,2023-07-31,216.4653,pre_earnings,1.87,205.7508,0.0
XPO,BUY,0.755,2023-07-26,2023-07-27,71.67,2023-07-31,69.24,pre_earnings,-3.39,67.3698,0.0
RCL,BUY,0.7499,2023-07-27,2023-07-28,109.0832,2023-08-02,102.8021,sl_hit,-5.76,102.8021,0.0
IONQ,BUY,0.7829,2023-08-01,2023-08-02,19.13,2023-08-02,17.9822,sl_hit,-6.0,17.9822,0.0
CARR,BUY,0.75,2023-07-27,2023-07-28,55.4822,2023-08-04,55.4822,trailing_stop,0.0,52.9489,0.0
WAB,BUY,0.7276,2023-07-27,2023-07-28,116.9089,2023-08-04,112.8582,sl_hit,-3.46,112.8582,0.0
BAH,BUY,0.7822,2023-08-01,2023-08-02,116.8999,2023-08-04,116.8999,trailing_stop,0.0,113.0019,0.0
PNR,BUY,0.7615,2023-07-27,2023-07-28,68.0593,2023-08-11,68.0593,trailing_stop,0.0,65.2673,0.0
BLDR,BUY,0.7362,2023-08-02,2023-08-03,148.15,2023-08-11,148.15,trailing_stop,0.0,139.3857,0.0
MPC,STRONG_BUY,0.8135,2023-08-07,2023-08-08,130.7936,2023-08-16,134.2976,trailing_stop,2.68,124.8535,0.0
PHM,BUY,0.6886,2023-07-25,2023-07-26,82.7428,2023-08-17,78.4007,sl_hit,-5.25,78.4007,0.0
OC,BUY,0.684,2023-07-26,2023-07-27,136.012,2023-08-17,129.5212,sl_hit,-4.77,129.5212,0.0
LII,BUY,0.7726,2023-07-27,2023-07-28,352.4867,2023-08-17,354.9681,trailing_stop,0.7,338.1597,0.0
SAIA,STRONG_BUY,0.8002,2023-07-28,2023-07-31,432.75,2023-08-17,406.785,sl_hit,-6.0,406.785,0.0
FTV,BUY,0.7014,2023-07-31,2023-08-01,57.9909,2023-08-17,57.9909,trailing_stop,0.0,56.2908,0.0
EME,STRONG_BUY,0.8003,2023-08-01,2023-08-02,212.2837,2023-08-17,212.2837,trailing_stop,0.0,203.8913,0.0
CAT,BUY,0.7431,2023-08-02,2023-08-03,274.7857,2023-08-18,262.4522,sl_hit,-4.49,262.4522,0.0
BKNG,BUY,0.7794,2023-08-07,2023-08-08,3141.1917,2023-08-21,2971.303,sl_hit,-5.41,2971.303,0.0
ORI,BUY,0.6656,2023-08-04,2023-08-07,23.1379,2023-08-22,22.2267,sl_hit,-3.94,22.2267,0.0
CRS,BUY,0.6947,2023-08-30,2023-08-31,61.7679,2023-09-05,61.7679,trailing_stop,0.0,58.5167,0.0
WFRD,BUY,0.717,2023-09-01,2023-09-05,93.0525,2023-09-05,88.2535,sl_hit,-5.16,88.2535,0.0
ONTO,BUY,0.7226,2023-08-31,2023-09-01,139.36,2023-09-07,130.9984,sl_hit,-6.0,130.9984,0.0
IOT,BUY,0.7058,2023-09-01,2023-09-05,30.96,2023-09-07,30.96,trailing_stop,0.0,29.1024,0.0
APP,BUY,0.6726,2023-08-11,2023-08-14,38.4,2023-09-13,40.9216,trailing_stop,6.57,36.096,0.0
LII,BUY,0.6731,2023-09-01,2023-09-05,372.8391,2023-09-13,372.8391,trailing_stop,0.0,356.2244,0.0
NVT,BUY,0.653,2023-09-01,2023-09-05,55.2568,2023-09-13,55.2568,trailing_stop,0.0,52.9799,0.0
CWAN,BUY,0.7104,2023-09-05,2023-09-06,18.73,2023-09-13,18.7625,trailing_stop,0.17,18.0471,0.0
CDW,BUY,0.7446,2023-09-07,2023-09-08,207.3826,2023-09-13,201.4792,sl_hit,-2.85,201.4792,0.0
INTU,BUY,0.6975,2023-08-30,2023-08-31,531.932,2023-09-15,531.932,trailing_stop,0.0,508.2401,0.0
PR,BUY,0.7841,2023-09-05,2023-09-06,13.1393,2023-09-15,12.3509,sl_hit,-6.0,12.3509,0.0
UEC,BUY,0.6909,2023-09-14,2023-09-15,5.45,2023-09-18,5.123,sl_hit,-6.0,5.123,0.0
FTI,BUY,0.686,2023-09-05,2023-09-06,19.6837,2023-09-19,20.2609,trailing_stop,2.93,18.5203,0.0
KEX,BUY,0.6924,2023-09-13,2023-09-14,86.89,2023-09-19,83.42,sl_hit,-3.99,83.42,0.0
MEDP,BUY,0.7555,2023-09-15,2023-09-18,278.37,2023-09-19,267.5329,sl_hit,-3.89,267.5329,0.0
VST,BUY,0.7726,2023-09-05,2023-09-06,31.3709,2023-09-20,31.6927,trailing_stop,1.03,30.1977,0.0
WFRD,STRONG_BUY,0.8177,2023-09-07,2023-09-08,91.0633,2023-09-20,91.679,trailing_stop,0.68,85.8739,0.0
BRK-B,BUY,0.7276,2023-09-14,2023-09-15,368.52,2023-09-20,368.52,trailing_stop,0.0,360.68,0.0
HLI,BUY,0.6832,2023-09-14,2023-09-15,106.3719,2023-09-21,102.9581,sl_hit,-3.21,102.9581,0.0
VRSK,BUY,0.6597,2023-09-15,2023-09-18,241.5363,2023-09-21,241.5363,trailing_stop,0.0,235.4892,0.0
FNF,BUY,0.7155,2023-09-05,2023-09-06,36.9829,2023-09-22,36.9829,trailing_stop,0.0,35.6483,0.0
UEC,BUY,0.7642,2023-09-19,2023-09-20,5.05,2023-09-25,5.4,pre_earnings,6.93,4.747,0.0
AKAM,BUY,0.6899,2023-09-19,2023-09-20,107.09,2023-09-26,107.09,trailing_stop,0.0,104.2371,0.0
IBM,BUY,0.7473,2023-09-20,2023-09-21,137.8219,2023-09-26,134.5039,sl_hit,-2.41,134.5039,0.0
AJG,BUY,0.6816,2023-09-19,2023-09-20,231.1455,2023-09-27,225.3409,sl_hit,-2.51,225.3409,0.0
APO,BUY,0.651,2023-08-31,2023-09-01,84.4252,2023-10-03,85.235,trailing_stop,0.96,81.2067,0.0
CRS,STRONG_BUY,0.8456,2023-09-13,2023-09-14,68.1444,2023-10-03,64.0557,sl_hit,-6.0,64.0557,0.0
CWAN,BUY,0.667,2023-09-19,2023-09-20,19.32,2023-10-03,19.32,trailing_stop,0.0,18.4343,0.0
OWL,BUY,0.6913,2023-10-06,2023-10-09,11.9549,2023-10-13,11.9549,trailing_stop,0.0,11.3357,0.0
FN,BUY,0.6642,2023-10-06,2023-10-09,173.89,2023-10-13,174.553,trailing_stop,0.38,163.9986,0.0
MOD,BUY,0.685,2023-10-12,2023-10-13,49.62,2023-10-13,46.6428,sl_hit,-6.0,46.6428,0.0
CME,BUY,0.7666,2023-10-10,2023-10-11,197.203,2023-10-17,197.203,trailing_stop,0.0,191.1815,0.0
JBL,BUY,0.6649,2023-09-29,2023-10-02,125.7519,2023-10-19,133.6011,trailing_stop,6.24,118.8372,0.0
AGX,BUY,0.6735,2023-10-06,2023-10-09,45.685,2023-10-19,43.4461,sl_hit,-4.9,43.4461,0.0
FERG,BUY,0.6728,2023-10-13,2023-10-16,160.3017,2023-10-19,152.2956,sl_hit,-4.99,152.2956,0.0
SNPS,BUY,0.6795,2023-10-10,2023-10-11,490.28,2023-10-23,464.7614,sl_hit,-5.2,464.7614,0.0
MUSA,BUY,0.6508,2023-10-17,2023-10-18,365.2888,2023-10-23,352.4241,sl_hit,-3.52,352.4241,0.0
MCK,BUY,0.6889,2023-10-12,2023-10-13,456.293,2023-10-27,443.4555,pre_earnings,-2.81,442.6438,0.0
CBOE,BUY,0.6706,2023-10-04,2023-10-05,157.4837,2023-10-30,160.138,pre_earnings,1.69,152.2409,0.0
RNR,BUY,0.7018,2023-11-01,2023-11-02,216.4879,2023-11-03,205.2349,sl_hit,-5.2,205.2349,0.0
ACGL,BUY,0.6978,2023-11-01,2023-11-02,85.2766,2023-11-03,80.859,sl_hit,-5.18,80.859,0.0
WFRD,BUY,0.6833,2023-11-06,2023-11-07,95.9387,2023-11-07,90.1824,sl_hit,-6.0,90.1824,0.0
AM,BUY,0.6633,2023-11-01,2023-11-02,11.1068,2023-11-08,11.1068,trailing_stop,0.0,10.6876,0.0
MSTR,BUY,0.7517,2023-11-02,2023-11-03,44.498,2023-11-09,49.5576,trailing_stop,11.37,41.8281,0.0
NRG,BUY,0.6735,2023-11-02,2023-11-03,43.632,2023-11-09,43.632,trailing_stop,0.0,41.3604,0.0
CTAS,BUY,0.7465,2023-11-15,2023-11-16,134.8546,2023-11-17,134.8546,trailing_stop,0.0,131.1299,0.0
SNPS,BUY,0.7207,2023-11-10,2023-11-13,516.23,2023-11-24,542.69,pre_earnings,5.13,495.3357,0.0
FTAI,BUY,0.7031,2023-11-02,2023-11-03,38.939,2023-11-29,39.9088,trailing_stop,2.49,36.6027,0.0
SNPS,BUY,0.7254,2023-11-29,2023-11-30,558.47,2023-11-30,537.3614,sl_hit,-3.78,537.3614,0.0
NTNX,BUY,0.7222,2023-11-29,2023-11-30,44.5,2023-11-30,42.3927,sl_hit,-4.74,42.3927,0.0
CDNS,BUY,0.725,2023-11-15,2023-11-16,265.79,2023-12-04,265.79,trailing_stop,0.0,254.0186,0.0
FIX,BUY,0.7077,2023-11-15,2023-11-16,198.617,2023-12-04,186.6999,sl_hit,-6.0,186.6999,0.0
INTC,BUY,0.6672,2023-11-16,2023-11-17,42.3429,2023-12-04,42.5038,trailing_stop,0.38,40.184,0.0
MSFT,BUY,0.6872,2023-11-17,2023-11-20,364.9335,2023-12-04,364.9335,trailing_stop,0.0,353.2245,0.0
COIN,STRONG_BUY,0.8407,2023-12-04,2023-12-05,140.0,2023-12-06,140.0,trailing_stop,0.0,131.6,0.0
MSTR,STRONG_BUY,0.8158,2023-11-14,2023-11-15,48.634,2023-12-11,55.8712,trailing_stop,14.88,45.716,0.0
CBOE,BUY,0.6972,2023-11-03,2023-11-06,167.5425,2023-12-14,172.9934,trailing_stop,3.25,161.5288,0.0
AIZ,BUY,0.743,2023-11-07,2023-11-08,154.8416,2023-12-14,158.6557,trailing_stop,2.46,146.5682,0.0
L,BUY,0.76,2023-11-30,2023-12-01,69.6667,2023-12-15,67.6884,sl_hit,-2.84,68.0338,0.0
SPOT,BUY,0.7716,2023-12-04,2023-12-05,192.9,2023-12-15,192.9,trailing_stop,0.0,182.6873,0.0
GAP,BUY,0.6716,2023-11-17,2023-11-20,16.8216,2023-12-20,19.6134,trailing_stop,16.6,15.8123,0.0
ROP,BUY,0.7296,2023-11-30,2023-12-01,530.9064,2023-12-20,530.9064,trailing_stop,0.0,517.2411,0.0
AFRM,BUY,0.7987,2023-12-06,2023-12-07,37.78,2023-12-20,48.2408,trailing_stop,27.69,35.5132,0.0
RSG,BUY,0.657,2023-11-15,2023-11-16,153.6781,2023-12-21,157.8967,trailing_stop,2.75,149.5709,0.0
UBER,BUY,0.7838,2023-12-04,2023-12-05,58.01,2024-01-02,60.3535,trailing_stop,4.04,55.2977,0.0
APG,STRONG_BUY,0.8041,2023-12-14,2023-12-15,22.26,2024-01-02,22.26,trailing_stop,0.0,21.3467,0.0
PTC,BUY,0.7989,2023-12-14,2023-12-15,170.4,2024-01-02,170.4,trailing_stop,0.0,164.8928,0.0
CTAS,BUY,0.7017,2023-12-21,2023-12-22,145.3293,2024-01-02,145.3293,trailing_stop,0.0,140.1186,0.0
INTC,BUY,0.6827,2023-12-26,2023-12-27,49.9609,2024-01-02,47.0062,sl_hit,-5.91,47.0062,0.0
COIN,BUY,0.7982,2023-12-29,2024-01-02,173.02,2024-01-02,162.6388,sl_hit,-6.0,162.6388,0.0
CRM,STRONG_BUY,0.8125,2023-12-04,2023-12-05,246.989,2024-01-03,251.8815,trailing_stop,1.98,234.7718,0.0
LULU,BUY,0.7966,2023-12-11,2023-12-12,503.0,2024-01-03,503.0,trailing_stop,0.0,477.3414,0.0
PCAR,STRONG_BUY,0.812,2023-12-15,2023-12-18,89.8378,2024-01-03,89.8378,trailing_stop,0.0,87.0443,0.0
COKE,STRONG_BUY,0.8538,2023-12-15,2023-12-18,82.9329,2024-01-05,88.5342,trailing_stop,6.75,78.8206,0.0
MSTR,BUY,0.7408,2024-01-02,2024-01-03,64.322,2024-01-08,60.4627,sl_hit,-6.0,60.4627,0.0
NRG,BUY,0.6862,2024-01-02,2024-01-03,49.3503,2024-01-10,49.3503,trailing_stop,0.0,47.6698,0.0
CYTK,BUY,0.7324,2024-01-04,2024-01-05,87.24,2024-01-11,82.0056,sl_hit,-6.0,82.0056,0.0
BLDR,BUY,0.6842,2024-01-22,2024-01-23,175.75,2024-01-23,165.5271,sl_hit,-5.82,165.5271,0.0
MOD,BUY,0.6585,2024-01-02,2024-01-03,60.25,2024-01-24,66.405,trailing_stop,10.22,56.635,0.0
CNM,BUY,0.7458,2024-01-10,2024-01-11,40.81,2024-01-24,40.81,trailing_stop,0.0,39.3686,0.0
AMD,BUY,0.7409,2024-01-16,2024-01-17,158.45,2024-01-25,180.33,pre_earnings,13.81,148.943,0.0
QCOM,BUY,0.7315,2024-01-19,2024-01-22,146.5163,2024-01-26,144.5691,pre_earnings,-1.33,139.2566,0.0
VST,BUY,0.6822,2023-11-07,2023-11-08,34.3554,2024-01-31,40.3989,timeout_60d,17.59,32.5413,0.0
IBM,STRONG_BUY,0.8226,2024-01-24,2024-01-25,173.0245,2024-01-31,174.9843,trailing_stop,1.13,168.5329,0.0
FN,BUY,0.7453,2024-01-25,2024-01-26,208.71,2024-01-31,213.51,pre_earnings,2.3,197.2071,0.0
SF,BUY,0.7189,2024-01-24,2024-01-25,47.8578,2024-02-01,46.0611,sl_hit,-3.75,46.0611,0.0
ZS,BUY,0.6614,2024-01-09,2024-01-10,228.31,2024-02-05,234.061,trailing_stop,2.52,216.9421,0.0
TDG,BUY,0.7493,2024-01-31,2024-02-01,974.3549,2024-02-05,1005.9218,pre_earnings,3.24,945.6846,0.0
FN,STRONG_BUY,0.8322,2024-02-05,2024-02-06,183.89,2024-02-06,172.8566,sl_hit,-6.0,172.8566,0.0
MAR,BUY,0.6608,2024-01-19,2024-01-22,229.6982,2024-02-08,244.7303,pre_earnings,6.54,222.2459,0.0
FTAI,BUY,0.7483,2024-01-22,2024-01-23,49.9207,2024-02-08,52.3565,trailing_stop,4.88,47.4855,0.0
WAB,BUY,0.6655,2024-01-11,2024-01-12,126.3476,2024-02-09,135.1584,pre_earnings,6.97,123.3245,0.0
BK,BUY,0.7252,2024-01-12,2024-01-16,52.0572,2024-02-13,52.0572,trailing_stop,0.0,50.6267,0.0
NTNX,BUY,0.7305,2024-01-17,2024-01-18,53.17,2024-02-13,56.1925,trailing_stop,5.68,50.3616,0.0
URI,STRONG_BUY,0.8288,2024-01-31,2024-02-01,623.1972,2024-02-13,627.1917,trailing_stop,0.64,585.8054,0.0
SMCI,STRONG_BUY,0.8537,2024-02-01,2024-02-02,59.252,2024-02-16,101.5151,trailing_stop,71.33,55.6969,0.0
VRT,STRONG_BUY,0.8893,2024-02-06,2024-02-07,59.823,2024-02-16,62.8052,pre_earnings,4.98,56.2336,0.0
FIX,STRONG_BUY,0.8046,2024-02-13,2024-02-14,239.2044,2024-02-20,245.292,pre_earnings,2.54,224.9806,0.0
EXP,BUY,0.7368,2024-02-13,2024-02-14,241.3396,2024-02-20,241.3396,trailing_stop,0.0,228.7816,0.0
KKR,STRONG_BUY,0.8546,2024-02-08,2024-02-09,95.6081,2024-02-21,91.2047,sl_hit,-4.61,91.2047,0.0
APO,BUY,0.7884,2024-02-09,2024-02-12,106.2978,2024-02-21,106.2978,trailing_stop,0.0,101.3019,0.0
SMCI,BUY,0.7896,2024-02-20,2024-02-21,74.975,2024-02-23,87.9287,trailing_stop,17.28,70.4765,0.0
VST,BUY,0.6847,2024-02-13,2024-02-14,43.8451,2024-02-26,48.0001,pre_earnings,9.48,41.4876,0.0
MOD,BUY,0.7679,2024-01-31,2024-02-01,70.0,2024-03-05,91.2,trailing_stop,30.29,65.8,0.0
IBP,BUY,0.7767,2024-02-23,2024-02-26,226.4165,2024-03-05,227.6551,trailing_stop,0.55,212.8315,0.0
WING,STRONG_BUY,0.877,2024-02-21,2024-02-22,316.331,2024-03-08,354.0592,trailing_stop,11.93,299.387,0.0
FIX,BUY,0.7909,2024-02-26,2024-02-27,287.0115,2024-03-08,310.7943,trailing_stop,8.29,269.7908,0.0
META,STRONG_BUY,0.8682,2024-02-05,2024-02-06,460.7812,2024-03-11,494.4652,trailing_stop,7.31,433.1344,0.0
MSTR,STRONG_BUY,0.8539,2024-03-08,2024-03-11,155.0,2024-03-12,145.7,sl_hit,-6.0,145.7,0.0
DELL,STRONG_BUY,0.896,2024-03-05,2024-03-06,115.5398,2024-03-13,108.6074,sl_hit,-6.0,108.6074,0.0
LECO,STRONG_BUY,0.8398,2024-02-16,2024-02-20,241.8341,2024-03-14,241.8341,trailing_stop,0.0,230.5908,0.0
COIN,STRONG_BUY,0.9304,2024-03-05,2024-03-06,229.2,2024-03-14,244.0639,trailing_stop,6.49,215.448,0.0
MSTR,STRONG_BUY,0.8334,2024-03-13,2024-03-14,170.801,2024-03-14,160.5529,sl_hit,-6.0,160.5529,0.0
VST,STRONG_BUY,0.8213,2024-03-08,2024-03-11,59.3134,2024-03-26,68.566,trailing_stop,15.6,55.7546,0.0
CRH,BUY,0.7519,2024-02-22,2024-02-23,76.9472,2024-04-01,83.3635,trailing_stop,8.34,74.0233,0.0
FIS,BUY,0.7302,2024-03-26,2024-03-27,70.4375,2024-04-01,70.4375,trailing_stop,0.0,67.7978,0.0
PCAR,BUY,0.7362,2024-01-23,2024-01-24,95.1449,2024-04-02,113.9829,trailing_stop,19.8,91.565,0.0
AXP,BUY,0.7956,2024-01-26,2024-01-29,197.5933,2024-04-04,218.8168,trailing_stop,10.74,189.6735,0.0
CMG,STRONG_BUY,0.8625,2024-02-08,2024-02-09,52.7396,2024-04-04,57.4556,trailing_stop,8.94,50.5007,0.0
TXRH,STRONG_BUY,0.8024,2024-02-16,2024-02-20,142.3789,2024-04-04,145.456,trailing_stop,2.16,134.9644,0.0
GRMN,BUY,0.7156,2024-03-11,2024-03-12,141.2924,2024-04-04,141.2924,trailing_stop,0.0,134.4486,0.0
WDC,BUY,0.7889,2024-04-04,2024-04-05,55.0873,2024-04-08,55.0873,trailing_stop,0.0,51.782,0.0
OKLO,BUY,0.7734,2024-04-04,2024-04-05,13.16,2024-04-08,16.749,trailing_stop,27.27,12.419,0.0
MU,STRONG_BUY,0.8374,2024-04-01,2024-04-02,121.9065,2024-04-09,121.9065,trailing_stop,0.0,114.5921,0.0
ACGL,BUY,0.6993,2024-04-05,2024-04-08,90.1737,2024-04-09,87.3767,sl_hit,-3.1,87.3767,0.0
WSM,STRONG_BUY,0.8229,2024-03-14,2024-03-15,137.6008,2024-04-10,147.3922,trailing_stop,7.12,129.3448,0.0
HUBB,BUY,0.7341,2024-03-14,2024-03-15,388.5598,2024-04-10,399.131,trailing_stop,2.72,372.6464,0.0
PNR,BUY,0.7537,2024-03-12,2024-03-13,80.044,2024-04-12,80.044,trailing_stop,0.0,77.1195,0.0
ESAB,BUY,0.7613,2024-04-02,2024-04-03,109.2431,2024-04-12,109.2431,trailing_stop,0.0,105.4233,0.0
OWL,BUY,0.7953,2024-04-08,2024-04-09,17.8752,2024-04-12,16.9659,sl_hit,-5.09,16.9659,0.0
OKLO,BUY,0.7649,2024-04-09,2024-04-10,13.69,2024-04-12,12.8686,sl_hit,-6.0,12.8686,0.0
KEX,BUY,0.7749,2024-04-08,2024-04-09,100.31,2024-04-16,96.54,sl_hit,-3.76,96.6457,0.0
DTM,BUY,0.673,2024-04-10,2024-04-11,60.0357,2024-04-16,58.0614,sl_hit,-3.29,58.0614,0.0
NRG,STRONG_BUY,0.8172,2024-03-14,2024-03-15,61.046,2024-04-18,70.413,trailing_stop,15.34,57.5765,0.0
EHC,BUY,0.7949,2024-04-01,2024-04-02,81.678,2024-04-18,78.1371,sl_hit,-4.34,78.1371,0.0
FTAI,BUY,0.7965,2024-04-04,2024-04-05,68.5975,2024-04-18,68.5975,trailing_stop,0.0,64.4816,0.0
PR,BUY,0.7121,2024-04-09,2024-04-10,16.601,2024-04-18,15.8831,sl_hit,-4.32,15.8831,0.0
CHRD,BUY,0.7147,2024-04-12,2024-04-15,169.8011,2024-04-18,163.7391,sl_hit,-3.57,163.7391,0.0
ALSN,BUY,0.7586,2024-02-20,2024-02-21,68.5421,2024-04-19,77.6841,trailing_stop,13.34,64.4585,0.0
PGR,BUY,0.725,2024-04-19,2024-04-22,197.9978,2024-04-26,190.8062,sl_hit,-3.63,190.8062,0.0
AR,BUY,0.6805,2024-04-25,2024-04-26,33.01,2024-05-01,33.01,trailing_stop,0.0,31.0294,0.0
SCCO,BUY,0.7299,2024-04-30,2024-05-01,106.3598,2024-05-22,112.0868,trailing_stop,5.38,99.9782,0.0
ATI,BUY,0.6931,2024-05-01,2024-05-02,59.48,2024-05-22,59.48,trailing_stop,0.0,55.9112,0.0
BALL,BUY,0.7084,2024-04-29,2024-04-30,68.6474,2024-05-28,65.843,sl_hit,-4.09,65.843,0.0
SFM,BUY,0.7105,2024-05-22,2024-05-23,79.99,2024-05-28,79.99,trailing_stop,0.0,76.9443,0.0
TLN,BUY,0.668,2024-05-23,2024-05-24,112.5,2024-05-28,113.8657,trailing_stop,1.21,105.75,0.0
CMG,BUY,0.7459,2024-04-25,2024-04-26,62.4094,2024-05-29,62.4094,trailing_stop,0.0,59.8867,0.0
AGX,BUY,0.6872,2024-05-28,2024-05-29,67.5203,2024-06-03,69.6937,pre_earnings,3.22,64.4999,0.0
TXRH,BUY,0.6534,2024-05-28,2024-05-29,166.2379,2024-06-03,166.2379,trailing_stop,0.0,161.1915,0.0
KEX,BUY,0.734,2024-04-25,2024-04-26,111.6,2024-06-04,118.674,trailing_stop,6.34,105.7871,0.0
CRS,BUY,0.7686,2024-05-01,2024-05-02,99.294,2024-06-04,106.3562,trailing_stop,7.11,93.3363,0.0
TT,BUY,0.725,2024-05-01,2024-05-02,313.2271,2024-06-04,316.6138,trailing_stop,1.08,296.2311,0.0
TLN,BUY,0.702,2024-05-29,2024-05-30,114.41,2024-06-04,107.5454,sl_hit,-6.0,107.5454,0.0
QXO,BUY,0.7481,2024-06-04,2024-06-05,126.4,2024-06-05,118.816,sl_hit,-6.0,118.816,0.0
HEI,BUY,0.782,2024-06-03,2024-06-04,224.6309,2024-06-06,224.6309,trailing_stop,0.0,216.352,0.0
EAT,BUY,0.6758,2024-05-01,2024-05-02,55.31,2024-06-07,69.901,trailing_stop,26.38,51.9914,0.0
QXO,STRONG_BUY,0.8451,2024-06-07,2024-06-10,209.04,2024-06-10,256.2962,trailing_stop,22.61,196.4976,0.0
TMUS,BUY,0.7776,2024-06-04,2024-06-05,175.066,2024-06-11,175.066,trailing_stop,0.0,169.673,0.0
DUK,BUY,0.6802,2024-06-04,2024-06-05,98.0474,2024-06-11,95.5189,sl_hit,-2.58,95.5189,0.0
CTRE,BUY,0.7765,2024-06-05,2024-06-06,24.2197,2024-06-11,23.4744,sl_hit,-3.08,23.4744,0.0
DPZ,BUY,0.763,2024-04-30,2024-05-01,512.2607,2024-06-14,509.6517,timeout_30d,-0.51,486.2457,0.0
QXO,BUY,0.7536,2024-06-11,2024-06-12,171.0,2024-06-14,129.4,sl_hit,-24.33,160.74,0.0
AVAV,BUY,0.6977,2024-06-11,2024-06-12,214.38,2024-06-17,205.04,sl_hit,-4.36,205.04,0.0
THC,BUY,0.7152,2024-05-01,2024-05-02,118.03,2024-06-20,135.2325,trailing_stop,14.57,110.9482,0.0
NVDA,STRONG_BUY,0.8598,2024-06-06,2024-06-07,119.7089,2024-06-20,133.0231,trailing_stop,11.12,112.5264,0.0
QCOM,BUY,0.7421,2024-06-18,2024-06-20,217.0285,2024-06-21,204.4803,sl_hit,-5.78,204.4803,0.0
TRGP,BUY,0.7388,2024-06-20,2024-06-21,124.9697,2024-06-21,120.3977,sl_hit,-3.66,120.3977,0.0
APH,BUY,0.6802,2024-05-28,2024-05-29,65.2362,2024-06-24,66.464,trailing_stop,1.88,62.7654,0.0
WWD,BUY,0.6871,2024-04-30,2024-05-01,159.9812,2024-06-26,177.3515,trailing_stop,10.86,150.7888,0.0
TLN,BUY,0.6753,2024-06-11,2024-06-12,115.36,2024-06-26,115.36,trailing_stop,0.0,108.4384,0.0
GLW,BUY,0.6972,2024-06-17,2024-06-18,37.7904,2024-06-26,37.7904,trailing_stop,0.0,36.2202,0.0
MCK,BUY,0.7129,2024-06-21,2024-06-24,601.8164,2024-06-27,585.065,sl_hit,-2.78,585.065,0.0
IP,BUY,0.7007,2024-06-24,2024-06-25,44.4641,2024-06-27,39.6054,sl_hit,-10.93,42.3333,0.0
AGX,STRONG_BUY,0.8297,2024-06-10,2024-06-11,76.0169,2024-06-28,71.4559,sl_hit,-6.0,71.4559,0.0
CLH,BUY,0.6797,2024-06-17,2024-06-18,225.75,2024-07-01,225.75,trailing_stop,0.0,215.2386,0.0
DTM,BUY,0.7041,2024-06-04,2024-06-05,63.94,2024-07-08,66.3083,trailing_stop,3.7,62.1873,0.0
FTAI,BUY,0.6905,2024-06-20,2024-06-21,91.5284,2024-07-09,103.4206,trailing_stop,12.99,86.0367,0.0
COST,BUY,0.6604,2024-06-21,2024-06-24,842.1145,2024-07-11,849.8237,trailing_stop,0.92,816.4293,0.0
WELL,BUY,0.6511,2024-06-28,2024-07-01,101.3562,2024-07-12,101.3562,trailing_stop,0.0,98.1156,0.0
NTAP,STRONG_BUY,0.8043,2024-06-03,2024-06-04,115.1156,2024-07-17,124.5702,trailing_stop,8.21,110.7376,0.0
LLY,BUY,0.6512,2024-07-02,2024-07-03,899.9984,2024-07-17,906.7113,trailing_stop,0.75,866.0025,0.0
MTSI,BUY,0.7124,2024-07-08,2024-07-09,118.02,2024-07-17,111.6214,sl_hit,-5.42,111.6214,0.0
TTMI,BUY,0.7136,2024-07-11,2024-07-12,21.29,2024-07-17,21.5745,trailing_stop,1.34,20.1814,0.0
GKOS,BUY,0.6828,2024-06-28,2024-07-01,118.24,2024-07-18,120.612,trailing_stop,2.01,111.6971,0.0
GLW,BUY,0.6724,2024-07-09,2024-07-10,43.6044,2024-07-18,43.6044,trailing_stop,0.0,41.2843,0.0
T,BUY,0.6681,2024-06-28,2024-07-01,17.7052,2024-07-19,17.8589,pre_earnings,0.87,17.1531,0.0
CRUS,BUY,0.7131,2024-07-09,2024-07-10,136.35,2024-07-19,136.35,trailing_stop,0.0,129.7343,0.0
CRS,BUY,0.7464,2024-07-17,2024-07-18,117.3555,2024-07-22,119.7882,pre_earnings,2.07,110.3142,0.0
WMB,BUY,0.6931,2024-07-19,2024-07-22,41.8232,2024-07-23,41.8232,trailing_stop,0.0,40.5229,0.0
KMI,BUY,0.6642,2024-07-17,2024-07-18,18.9657,2024-07-24,19.563,trailing_stop,3.15,18.437,0.0
JEF,STRONG_BUY,0.832,2024-07-18,2024-07-19,52.249,2024-07-24,52.249,trailing_stop,0.0,49.9598,0.0
MCO,BUY,0.714,2024-07-23,2024-07-24,445.9779,2024-07-24,431.1534,sl_hit,-3.32,431.1534,0.0
LDOS,BUY,0.7633,2024-05-01,2024-05-02,139.7893,2024-07-25,149.722,pre_earnings,7.11,134.2899,0.0
NYT,BUY,0.7643,2024-07-15,2024-07-16,52.7165,2024-07-25,52.7165,trailing_stop,0.0,51.099,0.0
DTM,BUY,0.7688,2024-07-22,2024-07-23,71.979,2024-07-25,70.835,pre_earnings,-1.59,69.7871,0.0
ISRG,BUY,0.6773,2024-07-22,2024-07-23,459.1,2024-07-25,436.8614,sl_hit,-4.84,436.8614,0.0
OHI,BUY,0.748,2024-07-23,2024-07-24,32.7826,2024-07-25,31.9231,sl_hit,-2.62,31.9231,0.0
WMT,BUY,0.6708,2024-07-05,2024-07-08,68.8878,2024-07-26,68.8878,trailing_stop,0.0,66.7732,0.0
TRGP,BUY,0.7814,2024-06-28,2024-07-01,125.2588,2024-07-29,128.1787,pre_earnings,2.33,120.2215,0.0
FTAI,BUY,0.6715,2024-07-24,2024-07-25,107.5337,2024-07-30,108.5596,trailing_stop,0.95,101.0817,0.0
KRYS,BUY,0.7226,2024-07-25,2024-07-26,213.24,2024-07-30,200.4456,sl_hit,-6.0,200.4456,0.0
ASTS,STRONG_BUY,0.8056,2024-07-26,2024-07-29,18.795,2024-07-30,17.6673,sl_hit,-6.0,17.6673,0.0
TYL,BUY,0.734,2024-07-25,2024-07-26,570.91,2024-07-31,570.91,trailing_stop,0.0,546.7371,0.0
SYF,BUY,0.729,2024-07-17,2024-07-18,50.1207,2024-08-01,47.416,sl_hit,-5.4,47.416,0.0
EVR,BUY,0.7128,2024-07-24,2024-07-25,231.9431,2024-08-01,237.6717,trailing_stop,2.47,219.5139,0.0
CRS,BUY,0.7832,2024-07-25,2024-07-26,135.7646,2024-08-02,138.7328,trailing_stop,2.19,127.6188,0.0
GWRE,BUY,0.6584,2024-07-30,2024-07-31,151.38,2024-08-02,144.19,sl_hit,-4.75,144.73,0.0
ASTS,STRONG_BUY,0.8109,2024-07-31,2024-08-01,20.37,2024-08-02,19.1478,sl_hit,-6.0,19.1478,0.0
PEG,BUY,0.7306,2024-07-31,2024-08-01,76.3936,2024-08-02,76.3936,trailing_stop,0.0,73.1769,0.0
DTM,BUY,0.7093,2024-07-31,2024-08-01,72.122,2024-08-02,69.2273,sl_hit,-4.01,69.2273,0.0
WELL,BUY,0.7594,2024-07-30,2024-07-31,109.1252,2024-08-05,109.1252,trailing_stop,0.0,104.833,0.0
SFM,BUY,0.6912,2024-07-30,2024-07-31,96.78,2024-08-05,97.5864,trailing_stop,0.83,90.9732,0.0
CLH,BUY,0.6633,2024-07-31,2024-08-01,241.28,2024-08-05,222.28,sl_hit,-7.87,228.8714,0.0
AFL,STRONG_BUY,0.8248,2024-08-01,2024-08-02,96.7128,2024-08-05,92.799,sl_hit,-4.05,92.799,0.0
JHG,BUY,0.7763,2024-08-01,2024-08-02,35.0458,2024-08-05,32.1599,sl_hit,-8.23,33.4688,0.0
PM,BUY,0.7702,2024-08-01,2024-08-02,111.5559,2024-08-05,107.7894,sl_hit,-3.38,107.7894,0.0
AEP,BUY,0.7969,2024-08-02,2024-08-05,98.0862,2024-08-05,94.3694,sl_hit,-3.79,94.3694,0.0
ASTS,BUY,0.766,2024-08-05,2024-08-06,19.3,2024-08-06,18.142,sl_hit,-6.0,18.142,0.0
RKT,BUY,0.7849,2024-08-02,2024-08-05,15.1409,2024-08-07,16.4772,trailing_stop,8.83,14.2325,0.0
LUMN,BUY,0.7501,2024-08-06,2024-08-07,7.22,2024-08-07,6.7868,sl_hit,-6.0,6.7868,0.0
LUMN,BUY,0.7387,2024-08-08,2024-08-09,5.25,2024-08-12,4.935,sl_hit,-6.0,4.935,0.0
ASTS,STRONG_BUY,0.8452,2024-08-15,2024-08-16,30.37,2024-08-16,28.5478,sl_hit,-6.0,28.5478,0.0
ASTS,STRONG_BUY,0.8493,2024-08-19,2024-08-20,38.795,2024-08-20,36.4673,sl_hit,-6.0,36.4673,0.0
ASTS,STRONG_BUY,0.8881,2024-08-21,2024-08-22,36.7,2024-08-22,34.498,sl_hit,-6.0,34.498,0.0
SO,STRONG_BUY,0.8106,2024-08-01,2024-08-02,83.4633,2024-08-29,80.8501,sl_hit,-3.13,80.8501,0.0
TOL,BUY,0.6814,2024-08-23,2024-08-26,147.9707,2024-09-03,139.0924,sl_hit,-6.0,139.0924,0.0
IRM,STRONG_BUY,0.8224,2024-08-02,2024-08-05,97.8326,2024-09-05,104.0696,trailing_stop,6.38,92.0646,0.0
HIG,BUY,0.6816,2024-08-29,2024-08-30,113.2791,2024-09-05,113.2791,trailing_stop,0.0,110.4327,0.0
BRK-B,STRONG_BUY,0.8579,2024-08-30,2024-09-03,475.0,2024-09-05,475.0,trailing_stop,0.0,462.8071,0.0
HWM,BUY,0.7642,2024-08-02,2024-08-05,85.7161,2024-09-06,92.4682,trailing_stop,7.88,80.5731,0.0
ACGL,BUY,0.7968,2024-09-03,2024-09-04,108.4024,2024-09-06,105.0335,sl_hit,-3.11,105.0335,0.0
PCG,STRONG_BUY,0.8212,2024-09-05,2024-09-06,20.4193,2024-09-09,19.8223,sl_hit,-2.92,19.8223,0.0
TSN,BUY,0.7434,2024-09-06,2024-09-09,63.4013,2024-09-10,61.4777,sl_hit,-3.03,61.4777,0.0
ORI,BUY,0.6857,2024-08-29,2024-08-30,30.5315,2024-09-11,29.8565,sl_hit,-2.21,29.8565,0.0
PM,BUY,0.7926,2024-09-06,2024-09-09,118.7637,2024-09-11,118.7637,trailing_stop,0.0,116.0633,0.0
ENSG,BUY,0.7314,2024-09-05,2024-09-06,151.2673,2024-09-18,151.2673,trailing_stop,0.0,145.7,0.0
VTR,STRONG_BUY,0.809,2024-09-09,2024-09-10,61.6534,2024-09-18,61.6534,trailing_stop,0.0,59.8681,0.0
UDR,STRONG_BUY,0.804,2024-09-11,2024-09-12,43.1299,2024-09-20,43.1299,trailing_stop,0.0,41.6531,0.0
OHI,BUY,0.755,2024-09-18,2024-09-19,37.3376,2024-09-27,36.2496,sl_hit,-2.91,36.2496,0.0
CPT,BUY,0.6707,2024-09-18,2024-09-19,119.1751,2024-10-03,114.906,sl_hit,-3.58,114.906,0.0
KO,BUY,0.7462,2024-08-02,2024-08-05,66.0556,2024-10-07,67.0992,trailing_stop,1.58,63.8534,0.0
FE,BUY,0.7094,2024-08-05,2024-08-06,39.0477,2024-10-07,40.5473,trailing_stop,3.84,37.6332,0.0
DUK,BUY,0.7947,2024-08-06,2024-08-07,106.3307,2024-10-07,106.5398,trailing_stop,0.2,102.0817,0.0
WELL,BUY,0.7705,2024-08-06,2024-08-07,112.3728,2024-10-07,121.9897,trailing_stop,8.56,106.993,0.0
AEP,BUY,0.7519,2024-08-06,2024-08-07,93.0143,2024-10-07,94.8737,trailing_stop,2.0,88.5932,0.0
BK,BUY,0.7569,2024-09-20,2024-09-23,70.5417,2024-10-07,70.1254,pre_earnings,-0.59,67.838,0.0
VST,STRONG_BUY,0.8673,2024-10-07,2024-10-08,130.0756,2024-10-09,122.271,sl_hit,-6.0,122.271,0.0
CMS,BUY,0.7292,2024-09-05,2024-09-06,65.4627,2024-10-10,66.1126,trailing_stop,0.99,63.9334,0.0
CTRE,BUY,0.7448,2024-09-10,2024-09-11,28.2082,2024-10-10,28.5454,trailing_stop,1.2,27.3811,0.0
MSTR,BUY,0.732,2024-10-08,2024-10-09,189.77,2024-10-10,178.3838,sl_hit,-6.0,178.3838,0.0
MSTR,BUY,0.7304,2024-10-11,2024-10-14,224.48,2024-10-14,211.0112,sl_hit,-6.0,211.0112,0.0
COHR,BUY,0.7722,2024-10-11,2024-10-14,106.0,2024-10-15,99.64,sl_hit,-6.0,99.64,0.0
IBKR,BUY,0.7784,2024-10-15,2024-10-16,36.8147,2024-10-16,35.4661,sl_hit,-3.66,35.4661,0.0
LMT,BUY,0.7667,2024-08-05,2024-08-06,524.1184,2024-10-17,588.4732,pre_earnings,12.28,499.5064,0.0
IBM,BUY,0.7668,2024-09-11,2024-09-12,201.9586,2024-10-18,223.3085,pre_earnings,10.57,194.8845,0.0
AGX,BUY,0.7689,2024-10-07,2024-10-08,108.2166,2024-10-18,127.4052,trailing_stop,17.73,101.7236,0.0
SF,BUY,0.7622,2024-10-15,2024-10-16,65.5526,2024-10-18,66.7477,pre_earnings,1.82,63.2549,0.0
ATR,BUY,0.7248,2024-10-14,2024-10-15,164.1882,2024-10-21,163.2168,pre_earnings,-0.59,159.1879,0.0
BLK,BUY,0.6782,2024-10-11,2024-10-14,974.2749,2024-10-23,974.2749,trailing_stop,0.0,939.1023,0.0
ALSN,BUY,0.6993,2024-09-27,2024-09-30,94.4901,2024-10-24,98.031,pre_earnings,3.75,90.6194,0.0
MCD,BUY,0.6993,2024-10-22,2024-10-23,284.3862,2024-10-24,292.9438,pre_earnings,3.01,277.3993,0.0
TW,STRONG_BUY,0.8141,2024-10-07,2024-10-08,132.966,2024-10-25,131.9008,pre_earnings,-0.8,127.3522,0.0
BWXT,STRONG_BUY,0.8593,2024-10-03,2024-10-04,116.6598,2024-10-30,123.6521,pre_earnings,5.99,111.1461,0.0
BAM,STRONG_BUY,0.8002,2024-10-18,2024-10-21,49.5579,2024-10-30,51.7913,pre_earnings,4.51,47.7107,0.0
APP,BUY,0.7286,2024-10-21,2024-10-22,161.27,2024-11-01,163.53,pre_earnings,1.4,151.5938,0.0
CTRE,BUY,0.7562,2024-10-30,2024-10-31,30.8395,2024-11-01,30.8395,trailing_stop,0.0,29.8336,0.0
UAL,BUY,0.7227,2024-10-15,2024-10-16,65.4,2024-11-04,77.2825,trailing_stop,18.17,61.476,0.0
CBRE,BUY,0.7429,2024-10-24,2024-10-25,134.66,2024-11-06,128.9071,sl_hit,-4.27,128.9071,0.0
BK,BUY,0.7454,2024-10-11,2024-10-14,72.3809,2024-11-08,75.5902,trailing_stop,4.43,70.29,0.0
APP,STRONG_BUY,0.8572,2024-11-08,2024-11-11,291.12,2024-11-11,273.6528,sl_hit,-6.0,273.6528,0.0
INCY,STRONG_BUY,0.8439,2024-11-06,2024-11-07,81.0,2024-11-12,81.0,trailing_stop,0.0,76.63,0.0
PKG,BUY,0.7494,2024-10-23,2024-10-24,221.2062,2024-11-14,228.7721,trailing_stop,3.42,214.1059,0.0
LDOS,BUY,0.7673,2024-10-30,2024-10-31,182.5947,2024-11-14,175.723,sl_hit,-3.76,175.723,0.0
ADSK,BUY,0.7789,2024-10-17,2024-10-18,290.57,2024-11-15,303.4818,trailing_stop,4.44,280.7714,0.0
ATR,BUY,0.6592,2024-10-25,2024-10-28,167.1686,2024-11-15,167.1859,trailing_stop,0.01,161.8473,0.0
GILD,STRONG_BUY,0.8515,2024-11-12,2024-11-13,90.8068,2024-11-15,86.7495,sl_hit,-4.47,86.7495,0.0
IONQ,BUY,0.7606,2024-11-11,2024-11-12,22.0,2024-11-18,26.1077,trailing_stop,18.67,20.68,0.0
SF,BUY,0.7269,2024-10-24,2024-10-25,68.204,2024-11-19,74.5609,trailing_stop,9.32,65.6273,0.0
BX,STRONG_BUY,0.8453,2024-11-21,2024-11-22,186.5821,2024-11-25,186.5821,trailing_stop,0.0,177.7534,0.0
TWLO,STRONG_BUY,0.8132,2024-11-04,2024-11-05,87.5,2024-11-27,103.018,trailing_stop,17.73,82.4193,0.0
GWRE,BUY,0.7541,2024-10-16,2024-10-17,191.08,2024-12-02,200.87,pre_earnings,5.12,184.2829,0.0
AMP,STRONG_BUY,0.8143,2024-11-15,2024-11-18,552.9812,2024-12-04,552.9812,trailing_stop,0.0,528.7737,0.0
CVNA,STRONG_BUY,0.8403,2024-11-01,2024-11-04,226.49,2024-12-06,252.4908,trailing_stop,11.48,212.9006,0.0
APP,STRONG_BUY,0.8332,2024-11-15,2024-11-18,293.1,2024-12-09,387.7444,trailing_stop,32.29,275.514,0.0
IBKR,BUY,0.6666,2024-11-15,2024-11-18,44.9535,2024-12-09,45.6936,trailing_stop,1.65,42.582,0.0
PKG,BUY,0.7131,2024-11-20,2024-11-21,235.2711,2024-12-09,235.2711,trailing_stop,0.0,227.0372,0.0
UNM,STRONG_BUY,0.849,2024-11-25,2024-11-26,73.8473,2024-12-10,70.5825,sl_hit,-4.42,70.5825,0.0
SMTC,STRONG_BUY,0.8742,2024-12-04,2024-12-05,66.46,2024-12-10,62.4724,sl_hit,-6.0,62.4724,0.0
NTRS,BUY,0.7176,2024-11-15,2024-11-18,104.0061,2024-12-11,104.0061,trailing_stop,0.0,99.7282,0.0
JHG,BUY,0.6514,2024-11-14,2024-11-15,43.5761,2024-12-17,41.5843,sl_hit,-4.57,41.5843,0.0
T,BUY,0.6955,2024-10-23,2024-10-24,21.1911,2024-12-18,21.5965,trailing_stop,1.91,20.3933,0.0
BKNG,STRONG_BUY,0.8384,2024-11-01,2024-11-04,4728.9563,2024-12-18,5032.9823,trailing_stop,6.43,4535.4401,0.0
SEIC,BUY,0.7462,2024-11-27,2024-11-29,81.2393,2024-12-18,82.1404,trailing_stop,1.11,78.8534,0.0
FFIV,BUY,0.6959,2024-12-06,2024-12-09,256.9,2024-12-18,256.9,trailing_stop,0.0,248.9814,0.0
PLTR,BUY,0.7685,2024-12-09,2024-12-10,71.99,2024-12-18,72.2271,trailing_stop,0.33,67.6706,0.0
DDOG,BUY,0.7213,2024-12-09,2024-12-10,161.65,2024-12-18,151.951,sl_hit,-6.0,151.951,0.0
PLTR,BUY,0.6908,2024-12-20,2024-12-23,80.65,2024-12-31,75.811,sl_hit,-6.0,75.811,0.0
FOX,BUY,0.7377,2024-12-20,2024-12-23,46.0186,2025-01-10,46.0186,trailing_stop,0.0,44.2416,0.0
RL,BUY,0.6781,2025-01-06,2025-01-07,240.717,2025-01-13,228.9201,sl_hit,-4.9,228.9201,0.0
FTAI,BUY,0.6563,2025-01-10,2025-01-13,167.2274,2025-01-14,157.1938,sl_hit,-6.0,157.1938,0.0
LNG,BUY,0.6538,2025-01-14,2025-01-15,241.4449,2025-01-22,231.9551,sl_hit,-3.93,231.9551,0.0
UAL,BUY,0.7038,2025-01-21,2025-01-22,115.85,2025-01-22,108.899,sl_hit,-6.0,108.899,0.0
EAT,BUY,0.6668,2024-12-20,2024-12-23,133.99,2025-01-24,149.5,pre_earnings,11.58,125.9506,0.0
AR,BUY,0.7522,2025-01-08,2025-01-10,38.62,2025-01-27,36.3028,sl_hit,-6.0,36.3028,0.0
KMI,STRONG_BUY,0.8435,2025-01-22,2025-01-23,29.6907,2025-01-27,27.5469,sl_hit,-7.22,28.4426,0.0
ANET,BUY,0.6597,2025-01-22,2025-01-23,128.34,2025-01-27,109.62,sl_hit,-14.59,120.6396,0.0
TPR,STRONG_BUY,0.8502,2024-12-02,2024-12-03,63.6153,2025-02-03,72.3619,pre_earnings,13.75,59.7983,0.0
RBLX,BUY,0.6562,2025-01-16,2025-01-17,66.28,2025-02-03,70.68,pre_earnings,6.64,62.3032,0.0
DKS,BUY,0.6761,2025-01-24,2025-01-27,239.3645,2025-02-03,225.1101,sl_hit,-5.96,225.1101,0.0
FFIV,BUY,0.7319,2025-01-29,2025-01-30,304.36,2025-02-03,288.5114,sl_hit,-5.21,288.5114,0.0
GMED,BUY,0.696,2025-01-15,2025-01-16,90.65,2025-02-06,86.7186,sl_hit,-4.34,86.7186,0.0
EAT,STRONG_BUY,0.8002,2025-01-29,2025-01-30,183.0,2025-02-06,183.0,trailing_stop,0.0,172.02,0.0
BKR,BUY,0.6921,2025-02-03,2025-02-04,45.4825,2025-02-07,45.7751,trailing_stop,0.64,42.8879,0.0
TPR,STRONG_BUY,0.8077,2025-02-06,2025-02-07,82.2031,2025-02-10,77.2709,sl_hit,-6.0,77.2709,0.0
PLNT,BUY,0.668,2025-01-15,2025-01-16,107.47,2025-02-12,102.3333,sl_hit,-4.78,102.3333,0.0
AXP,BUY,0.6847,2025-01-24,2025-01-27,314.7802,2025-02-12,301.4068,sl_hit,-4.25,301.4068,0.0
TEAM,BUY,0.701,2025-02-03,2025-02-04,310.81,2025-02-19,310.81,trailing_stop,0.0,292.1614,0.0
PLTR,BUY,0.7547,2025-02-06,2025-02-07,111.66,2025-02-19,116.3296,trailing_stop,4.18,104.9604,0.0
CVNA,BUY,0.7059,2025-02-19,2025-02-20,264.89,2025-02-20,248.9966,sl_hit,-6.0,248.9966,0.0
JPM,BUY,0.6677,2025-01-17,2025-01-21,254.8445,2025-02-21,260.8881,trailing_stop,2.37,244.902,0.0
NFLX,BUY,0.6851,2025-01-23,2025-01-24,98.441,2025-02-21,101.1275,trailing_stop,2.73,92.5345,0.0
SPOT,STRONG_BUY,0.8042,2025-02-04,2025-02-05,608.85,2025-02-21,618.201,trailing_stop,1.54,572.319,0.0
LPLA,BUY,0.6874,2025-02-10,2025-02-11,363.2405,2025-02-25,343.0431,sl_hit,-5.56,343.0431,0.0
NLY,STRONG_BUY,0.809,2025-02-21,2025-02-24,18.9039,2025-03-03,18.9039,trailing_stop,0.0,18.4052,0.0
V,BUY,0.7689,2025-01-30,2025-01-31,343.3185,2025-03-04,351.5636,trailing_stop,2.4,333.5157,0.0
MA,BUY,0.7278,2025-01-30,2025-01-31,560.5832,2025-03-04,560.5832,trailing_stop,0.0,542.0588,0.0
GL,BUY,0.7264,2025-02-07,2025-02-10,122.1085,2025-03-04,123.805,trailing_stop,1.39,116.4619,0.0
ABT,BUY,0.6594,2025-02-28,2025-03-03,135.6252,2025-03-04,135.6252,trailing_stop,0.0,131.1576,0.0
FOX,BUY,0.6968,2025-02-12,2025-02-13,50.9085,2025-03-06,51.7202,trailing_stop,1.59,48.5306,0.0
UGI,BUY,0.6595,2025-02-12,2025-02-13,30.8407,2025-03-10,31.4018,trailing_stop,1.82,29.4223,0.0
FOXA,STRONG_BUY,0.8169,2025-02-19,2025-02-20,56.7732,2025-03-10,53.8791,sl_hit,-5.1,53.8791,0.0
GILD,BUY,0.7237,2025-02-28,2025-03-03,111.7654,2025-03-11,111.7654,trailing_stop,0.0,106.2607,0.0
EXEL,BUY,0.7096,2025-03-03,2025-03-04,38.51,2025-03-11,38.51,trailing_stop,0.0,36.1994,0.0
UNM,BUY,0.6629,2025-03-05,2025-03-06,79.0088,2025-03-28,79.0088,trailing_stop,0.0,74.3648,0.0
HALO,BUY,0.6691,2025-03-06,2025-03-07,59.77,2025-04-01,62.7,trailing_stop,4.9,56.3071,0.0
NFG,STRONG_BUY,0.8215,2025-02-03,2025-02-04,69.4539,2025-04-04,74.723,trailing_stop,7.59,66.0843,0.0
FNF,BUY,0.7723,2025-03-04,2025-03-05,58.3489,2025-04-04,59.5012,trailing_stop,1.97,55.452,0.0
EXEL,BUY,0.6707,2025-05-14,2025-05-15,44.55,2025-05-16,46.1296,trailing_stop,3.55,41.877,0.0
AGX,BUY,0.704,2025-05-21,2025-05-22,190.5138,2025-05-30,209.2607,pre_earnings,9.84,179.083,0.0
WRB,BUY,0.66,2025-05-30,2025-06-02,72.3018,2025-06-04,72.3018,trailing_stop,0.0,69.8638,0.0
CRDO,BUY,0.721,2025-06-04,2025-06-05,77.12,2025-06-05,72.4928,sl_hit,-6.0,72.4928,0.0
AGX,BUY,0.6901,2025-06-04,2025-06-05,228.6942,2025-06-09,232.3148,trailing_stop,1.58,214.9726,0.0
CRS,BUY,0.6609,2025-06-09,2025-06-10,251.5884,2025-06-12,238.8539,sl_hit,-5.06,238.8539,0.0
CF,BUY,0.6811,2025-06-13,2025-06-16,99.2824,2025-06-16,99.2824,trailing_stop,0.0,94.1456,0.0
AGX,BUY,0.7053,2025-06-11,2025-06-12,220.6342,2025-06-18,207.3962,sl_hit,-6.0,207.3962,0.0
SSRM,BUY,0.6551,2025-06-05,2025-06-06,12.93,2025-06-20,12.93,trailing_stop,0.0,12.1542,0.0
CF,BUY,0.7188,2025-06-18,2025-06-20,98.5255,2025-06-24,92.0083,sl_hit,-6.61,92.9505,0.0
MNST,BUY,0.6586,2025-05-30,2025-06-02,63.61,2025-06-27,61.5829,sl_hit,-3.19,61.5829,0.0
HWM,BUY,0.6974,2025-05-12,2025-05-13,156.3356,2025-07-01,177.8111,trailing_stop,13.74,146.9555,0.0
HOOD,BUY,0.6552,2025-06-09,2025-06-10,73.24,2025-07-01,93.9741,trailing_stop,28.31,68.8456,0.0
STRL,BUY,0.6708,2025-06-18,2025-06-20,224.4,2025-07-01,224.4,trailing_stop,0.0,210.936,0.0
TTMI,BUY,0.6628,2025-06-16,2025-06-17,36.73,2025-07-07,42.2085,trailing_stop,14.92,34.5262,0.0
BWXT,BUY,0.6512,2025-06-10,2025-06-11,131.453,2025-07-08,137.6686,trailing_stop,4.73,123.8533,0.0
GS,STRONG_BUY,0.8327,2025-07-01,2025-07-02,701.5479,2025-07-08,701.5479,trailing_stop,0.0,673.2971,0.0
AVAV,BUY,0.6858,2025-07-01,2025-07-02,249.64,2025-07-08,234.6616,sl_hit,-6.0,234.6616,0.0
JPM,BUY,0.7173,2025-07-08,2025-07-09,284.5072,2025-07-10,285.5078,pre_earnings,0.35,274.0107,0.0
FSS,BUY,0.6986,2025-07-08,2025-07-09,111.1165,2025-07-11,111.1165,trailing_stop,0.0,106.6428,0.0
SANM,BUY,0.6794,2025-07-11,2025-07-14,103.98,2025-07-15,103.98,trailing_stop,0.0,99.8786,0.0
APH,BUY,0.6586,2025-05-30,2025-06-02,89.0963,2025-07-18,102.9984,pre_earnings,15.6,85.5301,0.0
CRDO,BUY,0.6858,2025-06-18,2025-06-20,86.695,2025-07-18,95.4775,trailing_stop,10.13,81.4933,0.0
HAS,BUY,0.6567,2025-07-01,2025-07-02,74.7941,2025-07-18,75.8963,pre_earnings,1.47,71.1084,0.0
CRS,BUY,0.706,2025-06-26,2025-06-27,272.1225,2025-07-22,275.6826,trailing_stop,1.31,256.4703,0.0
TTMI,BUY,0.6804,2025-07-21,2025-07-22,47.05,2025-07-22,44.227,sl_hit,-6.0,44.227,0.0
WWD,BUY,0.6731,2025-06-03,2025-06-04,231.0979,2025-07-23,256.6004,pre_earnings,11.04,219.9308,0.0
EVR,BUY,0.7388,2025-07-11,2025-07-14,291.0222,2025-07-25,299.5076,pre_earnings,2.92,275.6358,0.0
SYF,BUY,0.7331,2025-07-22,2025-07-23,70.8879,2025-07-29,70.8879,trailing_stop,0.0,67.8201,0.0
C,BUY,0.6673,2025-07-17,2025-07-18,91.5159,2025-08-01,87.6969,sl_hit,-4.17,87.6969,0.0
STT,BUY,0.6513,2025-07-25,2025-07-28,111.1259,2025-08-01,106.4466,sl_hit,-4.21,106.4466,0.0
WWD,BUY,0.6604,2025-07-29,2025-07-30,261.4557,2025-08-01,248.5292,sl_hit,-4.94,248.5292,0.0
EVR,BUY,0.7423,2025-07-30,2025-07-31,304.0041,2025-08-01,288.8948,sl_hit,-4.97,288.8948,0.0
MSFT,BUY,0.6844,2025-08-01,2025-08-04,525.219,2025-08-05,525.219,trailing_stop,0.0,506.1597,0.0
WDC,BUY,0.6861,2025-07-30,2025-07-31,74.1041,2025-08-06,74.7129,trailing_stop,0.82,70.2716,0.0
TPR,BUY,0.7112,2025-07-07,2025-07-08,92.2271,2025-08-11,107.178,pre_earnings,16.21,87.0307,0.0
SPXC,BUY,0.6849,2025-08-01,2025-08-04,195.37,2025-08-12,198.911,trailing_stop,1.81,184.74,0.0
DY,BUY,0.6899,2025-08-12,2025-08-13,282.42,2025-08-13,269.2414,sl_hit,-4.67,269.2414,0.0
SANM,BUY,0.6575,2025-07-30,2025-07-31,117.21,2025-08-14,118.6307,trailing_stop,1.21,110.1774,0.0
EME,BUY,0.7196,2025-07-31,2025-08-01,608.1813,2025-08-15,608.1813,trailing_stop,0.0,572.258,0.0
BWXT,BUY,0.7194,2025-08-05,2025-08-06,179.9239,2025-08-19,169.1285,sl_hit,-6.0,169.1285,0.0
ALAB,BUY,0.739,2025-08-06,2025-08-07,175.0,2025-08-19,179.6383,trailing_stop,2.65,164.5,0.0
COHR,BUY,0.6553,2025-08-13,2025-08-14,91.1,2025-08-20,85.634,sl_hit,-6.0,85.634,0.0
NVDA,BUY,0.733,2025-07-31,2025-08-01,174.0705,2025-08-21,175.2364,trailing_stop,0.67,165.67,0.0
RMD,BUY,0.7505,2025-08-01,2025-08-04,277.1167,2025-08-28,277.8136,trailing_stop,0.25,266.0165,0.0
ULTA,BUY,0.6819,2025-08-28,2025-08-29,526.85,2025-08-29,502.1643,sl_hit,-4.69,502.1643,0.0
NVDA,BUY,0.6682,2025-08-27,2025-08-28,180.7997,2025-09-02,169.981,sl_hit,-5.98,171.7779,0.0
LECO,BUY,0.6759,2025-08-01,2025-08-04,242.0624,2025-09-15,234.8789,timeout_30d,-2.97,229.579,0.0
SSRM,BUY,0.6504,2025-09-02,2025-09-03,20.12,2025-09-16,21.9165,trailing_stop,8.93,18.9128,0.0
OMF,BUY,0.7736,2025-09-03,2025-09-04,60.1901,2025-09-17,57.7928,sl_hit,-3.98,57.7928,0.0
LITE,BUY,0.7957,2025-08-14,2025-08-15,113.61,2025-09-22,164.7157,trailing_stop,44.98,106.7934,0.0
CRDO,BUY,0.7216,2025-09-03,2025-09-04,137.995,2025-09-22,165.3421,trailing_stop,19.82,129.7153,0.0
GS,BUY,0.7239,2025-07-16,2025-07-17,699.0537,2025-09-24,792.5691,trailing_stop,13.38,670.4438,0.0
NEM,BUY,0.7328,2025-09-02,2025-09-03,75.8267,2025-09-24,83.2343,trailing_stop,9.77,72.692,0.0
EVR,STRONG_BUY,0.8332,2025-09-17,2025-09-18,351.0482,2025-09-24,351.0482,trailing_stop,0.0,335.0522,0.0
GOOG,BUY,0.6972,2025-09-02,2025-09-03,226.1302,2025-09-25,247.2185,trailing_stop,9.33,216.8161,0.0
GOOGL,BUY,0.6945,2025-09-02,2025-09-03,225.8601,2025-09-25,246.3616,trailing_stop,9.08,216.3891,0.0
WDC,BUY,0.695,2025-09-15,2025-09-16,102.4476,2025-09-25,107.9852,trailing_stop,5.41,96.5077,0.0
AXP,BUY,0.6836,2025-09-02,2025-09-03,329.1828,2025-10-01,330.1587,trailing_stop,0.3,317.4529,0.0
APP,STRONG_BUY,0.8327,2025-09-16,2025-09-17,603.57,2025-10-01,708.3295,trailing_stop,17.36,567.3558,0.0
WDC,BUY,0.6556,2025-09-30,2025-10-01,118.0851,2025-10-06,130.4251,trailing_stop,10.45,110.9999,0.0
TTMI,BUY,0.7029,2025-10-01,2025-10-02,61.85,2025-10-07,58.139,sl_hit,-6.0,58.139,0.0
AYI,BUY,0.6984,2025-10-01,2025-10-02,364.8918,2025-10-07,345.1054,sl_hit,-5.42,345.1054,0.0
LRCX,BUY,0.697,2025-10-02,2025-10-03,145.5803,2025-10-07,145.775,trailing_stop,0.13,136.8455,0.0
AU,BUY,0.7253,2025-09-25,2025-09-26,65.8787,2025-10-09,73.1535,trailing_stop,11.04,61.926,0.0
APH,BUY,0.6825,2025-07-23,2025-07-24,102.4502,2025-10-10,121.8497,trailing_stop,18.94,97.0453,0.0
ORI,BUY,0.673,2025-10-01,2025-10-02,39.9146,2025-10-16,38.6725,sl_hit,-3.11,38.6725,0.0
NXT,BUY,0.7225,2025-10-15,2025-10-16,93.85,2025-10-16,88.219,sl_hit,-6.0,88.219,0.0
BWXT,BUY,0.6864,2025-10-15,2025-10-16,206.7158,2025-10-17,206.7158,trailing_stop,0.0,194.3128,0.0
AU,BUY,0.7076,2025-10-16,2025-10-17,75.4795,2025-10-21,68.6006,sl_hit,-9.11,70.9507,0.0
AWI,BUY,0.6642,2025-07-29,2025-07-30,183.3281,2025-10-22,200.9038,timeout_60d,9.59,175.7837,0.0
MU,BUY,0.6957,2025-10-16,2025-10-17,199.1995,2025-10-22,199.7108,trailing_stop,0.26,187.2476,0.0
KLAC,BUY,0.6514,2025-10-29,2025-10-30,1230.5537,2025-10-30,1230.5537,trailing_stop,0.0,1156.7205,0.0
GLW,BUY,0.6562,2025-10-29,2025-10-30,88.5081,2025-11-03,88.5081,trailing_stop,0.0,83.1976,0.0
NXT,BUY,0.7002,2025-10-23,2025-10-24,100.29,2025-11-04,100.377,trailing_stop,0.09,94.2726,0.0
FN,BUY,0.6546,2025-11-03,2025-11-04,460.0,2025-11-04,469.6704,trailing_stop,2.1,432.4,0.0
PLTR,BUY,0.6906,2025-11-03,2025-11-04,192.07,2025-11-06,180.5458,sl_hit,-6.0,180.5458,0.0
FN,BUY,0.7677,2025-11-05,2025-11-06,490.57,2025-11-06,461.1358,sl_hit,-6.0,461.1358,0.0
LITE,BUY,0.7941,2025-11-05,2025-11-06,243.72,2025-11-07,229.0968,sl_hit,-6.0,229.0968,0.0
NXT,BUY,0.7478,2025-11-05,2025-11-06,111.43,2025-11-07,100.9,sl_hit,-9.45,104.7442,0.0
AEIS,BUY,0.6835,2025-11-05,2025-11-06,225.7847,2025-11-07,212.2377,sl_hit,-6.0,212.2377,0.0
MU,BUY,0.7267,2025-11-06,2025-11-07,233.9355,2025-11-13,239.072,trailing_stop,2.2,219.8994,0.0
CIEN,BUY,0.6547,2025-11-07,2025-11-10,206.8,2025-11-13,194.392,sl_hit,-6.0,194.392,0.0
LITE,BUY,0.7763,2025-11-10,2025-11-11,252.01,2025-11-13,236.8894,sl_hit,-6.0,236.8894,0.0
SPXC,BUY,0.6669,2025-11-10,2025-11-11,223.06,2025-11-14,209.13,sl_hit,-6.24,209.6764,0.0
MU,BUY,0.6841,2025-11-14,2025-11-17,246.8203,2025-11-18,232.0111,sl_hit,-6.0,232.0111,0.0
INCY,BUY,0.7772,2025-11-03,2025-11-04,101.85,2025-11-19,102.9221,trailing_stop,1.05,95.739,0.0
COR,BUY,0.6551,2025-11-06,2025-11-07,361.9341,2025-12-01,361.9341,trailing_stop,0.0,345.0395,0.0
CAH,BUY,0.7119,2025-11-07,2025-11-10,200.4004,2025-12-03,203.6758,trailing_stop,1.63,188.3764,0.0
UHS,BUY,0.6735,2025-12-01,2025-12-02,243.69,2025-12-03,231.0711,sl_hit,-5.18,231.0711,0.0
CRDO,BUY,0.6592,2025-12-02,2025-12-03,188.365,2025-12-03,177.0631,sl_hit,-6.0,177.0631,0.0
HL,BUY,0.7022,2025-12-01,2025-12-02,17.12,2025-12-08,16.0928,sl_hit,-6.0,16.0928,0.0
GOOGL,BUY,0.66,2025-11-20,2025-11-21,296.2262,2025-12-12,312.1843,trailing_stop,5.39,278.4527,0.0
GOOG,BUY,0.6573,2025-11-20,2025-11-21,296.6764,2025-12-12,312.0329,trailing_stop,5.18,278.8758,0.0
HL,BUY,0.7077,2025-12-11,2025-12-12,20.04,2025-12-12,18.8376,sl_hit,-6.0,18.8376,0.0
KRYS,BUY,0.6679,2025-11-04,2025-11-05,198.375,2025-12-17,235.9381,trailing_stop,18.94,186.4725,0.0
CMI,BUY,0.6845,2025-11-07,2025-11-10,473.7151,2025-12-17,498.4991,trailing_stop,5.23,445.2922,0.0
UTHR,BUY,0.7099,2025-12-17,2025-12-18,507.08,2025-12-29,507.08,trailing_stop,0.0,486.0443,0.0
STLD,BUY,0.6588,2025-12-17,2025-12-18,172.3746,2025-12-29,172.3746,trailing_stop,0.0,163.9692,0.0
COKE,BUY,0.6819,2025-12-18,2025-12-19,165.7232,2025-12-29,157.708,sl_hit,-4.84,157.708,0.0
HL,BUY,0.7678,2025-12-19,2025-12-22,20.5,2025-12-29,19.18,sl_hit,-6.44,19.27,0.0
DCI,BUY,0.6809,2025-12-04,2025-12-05,93.2363,2025-12-31,89.2528,sl_hit,-4.27,89.2528,0.0
BK,BUY,0.6602,2026-01-05,2026-01-06,121.4719,2026-01-08,119.5206,pre_earnings,-1.61,117.8466,0.0
NLY,BUY,0.7527,2025-12-19,2025-12-22,22.0779,2026-01-09,23.3275,trailing_stop,5.66,21.4754,0.0
GS,BUY,0.7252,2025-12-19,2025-12-22,896.52,2026-01-12,949.55,pre_earnings,5.92,853.7658,0.0
SYF,BUY,0.7884,2026-01-06,2026-01-07,87.7428,2026-01-12,78.9386,sl_hit,-10.03,84.918,0.0
COF,BUY,0.7506,2026-01-06,2026-01-07,256.2595,2026-01-12,229.0735,sl_hit,-10.61,247.8146,0.0
OMF,BUY,0.7997,2026-01-08,2026-01-09,70.0532,2026-01-12,67.3147,sl_hit,-3.91,67.6288,0.0
FOXA,BUY,0.6816,2025-11-03,2025-11-04,63.29,2026-01-14,73.0936,trailing_stop,15.49,59.9936,0.0
BK,BUY,0.6552,2026-01-13,2026-01-14,122.3481,2026-01-16,122.3481,trailing_stop,0.0,118.5179,0.0
FOX,BUY,0.6803,2025-11-03,2025-11-04,57.21,2026-01-20,65.2429,trailing_stop,14.04,54.2779,0.0
KRYS,BUY,0.7133,2026-01-12,2026-01-13,273.92,2026-01-20,280.9299,trailing_stop,2.56,257.4848,0.0
AGNC,STRONG_BUY,0.8237,2026-01-02,2026-01-05,10.8204,2026-01-21,11.5827,pre_earnings,7.04,10.5134,0.0
FTAI,BUY,0.6722,2026-01-02,2026-01-05,212.68,2026-01-22,294.5,trailing_stop,38.47,199.9192,0.0
SCCO,BUY,0.7387,2026-01-09,2026-01-12,170.6845,2026-01-22,179.352,trailing_stop,5.08,160.4435,0.0
FIVE,BUY,0.7084,2026-01-12,2026-01-13,201.89,2026-01-22,189.7766,sl_hit,-6.0,189.7766,0.0
GS,BUY,0.761,2026-01-16,2026-01-20,946.38,2026-01-23,946.38,trailing_stop,0.0,898.6386,0.0
HL,BUY,0.7702,2026-01-22,2026-01-23,31.87,2026-01-26,29.9578,sl_hit,-6.0,29.9578,0.0
RL,BUY,0.7116,2025-12-15,2025-12-16,372.1478,2026-01-27,357.79,timeout_30d,-3.86,351.4416,0.0
MLI,BUY,0.7326,2025-11-05,2025-11-06,107.7212,2026-01-29,137.38,pre_earnings,27.53,102.3502,0.0
MNST,BUY,0.7022,2026-01-13,2026-01-14,78.04,2026-01-29,80.3829,trailing_stop,3.0,75.7543,0.0
FCX,BUY,0.6815,2026-01-26,2026-01-27,61.5,2026-01-29,65.9244,trailing_stop,7.19,57.81,0.0
NYT,BUY,0.6793,2025-12-15,2025-12-16,67.8254,2026-01-30,73.31,pre_earnings,8.09,65.7137,0.0
MU,BUY,0.7479,2026-01-20,2026-01-21,372.85,2026-01-30,429.22,trailing_stop,15.12,350.479,0.0
RGLD,BUY,0.7165,2026-01-20,2026-01-21,282.38,2026-01-30,265.4372,sl_hit,-6.0,265.4372,0.0
AGNC,STRONG_BUY,0.8376,2026-01-27,2026-01-28,12.0084,2026-01-30,11.529,sl_hit,-3.99,11.529,0.0
WDC,BUY,0.6643,2026-01-29,2026-01-30,278.24,2026-01-30,261.5456,sl_hit,-6.0,261.5456,0.0
HII,BUY,0.6536,2026-01-14,2026-01-15,412.3,2026-02-02,420.3,pre_earnings,1.94,387.562,0.0
SCCO,BUY,0.7549,2026-01-29,2026-01-30,196.0878,2026-02-04,199.6967,trailing_stop,1.84,184.3225,0.0
MKSI,STRONG_BUY,0.8171,2026-02-02,2026-02-03,239.76,2026-02-04,225.3744,sl_hit,-6.0,225.3744,0.0
TER,BUY,0.7021,2026-02-02,2026-02-03,258.0521,2026-02-04,280.3207,trailing_stop,8.63,242.569,0.0
WDC,BUY,0.6939,2026-02-02,2026-02-03,279.51,2026-02-04,262.7394,sl_hit,-6.0,262.7394,0.0
CAT,BUY,0.6573,2026-02-02,2026-02-03,694.36,2026-02-04,694.36,trailing_stop,0.0,653.3285,0.0
WCC,BUY,0.6512,2026-02-02,2026-02-03,299.45,2026-02-05,299.49,pre_earnings,0.01,283.48,0.0
BEN,BUY,0.6501,2026-02-02,2026-02-03,27.08,2026-02-05,27.08,trailing_stop,0.0,25.6314,0.0
LECO,BUY,0.7043,2026-02-05,2026-02-06,289.26,2026-02-09,297.6,pre_earnings,2.88,274.3586,0.0
SCHW,BUY,0.7425,2026-01-22,2026-01-23,103.3211,2026-02-10,98.4789,sl_hit,-4.69,98.4789,0.0
KEY,BUY,0.7105,2026-01-21,2026-01-22,21.7,2026-02-12,22.1825,trailing_stop,2.22,20.6271,0.0
CMC,BUY,0.7206,2026-01-22,2026-01-23,77.2,2026-02-12,80.6265,trailing_stop,4.44,72.568,0.0
CHRW,BUY,0.7426,2026-01-29,2026-01-30,191.92,2026-02-12,182.1929,sl_hit,-5.07,182.1929,0.0
HAS,BUY,0.7869,2026-02-10,2026-02-11,103.0793,2026-02-12,103.0793,trailing_stop,0.0,97.8255,0.0
NUE,BUY,0.6678,2026-01-26,2026-01-27,172.44,2026-02-13,187.055,trailing_stop,8.48,162.8929,0.0
NDSN,BUY,0.6988,2026-02-04,2026-02-05,283.32,2026-02-13,298.19,pre_earnings,5.25,272.3543,0.0
ADI,BUY,0.6982,2026-02-05,2026-02-06,322.96,2026-02-13,337.1,pre_earnings,4.38,303.5824,0.0
TER,BUY,0.7218,2026-02-09,2026-02-10,309.8704,2026-02-17,309.8704,trailing_stop,0.0,291.2782,0.0
TXN,BUY,0.7259,2026-02-04,2026-02-05,221.65,2026-02-19,221.65,trailing_stop,0.0,208.351,0.0
DCI,BUY,0.7668,2026-02-04,2026-02-05,106.6897,2026-02-23,107.54,timeout,0.8,101.927,0.0
BPOP,BUY,0.7494,2026-02-04,2026-02-05,140.27,2026-02-23,148.06,timeout,5.55,131.8538,0.0
GLW,BUY,0.7097,2026-02-04,2026-02-05,107.55,2026-02-23,142.66,timeout,32.65,101.097,0.0
LECO,BUY,0.7231,2026-02-12,2026-02-13,296.16,2026-02-23,280.16,timeout,-5.4,278.3904,0.0
FDX,BUY,0.6704,2026-02-12,2026-02-13,370.0,2026-02-23,389.155,timeout,5.18,350.41,0.0
FLS,BUY,0.656,2026-02-12,2026-02-13,87.38,2026-02-23,89.1,timeout,1.97,82.1372,0.0
AM,BUY,0.6685,2026-02-13,2026-02-17,21.45,2026-02-23,21.87,timeout,1.96,20.4888,0.0
MKSI,BUY,0.7131,2026-02-17,2026-02-18,243.38,2026-02-23,257.065,timeout,5.62,228.7772,0.0
ADI,BUY,0.7472,2026-02-18,2026-02-19,344.97,2026-02-23,356.98,timeout,3.48,324.2718,0.0
DTM,BUY,0.6812,2026-02-20,2026-02-23,132.24,2026-02-23,136.7875,timeout,3.44,125.4956,0.0
FTI,BUY,0.6541,2026-02-20,2026-02-23,61.47,2026-02-23,64.675,timeout,5.21,57.7818,0.0
SNDK,BUY,0.749,2026-02-24,2026-02-25,644.3,2026-02-27,635.36,timeout,-1.39,605.642,0.0
