Ticker,Trades,Wins,Losses,WinRate%,AvgPL%,TotalPL%,MaxWin%,MaxLoss%,SL_Hit,Trail_Stop,Timeout,STRONG_BUY,BUY
TSLA,10,4,6,40.0,15.12,151.21,93.63,-8.0,5,3,0,4,6
BE,3,0,3,33.3,42.8,128.41,144.41,-8.0,2,1,0,2,1
SMCI,8,3,5,37.5,9.88,79.08,56.65,-8.28,5,2,0,3,5
WBD,3,3,0,100.0,22.29,66.87,39.08,9.87,0,2,0,1,2
APP,5,4,1,80.0,12.79,63.94,29.27,-8.0,1,3,0,4,1
GLW,3,1,2,66.7,20.91,62.73,36.64,-4.16,1,0,1,2,1
FTAI,3,3,0,100.0,19.92,59.76,34.27,2.99,0,1,0,1,2
TTMI,1,1,0,100.0,56.06,56.06,56.06,56.06,0,0,0,0,1
CIEN,3,0,3,33.3,17.04,51.12,65.22,-7.62,2,1,0,2,1
APLD,5,2,3,40.0,9.35,46.77,46.62,-8.5,3,1,0,4,1
TWLO,4,2,2,50.0,11.32,45.3,60.14,-9.48,1,0,0,2,2
WST,4,4,0,100.0,11.29,45.15,28.58,1.45,0,2,0,1,3
WDC,4,1,3,25.0,10.97,43.88,65.34,-8.0,3,1,0,4,0
VRT,6,5,1,83.3,6.08,36.51,12.87,-1.32,0,3,1,3,3
EAT,2,1,1,50.0,17.7,35.39,42.49,-7.1,1,0,0,2,0
ZS,3,1,2,66.7,11.49,34.48,22.63,-4.35,0,2,1,1,2
TPR,3,1,2,66.7,10.96,32.87,33.37,-7.21,1,2,0,0,3
SCCO,5,2,3,40.0,6.34,31.71,40.02,-6.32,2,0,1,2,3
VNOM,3,1,2,66.7,10.53,31.6,17.37,-2.14,0,2,1,0,3
ANET,2,2,0,100.0,14.59,29.18,25.81,3.37,0,1,0,0,2
TKR,1,1,0,100.0,27.02,27.02,27.02,27.02,0,1,0,0,1
ROIV,3,1,2,66.7,8.94,26.82,23.31,-10.08,1,1,0,0,3
LMT,2,2,0,100.0,13.38,26.76,15.94,10.82,0,1,0,0,2
FIX,5,2,3,40.0,5.09,25.47,30.77,-10.92,3,0,0,3,2
XYZ,2,2,0,100.0,12.66,25.33,23.49,1.84,0,0,0,0,2
GE,2,2,0,100.0,12.46,24.92,12.82,12.1,0,1,0,1,1
AMD,2,2,0,100.0,12.25,24.49,15.73,8.76,0,0,0,1,1
MSTR,5,2,3,40.0,4.87,24.36,42.77,-14.11,2,2,0,3,2
NVDA,3,1,2,66.7,7.98,23.94,20.41,-7.38,1,1,0,3,0
PLTR,2,1,1,50.0,11.59,23.19,31.33,-8.14,1,1,0,2,0
GH,3,1,2,66.7,7.72,23.17,17.79,-8.0,1,2,0,1,2
ZWS,1,1,0,100.0,22.56,22.56,22.56,22.56,0,0,0,0,1
BLDR,1,1,0,100.0,22.39,22.39,22.39,22.39,0,0,0,1,0
MU,3,1,2,66.7,7.44,22.33,23.04,-8.0,1,1,0,2,1
UAL,2,1,1,50.0,10.8,21.6,29.6,-8.0,1,1,0,1,1
GM,1,1,0,100.0,20.52,20.52,20.52,20.52,0,0,0,0,1
HWM,1,1,0,100.0,20.14,20.14,20.14,20.14,0,0,0,0,1
ZBRA,2,1,1,50.0,10.06,20.12,25.91,-5.79,1,0,0,1,1
CAVA,1,1,0,100.0,19.97,19.97,19.97,19.97,0,0,0,1,0
IRM,1,1,0,100.0,18.77,18.77,18.77,18.77,0,0,0,1,0
GEN,3,1,2,66.7,6.11,18.33,21.11,-3.11,1,1,0,0,3
SGI,2,1,1,50.0,9.15,18.3,22.94,-4.64,1,0,0,0,2
ASTS,4,2,2,50.0,4.4,17.58,26.26,-8.0,2,2,0,3,1
ONON,1,1,0,100.0,17.57,17.57,17.57,17.57,0,0,0,0,1
SAIA,4,2,2,50.0,4.32,17.28,20.75,-7.43,1,2,0,2,2
STRL,3,1,2,66.7,5.7,17.09,24.57,-7.91,1,1,0,3,0
EXAS,3,0,3,33.3,5.69,17.06,22.35,-5.27,0,0,1,2,1
TMHC,1,1,0,100.0,16.17,16.17,16.17,16.17,0,0,0,1,0
UPS,3,1,2,66.7,5.37,16.12,20.58,-4.66,1,1,0,1,2
UMBF,2,2,0,100.0,7.96,15.92,15.08,0.84,0,0,0,0,2
TGT,3,1,2,66.7,5.13,15.38,15.64,-4.17,1,0,0,1,2
TLN,1,1,0,100.0,14.99,14.99,14.99,14.99,0,0,0,1,0
AHR,1,1,0,100.0,14.79,14.79,14.79,14.79,0,0,0,0,1
TER,4,2,2,50.0,3.6,14.39,22.3,-8.0,1,0,1,2,2
APG,1,1,0,100.0,14.08,14.08,14.08,14.08,0,0,0,0,1
RCL,1,1,0,100.0,13.11,13.11,13.11,13.11,0,0,0,1,0
HAL,1,1,0,100.0,12.82,12.82,12.82,12.82,0,1,0,0,1
Z,3,0,3,33.3,4.19,12.56,30.53,-9.97,2,1,0,3,0
LDOS,2,2,0,100.0,6.17,12.34,6.85,5.49,0,0,0,2,0
PM,2,2,0,100.0,6.12,12.25,7.52,4.73,0,2,0,2,0
OHI,1,1,0,100.0,11.72,11.72,11.72,11.72,0,0,0,0,1
NRG,2,1,1,50.0,5.8,11.61,13.45,-1.84,0,0,1,1,1
SPOT,5,1,4,20.0,2.25,11.27,37.1,-8.0,2,1,0,3,2
VTR,1,1,0,100.0,11.25,11.25,11.25,11.25,0,1,0,0,1
WAL,4,2,2,50.0,2.8,11.21,13.35,-7.39,1,1,1,1,3
AFL,1,1,0,100.0,11.17,11.17,11.17,11.17,0,0,0,1,0
SFM,5,2,3,40.0,2.21,11.07,28.94,-7.6,3,0,0,1,4
BWXT,2,2,0,100.0,5.04,10.07,6.34,3.73,0,0,0,1,1
UBER,2,1,1,50.0,4.92,9.83,11.43,-1.6,0,1,1,2,0
ALNY,2,1,1,50.0,4.85,9.69,17.69,-8.0,1,0,0,1,1
PRAX,3,0,3,33.3,3.18,9.55,25.55,-8.0,2,0,0,2,1
ZTS,1,1,0,100.0,9.53,9.53,9.53,9.53,0,0,0,0,1
LITE,3,0,3,33.3,3.13,9.38,25.1,-8.0,2,0,1,2,1
RJF,1,1,0,100.0,9.36,9.36,9.36,9.36,0,1,0,0,1
TEAM,5,1,4,20.0,1.87,9.35,31.75,-8.0,3,0,0,1,4
TXRH,4,2,2,50.0,2.27,9.08,7.87,-4.03,0,1,0,1,3
MOS,1,1,0,100.0,8.89,8.89,8.89,8.89,0,0,0,0,1
RDDT,1,1,0,100.0,8.88,8.88,8.88,8.88,0,1,0,1,0
ADM,1,1,0,100.0,8.71,8.71,8.71,8.71,0,1,0,0,1
UNH,2,2,0,100.0,4.3,8.61,5.82,2.79,0,1,0,0,2
STLD,4,2,2,50.0,2.09,8.35,11.64,-7.13,1,0,1,2,2
LLY,3,3,0,100.0,2.77,8.3,4.29,1.22,0,2,0,1,2
KEX,1,1,0,100.0,8.18,8.18,8.18,8.18,0,1,0,1,0
MPC,1,1,0,100.0,7.75,7.75,7.75,7.75,0,1,0,0,1
DOCU,2,1,1,50.0,3.82,7.63,15.63,-8.0,1,1,0,2,0
IT,1,1,0,100.0,7.18,7.18,7.18,7.18,0,1,0,1,0
AGNC,1,1,0,100.0,7.04,7.04,7.04,7.04,0,0,0,0,1
ALK,1,1,0,100.0,7.0,7.0,7.0,7.0,0,0,0,1,0
WAT,4,2,2,50.0,1.75,6.99,13.33,-5.22,1,1,0,0,4
SLB,3,3,0,100.0,2.26,6.79,3.27,0.53,0,2,0,0,3
AA,2,2,0,100.0,3.11,6.23,5.6,0.63,0,1,0,0,2
TTEK,3,0,3,33.3,2.05,6.16,12.72,-4.85,1,0,1,1,2
BMRN,1,1,0,100.0,6.07,6.07,6.07,6.07,0,1,0,0,1
FDX,1,1,0,100.0,6.06,6.06,6.06,6.06,0,0,1,1,0
WM,1,1,0,100.0,5.82,5.82,5.82,5.82,0,0,0,0,1
SOFI,1,1,0,100.0,5.49,5.49,5.49,5.49,0,0,0,1,0
CDNS,1,1,0,100.0,5.44,5.44,5.44,5.44,0,0,0,0,1
CPNG,1,1,0,100.0,5.44,5.44,5.44,5.44,0,0,0,0,1
SCHW,3,3,0,100.0,1.76,5.27,2.44,0.75,0,1,0,0,3
DTM,1,1,0,100.0,5.27,5.27,5.27,5.27,0,0,0,0,1
WELL,2,2,0,100.0,2.54,5.08,4.72,0.36,0,1,0,0,2
ALL,1,1,0,100.0,4.96,4.96,4.96,4.96,0,0,0,0,1
CBOE,1,1,0,100.0,4.67,4.67,4.67,4.67,0,0,0,0,1
CPRT,1,1,0,100.0,4.63,4.63,4.63,4.63,0,0,0,0,1
FOX,1,1,0,100.0,4.61,4.61,4.61,4.61,0,0,0,0,1
AEIS,1,1,0,100.0,4.6,4.6,4.6,4.6,0,0,0,0,1
SNX,2,1,1,50.0,2.26,4.53,9.01,-4.48,1,0,0,1,1
NTAP,1,1,0,100.0,4.25,4.25,4.25,4.25,0,1,0,1,0
SRE,1,1,0,100.0,4.23,4.23,4.23,4.23,0,1,0,0,1
TSCO,5,1,4,20.0,0.83,4.13,18.55,-6.23,3,0,1,0,5
AU,2,1,1,50.0,2.02,4.05,11.12,-7.07,1,1,0,0,2
NTNX,2,1,1,50.0,1.9,3.8,10.97,-7.17,1,1,0,0,2
ABBV,1,1,0,100.0,3.6,3.6,3.6,3.6,0,1,0,0,1
GILD,2,1,1,50.0,1.72,3.44,5.9,-2.46,0,0,1,1,1
TRGP,5,2,3,40.0,0.68,3.41,9.35,-7.39,2,0,0,2,3
EXC,1,1,0,100.0,3.22,3.22,3.22,3.22,0,1,0,0,1
PHM,2,2,0,100.0,1.58,3.17,1.66,1.51,0,1,0,1,1
TTD,2,1,1,50.0,1.54,3.07,11.07,-8.0,1,1,0,1,1
XPO,4,1,3,25.0,0.73,2.93,17.8,-6.93,2,0,1,2,2
META,3,1,2,66.7,0.96,2.88,6.15,-6.1,1,0,0,2,1
WTRG,1,1,0,100.0,2.87,2.87,2.87,2.87,0,0,0,0,1
WMB,2,2,0,100.0,1.42,2.83,2.09,0.74,0,0,0,0,2
CTVA,1,1,0,100.0,2.67,2.67,2.67,2.67,0,0,0,0,1
AAON,1,1,0,100.0,2.58,2.58,2.58,2.58,0,0,0,0,1
JBL,4,3,1,75.0,0.63,2.51,2.3,-3.14,0,2,1,2,2
VRSN,1,1,0,100.0,2.28,2.28,2.28,2.28,0,1,0,0,1
MOD,4,2,2,50.0,0.57,2.27,9.72,-8.0,2,0,1,3,1
H,1,1,0,100.0,1.91,1.91,1.91,1.91,0,0,0,0,1
UHS,1,1,0,100.0,1.91,1.91,1.91,1.91,0,1,0,1,0
NU,1,1,0,100.0,1.72,1.72,1.72,1.72,0,0,0,0,1
BG,4,2,2,50.0,0.38,1.52,10.83,-6.7,2,0,0,2,2
TRMB,1,1,0,100.0,1.42,1.42,1.42,1.42,0,1,0,0,1
TXT,1,1,0,100.0,1.36,1.36,1.36,1.36,0,1,0,0,1
CELH,2,1,1,50.0,0.67,1.33,9.33,-8.0,1,0,0,1,1
WING,4,2,2,50.0,0.29,1.16,10.18,-8.0,2,0,0,0,4
YUM,1,1,0,100.0,1.07,1.07,1.07,1.07,0,0,0,0,1
MCK,2,1,1,50.0,0.53,1.06,3.99,-2.93,1,1,0,0,2
WBS,1,1,0,100.0,0.99,0.99,0.99,0.99,0,1,0,0,1
STT,1,1,0,100.0,0.95,0.95,0.95,0.95,0,1,0,0,1
CRWD,2,1,1,50.0,0.46,0.92,8.92,-8.0,1,1,0,1,1
XOM,3,1,2,66.7,0.3,0.91,5.59,-5.83,1,0,1,2,1
JNJ,1,1,0,100.0,0.83,0.83,0.83,0.83,0,1,0,0,1
JPM,1,1,0,100.0,0.81,0.81,0.81,0.81,0,0,0,0,1
STE,2,1,1,50.0,0.35,0.7,3.89,-3.19,1,0,0,0,2
AL,1,1,0,100.0,0.69,0.69,0.69,0.69,0,0,0,0,1
UGI,1,1,0,100.0,0.67,0.67,0.67,0.67,0,0,0,0,1
UDR,2,1,1,50.0,0.26,0.51,3.7,-3.19,1,0,0,0,2
LUV,1,1,0,100.0,0.47,0.47,0.47,0.47,0,0,1,1,0
LUMN,2,1,1,50.0,0.17,0.34,10.57,-10.23,1,1,0,2,0
SW,1,1,0,100.0,0.22,0.22,0.22,0.22,0,1,0,0,1
ZBH,1,1,0,100.0,0.22,0.22,0.22,0.22,0,0,0,0,1
BSX,1,1,0,100.0,0.08,0.08,0.08,0.08,0,0,0,1,0
DAL,1,1,0,100.0,0.07,0.07,0.07,0.07,0,1,0,0,1
DECK,3,0,3,33.3,0.01,0.03,9.8,-6.13,2,1,0,1,2
THC,3,0,3,33.3,0.01,0.03,9.48,-8.0,1,0,1,1,2
JAZZ,1,0,1,0.0,-0.05,-0.05,-0.05,-0.05,0,0,1,0,1
VOYA,1,0,1,0.0,-0.09,-0.09,-0.09,-0.09,0,0,0,0,1
CSCO,1,0,1,0.0,-0.17,-0.17,-0.17,-0.17,0,0,1,0,1
MRK,1,0,1,0.0,-0.22,-0.22,-0.22,-0.22,0,0,1,0,1
WAB,1,0,1,0.0,-0.33,-0.33,-0.33,-0.33,0,0,1,1,0
CVS,1,0,1,0.0,-0.43,-0.43,-0.43,-0.43,0,0,0,0,1
SATS,2,1,1,50.0,-0.23,-0.46,7.54,-8.0,1,1,0,1,1
UNP,1,0,1,0.0,-0.49,-0.49,-0.49,-0.49,0,0,0,0,1
BJ,1,0,1,0.0,-0.58,-0.58,-0.58,-0.58,0,0,1,0,1
VNT,1,0,1,0.0,-0.63,-0.63,-0.63,-0.63,0,0,1,1,0
NFLX,2,1,1,50.0,-0.32,-0.64,6.27,-6.91,1,0,0,1,1
ARMK,1,0,1,0.0,-0.67,-0.67,-0.67,-0.67,0,0,0,0,1
SPG,1,0,1,0.0,-0.74,-0.74,-0.74,-0.74,0,0,0,0,1
SUI,3,0,3,33.3,-0.27,-0.81,5.63,-3.35,2,1,0,0,3
COR,1,0,1,0.0,-0.86,-0.86,-0.86,-0.86,0,0,0,0,1
TJX,1,0,1,0.0,-0.91,-0.91,-0.91,-0.91,0,0,1,0,1
WSM,4,2,2,50.0,-0.23,-0.93,6.94,-8.0,1,2,1,4,0
WTW,1,0,1,0.0,-0.96,-0.96,-0.96,-0.96,0,0,1,0,1
LW,1,0,1,0.0,-0.98,-0.98,-0.98,-0.98,0,0,1,0,1
DKNG,1,0,1,0.0,-1.1,-1.1,-1.1,-1.1,0,0,1,1,0
TTC,2,1,1,50.0,-0.55,-1.11,3.06,-4.17,1,1,0,1,1
WFC,1,0,1,0.0,-1.19,-1.19,-1.19,-1.19,0,0,1,0,1
TRU,2,0,2,0.0,-0.6,-1.2,-0.43,-0.77,0,0,1,0,2
FHN,1,0,1,0.0,-1.28,-1.28,-1.28,-1.28,1,0,0,0,1
NTRA,1,0,1,0.0,-1.28,-1.28,-1.28,-1.28,0,0,1,0,1
CME,1,0,1,0.0,-1.37,-1.37,-1.37,-1.37,0,0,0,0,1
FOXA,2,1,1,50.0,-0.73,-1.46,3.72,-5.18,1,0,0,0,2
FSLR,2,1,1,50.0,-0.75,-1.51,6.49,-8.0,1,1,0,1,1
PODD,1,0,1,0.0,-1.82,-1.82,-1.82,-1.82,0,0,1,0,1
HPQ,1,0,1,0.0,-1.88,-1.88,-1.88,-1.88,0,0,1,0,1
AM,1,0,1,0.0,-1.9,-1.9,-1.9,-1.9,0,0,1,0,1
AR,1,0,1,0.0,-1.99,-1.99,-1.99,-1.99,0,0,0,0,1
BRK-B,1,0,1,0.0,-2.33,-2.33,-2.33,-2.33,0,0,0,0,1
VLO,1,0,1,0.0,-2.34,-2.34,-2.34,-2.34,0,0,0,0,1
XEL,1,0,1,0.0,-2.51,-2.51,-2.51,-2.51,1,0,0,0,1
BAH,2,1,1,50.0,-1.3,-2.61,1.94,-4.55,1,1,0,1,1
ORA,2,1,1,50.0,-1.32,-2.64,3.16,-5.8,1,0,0,1,1
NLY,1,0,1,0.0,-2.64,-2.64,-2.64,-2.64,1,0,0,0,1
ORLY,4,1,3,25.0,-0.66,-2.66,6.22,-4.85,2,0,1,0,4
TSN,1,0,1,0.0,-2.72,-2.72,-2.72,-2.72,1,0,0,0,1
STAG,1,0,1,0.0,-2.8,-2.8,-2.8,-2.8,1,0,0,0,1
RVMD,3,0,3,33.3,-0.96,-2.88,10.17,-8.0,1,0,0,0,3
ZION,1,0,1,0.0,-2.91,-2.91,-2.91,-2.91,0,0,0,0,1
CBRE,1,0,1,0.0,-2.91,-2.91,-2.91,-2.91,0,0,1,0,1
AKAM,1,0,1,0.0,-3.0,-3.0,-3.0,-3.0,1,0,0,0,1
BRO,1,0,1,0.0,-3.01,-3.01,-3.01,-3.01,1,0,0,0,1
T,1,0,1,0.0,-3.13,-3.13,-3.13,-3.13,1,0,0,0,1
WFRD,4,1,3,25.0,-0.8,-3.21,8.35,-8.0,1,1,0,2,2
AAPL,1,0,1,0.0,-3.22,-3.22,-3.22,-3.22,1,0,0,0,1
XP,1,0,1,0.0,-3.28,-3.28,-3.28,-3.28,0,0,0,0,1
CAG,1,0,1,0.0,-3.33,-3.33,-3.33,-3.33,1,0,0,0,1
TMO,3,0,3,33.3,-1.12,-3.36,3.07,-4.48,1,1,1,0,3
TROW,1,0,1,0.0,-3.47,-3.47,-3.47,-3.47,1,0,0,0,1
VICI,1,0,1,0.0,-3.52,-3.52,-3.52,-3.52,1,0,0,0,1
NFG,1,0,1,0.0,-3.59,-3.59,-3.59,-3.59,1,0,0,0,1
V,1,0,1,0.0,-3.62,-3.62,-3.62,-3.62,1,0,0,0,1
EIX,2,0,2,0.0,-1.81,-3.62,-0.21,-3.41,1,0,1,1,1
SBUX,1,0,1,0.0,-3.68,-3.68,-3.68,-3.68,1,0,0,0,1
AEP,1,0,1,0.0,-3.79,-3.79,-3.79,-3.79,1,0,0,0,1
SPXC,1,0,1,0.0,-3.81,-3.81,-3.81,-3.81,1,0,0,0,1
SCI,2,0,2,0.0,-1.92,-3.84,-0.05,-3.79,1,0,1,0,2
LSCC,1,0,1,0.0,-3.93,-3.93,-3.93,-3.93,0,0,1,0,1
PSX,1,0,1,0.0,-4.01,-4.01,-4.01,-4.01,1,0,0,0,1
PNC,1,0,1,0.0,-4.06,-4.06,-4.06,-4.06,1,0,0,1,0
CBSH,1,0,1,0.0,-4.07,-4.07,-4.07,-4.07,1,0,0,1,0
EBAY,1,0,1,0.0,-4.08,-4.08,-4.08,-4.08,0,0,1,1,0
PNR,1,0,1,0.0,-4.1,-4.1,-4.1,-4.1,1,0,0,0,1
REGN,1,0,1,0.0,-4.16,-4.16,-4.16,-4.16,0,0,0,0,1
MASI,1,0,1,0.0,-4.18,-4.18,-4.18,-4.18,1,0,0,0,1
CAH,3,0,3,33.3,-1.4,-4.19,2.18,-5.72,1,1,1,1,2
CMG,2,0,2,0.0,-2.12,-4.25,-0.13,-4.12,1,0,1,1,1
RMD,1,0,1,0.0,-4.27,-4.27,-4.27,-4.27,1,0,0,1,0
LVS,2,1,1,50.0,-2.15,-4.3,1.19,-5.49,1,1,0,0,2
HCA,1,0,1,0.0,-4.33,-4.33,-4.33,-4.33,1,0,0,0,1
CWAN,1,0,1,0.0,-4.51,-4.51,-4.51,-4.51,1,0,0,0,1
VTRS,1,0,1,0.0,-4.51,-4.51,-4.51,-4.51,1,0,0,0,1
MMM,1,0,1,0.0,-4.53,-4.53,-4.53,-4.53,1,0,0,1,0
CARR,1,0,1,0.0,-4.56,-4.56,-4.56,-4.56,1,0,0,0,1
DE,1,0,1,0.0,-4.65,-4.65,-4.65,-4.65,1,0,0,0,1
DLR,1,0,1,0.0,-4.68,-4.68,-4.68,-4.68,1,0,0,1,0
RYN,1,0,1,0.0,-4.75,-4.75,-4.75,-4.75,0,0,1,0,1
RL,1,0,1,0.0,-4.84,-4.84,-4.84,-4.84,1,0,0,0,1
MTB,2,1,1,50.0,-2.42,-4.85,0.77,-5.62,1,0,0,1,1
ULTA,1,0,1,0.0,-4.87,-4.87,-4.87,-4.87,1,0,0,0,1
RBA,1,0,1,0.0,-4.95,-4.95,-4.95,-4.95,1,0,0,0,1
VRTX,1,0,1,0.0,-4.98,-4.98,-4.98,-4.98,1,0,0,0,1
OC,1,0,1,0.0,-5.08,-5.08,-5.08,-5.08,1,0,0,0,1
CHRW,1,0,1,0.0,-5.1,-5.1,-5.1,-5.1,1,0,0,1,0
RMBS,4,2,2,50.0,-1.28,-5.13,7.83,-8.0,2,1,0,3,1
WYNN,1,0,1,0.0,-5.13,-5.13,-5.13,-5.13,1,0,0,1,0
TMUS,2,1,1,50.0,-2.58,-5.17,0.94,-6.11,1,0,0,0,2
RTX,1,0,1,0.0,-5.17,-5.17,-5.17,-5.17,1,0,0,0,1
OWL,1,0,1,0.0,-5.18,-5.18,-5.18,-5.18,1,0,0,0,1
GKOS,1,0,1,0.0,-5.31,-5.31,-5.31,-5.31,1,0,0,0,1
FLEX,1,0,1,0.0,-5.47,-5.47,-5.47,-5.47,1,0,0,0,1
MIDD,1,0,1,0.0,-5.56,-5.56,-5.56,-5.56,1,0,0,0,1
SO,2,0,2,0.0,-2.79,-5.57,-2.16,-3.41,2,0,0,1,1
SNOW,1,0,1,0.0,-5.57,-5.57,-5.57,-5.57,1,0,0,1,0
FN,1,0,1,0.0,-5.69,-5.69,-5.69,-5.69,1,0,0,0,1
PFGC,1,0,1,0.0,-5.81,-5.81,-5.81,-5.81,1,0,0,0,1
WDAY,2,1,1,50.0,-2.91,-5.82,2.18,-8.0,1,0,0,0,2
CMC,1,0,1,0.0,-5.82,-5.82,-5.82,-5.82,1,0,0,0,1
TIGO,1,0,1,0.0,-5.83,-5.83,-5.83,-5.83,1,0,0,1,0
CVNA,2,1,1,50.0,-2.92,-5.85,2.15,-8.0,1,1,0,2,0
DKS,1,0,1,0.0,-5.93,-5.93,-5.93,-5.93,1,0,0,0,1
ORCL,1,0,1,0.0,-5.94,-5.94,-5.94,-5.94,1,0,0,1,0
CFG,1,0,1,0.0,-6.04,-6.04,-6.04,-6.04,1,0,0,1,0
TEX,1,0,1,0.0,-6.07,-6.07,-6.07,-6.07,1,0,0,0,1
PAYC,1,0,1,0.0,-6.1,-6.1,-6.1,-6.1,1,0,0,0,1
COP,1,0,1,0.0,-6.22,-6.22,-6.22,-6.22,1,0,0,0,1
WMT,1,0,1,0.0,-6.24,-6.24,-6.24,-6.24,1,0,0,0,1
NBIX,1,0,1,0.0,-6.42,-6.42,-6.42,-6.42,1,0,0,0,1
VRSK,2,0,2,0.0,-3.23,-6.45,-3.06,-3.39,2,0,0,0,2
PGR,2,0,2,0.0,-3.25,-6.5,-2.87,-3.63,1,0,0,0,2
NUE,1,0,1,0.0,-6.53,-6.53,-6.53,-6.53,1,0,0,0,1
WMS,4,2,2,50.0,-1.65,-6.59,6.8,-8.0,2,2,0,0,4
PRIM,1,0,1,0.0,-6.62,-6.62,-6.62,-6.62,1,0,0,0,1
F,1,0,1,0.0,-6.7,-6.7,-6.7,-6.7,1,0,0,0,1
SHW,2,0,2,0.0,-3.37,-6.74,-2.71,-4.03,1,0,0,0,2
EOG,2,0,2,0.0,-3.42,-6.83,-0.9,-5.93,1,0,0,0,2
ZM,9,2,7,22.2,-0.8,-7.18,36.52,-11.76,6,2,0,2,7
GEV,1,0,1,0.0,-7.29,-7.29,-7.29,-7.29,1,0,0,1,0
MP,3,0,3,33.3,-2.46,-7.37,9.77,-9.14,2,0,0,3,0
BWA,1,0,1,0.0,-7.42,-7.42,-7.42,-7.42,1,0,0,1,0
EXEL,2,0,2,0.0,-3.71,-7.43,-1.35,-6.08,1,0,1,2,0
RKT,2,1,1,50.0,-3.73,-7.46,1.35,-8.81,1,1,0,2,0
AJG,2,0,2,0.0,-3.92,-7.85,-3.6,-4.25,2,0,0,0,2
PFE,1,0,1,0.0,-8.0,-8.0,-8.0,-8.0,1,0,0,0,1
MRVL,1,0,1,0.0,-8.0,-8.0,-8.0,-8.0,1,0,0,0,1
IOT,1,0,1,0.0,-8.0,-8.0,-8.0,-8.0,1,0,0,0,1
CYTK,1,0,1,0.0,-8.0,-8.0,-8.0,-8.0,1,0,0,1,0
ARWR,1,0,1,0.0,-8.0,-8.0,-8.0,-8.0,1,0,0,0,1
DELL,1,0,1,0.0,-8.0,-8.0,-8.0,-8.0,1,0,0,1,0
GAP,1,0,1,0.0,-8.0,-8.0,-8.0,-8.0,1,0,0,1,0
RNA,1,0,1,0.0,-8.0,-8.0,-8.0,-8.0,1,0,0,1,0
CRDO,1,0,1,0.0,-8.0,-8.0,-8.0,-8.0,1,0,0,1,0
BROS,1,0,1,0.0,-8.0,-8.0,-8.0,-8.0,1,0,0,1,0
SANM,1,0,1,0.0,-8.0,-8.0,-8.0,-8.0,1,0,0,1,0
INTC,1,0,1,0.0,-8.0,-8.0,-8.0,-8.0,1,0,0,1,0
HL,1,0,1,0.0,-8.0,-8.0,-8.0,-8.0,1,0,0,1,0
CDE,1,0,1,0.0,-8.0,-8.0,-8.0,-8.0,1,0,0,1,0
MKSI,1,0,1,0.0,-8.0,-8.0,-8.0,-8.0,1,0,0,1,0
SNDK,1,0,1,0.0,-8.0,-8.0,-8.0,-8.0,1,0,0,0,1
CEG,2,0,2,0.0,-4.05,-8.11,-0.91,-7.2,1,0,1,2,0
BPOP,2,0,2,0.0,-4.28,-8.56,-3.35,-5.21,2,0,0,1,1
SWKS,3,0,3,33.3,-2.86,-8.58,6.55,-8.0,2,1,0,0,3
SJM,2,0,2,0.0,-4.31,-8.63,-3.01,-5.62,2,0,0,0,2
KTOS,5,2,3,40.0,-1.82,-9.1,9.0,-8.0,2,1,0,3,2
NET,2,0,2,0.0,-4.68,-9.36,-1.36,-8.0,1,0,0,2,0
OLLI,2,0,2,0.0,-4.7,-9.4,-1.44,-7.96,1,0,1,1,1
ACGL,2,0,2,0.0,-4.76,-9.53,-4.35,-5.18,2,0,0,0,2
LNG,2,0,2,0.0,-4.79,-9.59,-3.93,-5.66,2,0,0,0,2
AFRM,1,0,1,0.0,-9.68,-9.68,-9.68,-9.68,1,0,0,1,0
TT,4,2,2,50.0,-2.43,-9.74,1.35,-7.31,2,1,0,0,4
RVTY,5,2,3,40.0,-2.0,-9.98,3.43,-5.35,3,1,0,0,5
SNPS,2,0,2,0.0,-5.37,-10.73,-5.2,-5.53,2,0,0,1,1
HSY,3,0,3,0.0,-3.62,-10.86,-2.41,-5.43,3,0,0,1,2
TYL,2,0,2,0.0,-5.62,-11.24,-4.62,-6.62,2,0,0,0,2
TTWO,2,0,2,0.0,-5.69,-11.37,-5.32,-6.05,2,0,0,0,2
SLAB,3,0,3,33.3,-3.79,-11.37,2.46,-7.87,2,1,0,1,2
TOL,3,0,3,33.3,-3.89,-11.66,3.29,-9.19,2,0,0,0,3
FTI,2,0,2,0.0,-5.87,-11.73,-5.5,-6.23,2,0,0,0,2
TW,3,0,3,0.0,-3.99,-11.96,-0.66,-8.0,1,0,1,1,2
WEC,2,0,2,0.0,-6.12,-12.23,-2.22,-10.01,2,0,0,0,2
VST,2,0,2,0.0,-6.42,-12.84,-4.84,-8.0,2,0,0,1,1
URI,2,0,2,0.0,-6.43,-12.85,-6.37,-6.48,2,0,0,1,1
RSG,4,0,4,0.0,-3.28,-13.11,-2.15,-5.22,4,0,0,0,4
SMTC,3,0,3,0.0,-4.56,-13.67,-0.2,-7.36,2,0,1,2,1
AVAV,2,0,2,0.0,-6.83,-13.67,-5.67,-8.0,2,0,0,1,1
WCC,3,0,3,0.0,-4.65,-13.96,-2.55,-6.45,2,0,1,1,2
PR,2,0,2,0.0,-7.04,-14.09,-6.87,-7.22,2,0,0,0,2
SBAC,2,0,2,0.0,-7.41,-14.82,-5.88,-8.94,2,0,0,0,2
SITE,2,0,2,0.0,-7.45,-14.9,-6.9,-8.0,2,0,0,0,2
W,2,0,2,0.0,-8.0,-16.0,-8.0,-8.0,2,0,0,1,1
COMP,2,0,2,0.0,-8.0,-16.0,-8.0,-8.0,2,0,0,2,0
NXT,2,0,2,0.0,-8.0,-16.0,-8.0,-8.0,2,0,0,2,0
RKLB,5,1,4,20.0,-3.27,-16.36,16.84,-9.2,4,1,0,4,1
HALO,2,0,2,0.0,-8.94,-17.88,-5.79,-12.09,2,0,0,0,2
TKO,4,0,4,0.0,-4.78,-19.12,-0.34,-8.0,1,0,2,3,1
EXPE,2,0,2,0.0,-9.87,-19.73,-8.0,-11.73,2,0,0,1,1
BBIO,3,0,3,0.0,-8.0,-24.0,-8.0,-8.0,3,0,0,3,0
TECH,4,0,4,0.0,-6.84,-27.37,-5.09,-8.0,4,0,0,0,4
CRS,4,0,4,0.0,-7.42,-29.7,-3.43,-10.92,3,0,1,3,1
AXSM,3,0,3,0.0,-10.12,-30.37,-6.87,-15.5,3,0,0,1,2
ATI,4,0,4,0.0,-7.74,-30.95,-7.23,-8.38,4,0,0,3,1
QXO,2,0,2,0.0,-16.16,-32.33,-8.0,-24.33,2,0,0,1,1
AVGO,6,0,6,0.0,-6.64,-39.86,-4.79,-8.0,6,0,0,4,2
UEC,7,0,7,0.0,-8.0,-56.0,-8.0,-8.0,7,0,0,4,3
OKLO,7,0,7,0.0,-8.0,-56.0,-8.0,-8.0,7,0,0,5,2
IONQ,6,0,6,0.0,-12.02,-72.12,-8.0,-24.43,5,0,0,4,2
