strategy,ticker,entry_date,exit_date,entry_price,exit_price,pl_pct,holding_days,allocated
V2-高リターン(+ETF),PANW,2020-11-18,2021-01-06,48.33333206176758,57.368,18.69,33,648.08
V2-高リターン(+ETF),SPOT,2020-12-03,2021-01-15,317.5,321.3797,1.22,30,132.56
V2-高リターン(+ETF),MTCH,2020-10-28,2021-01-22,119.51935148134494,138.1597,15.6,59,231.71
V2-高リターン(+ETF),DVN,2021-01-07,2021-01-22,13.991245656796297,13.3863,-4.32,11,669.9
V2-高リターン(+ETF),EXPE,2020-11-10,2021-01-25,121.03828102621097,130.2473,7.61,51,424.9
V2-高リターン(+ETF),GS,2020-12-22,2021-01-25,226.8975752551599,250.0252,10.19,22,647.17
V2-高リターン(+ETF),GME,2021-01-25,2021-01-25,24.1825008392334,24.1825,0.0,1,671.38
V2-高リターン(+ETF),GME,2021-01-26,2021-01-26,22.139999389648438,22.14,0.0,1,689.81
V2-高リターン(+ETF),ZBRA,2020-11-04,2021-01-27,320.4200134277344,384.3011,19.94,57,706.53
V2-高リターン(+ETF),CLH,2020-11-11,2021-01-27,73.80000305175781,77.4662,4.97,52,658.56
V2-高リターン(+ETF),TTEK,2021-01-25,2021-01-27,27.45597384510065,25.2595,-8.0,3,237.4
V2-高リターン(+ETF),IRM,2021-01-26,2021-01-27,26.053581523916723,27.3421,4.95,2,689.81
V2-高リターン(+ETF),GME,2021-01-27,2021-01-27,88.7074966430664,81.6109,-8.0,1,689.81
V2-高リターン(+ETF),NYT,2021-01-26,2021-01-28,51.03343121651535,49.4769,-3.05,3,462.12
V2-高リターン(+ETF),GME,2021-01-28,2021-01-28,66.25,66.25,0.0,1,714.85
V2-高リターン(+ETF),LUMN,2021-01-28,2021-01-28,11.14893546018369,10.257,-8.0,1,714.85
V2-高リターン(+ETF),WBD,2021-01-28,2021-01-29,43.58000183105469,40.0936,-8.0,2,714.85
V2-高リターン(+ETF),WSM,2021-01-28,2021-01-29,65.28108717725003,60.0586,-8.0,2,256.23
V2-高リターン(+ETF),IRM,2021-01-28,2021-02-02,29.051971384990622,26.7278,-8.0,4,714.85
V2-高リターン(+ETF),KRYS,2021-01-19,2021-02-03,68.54000091552734,63.0568,-8.0,12,234.77
V2-高リターン(+ETF),PSTG,2021-02-04,2021-02-23,27.8799991607666,25.13,-9.86,13,215.99
V2-高リターン(+ETF),OSK,2021-02-24,2021-02-25,107.53252637543383,98.9299,-8.0,2,194.69
V2-高リターン(+ETF),ABT,2021-01-29,2021-02-26,109.75193829159832,109.3005,-0.41,20,701.48
V2-高リターン(+ETF),QXO,2021-02-26,2021-02-26,43.82176133442323,40.316,-8.0,1,179.11
V2-高リターン(+ETF),MIDD,2021-03-01,2021-03-01,150.82000732421875,146.6425,-2.77,1,200.85
V2-高リターン(+ETF),PTC,2021-01-29,2021-03-03,137.6699981689453,133.3547,-3.13,23,701.48
V2-高リターン(+ETF),WAT,2021-02-03,2021-03-03,289.6600036621094,270.5347,-6.6,20,657.66
V2-高リターン(+ETF),SWKS,2021-02-01,2021-03-04,151.3518126508916,150.1548,-0.79,23,686.91
V2-高リターン(+ETF),PR,2021-03-04,2021-03-17,4.090594065480417,3.9592,-3.21,10,644.51
V2-高リターン(+ETF),FANG,2021-03-05,2021-03-18,67.98387009754119,62.5452,-8.0,10,648.2
V2-高リターン(+ETF),TPL,2021-03-18,2021-03-18,178.28315041535177,164.0205,-8.0,1,644.28
V2-高リターン(+ETF),AA,2021-03-04,2021-03-23,28.383101763799267,26.1125,-8.0,14,649.22
V2-高リターン(+ETF),AGCO,2021-03-19,2021-03-23,123.14385224624255,113.2923,-8.0,3,576.31
V2-高リターン(+ETF),WDC,2021-02-01,2021-03-25,42.89120846769206,46.9402,9.44,38,206.48
V2-高リターン(+ETF),MIDD,2021-03-02,2021-04-21,160.1300048828125,158.29,-1.15,36,195.29
V2-高リターン(+ETF),SFM,2021-03-26,2021-04-26,26.34000015258789,25.8558,-1.84,21,610.06
V2-高リターン(+ETF),CDW,2021-03-29,2021-05-05,157.60415599195372,163.079,3.47,27,133.35
V2-高リターン(+ETF),HPQ,2021-03-01,2021-05-11,24.7789716663749,28.4413,14.78,51,662.53
V2-高リターン(+ETF),HIG,2021-03-19,2021-05-11,61.37525213303219,58.0636,-5.4,37,624.78
V2-高リターン(+ETF),MIDD,2021-04-22,2021-05-12,185.0800018310547,170.2736,-8.0,15,193.05
V2-高リターン(+ETF),AR,2021-05-12,2021-05-13,11.579999923706055,10.6536,-8.0,2,620.44
V2-高リターン(+ETF),AFG,2021-01-29,2021-06-08,54.65396781196193,78.8724,44.31,90,417.57
V2-高リターン(+ETF),COKE,2021-05-14,2021-06-14,31.569633276396296,39.3269,24.57,21,570.8
V2-高リターン(+ETF),NUE,2021-03-26,2021-06-17,69.25025223264197,91.107,31.56,58,610.06
V2-高リターン(+ETF),CLH,2021-05-06,2021-06-17,94.5199966430664,89.9839,-4.8,30,137.98
V2-高リターン(+ETF),VNOM,2021-06-09,2021-06-17,14.673651251754068,13.4998,-8.0,7,602.6
V2-高リターン(+ETF),GEN,2021-05-12,2021-06-18,21.613362828916195,24.3334,12.59,27,620.44
V2-高リターン(+ETF),RRC,2021-05-13,2021-06-18,11.379992097582711,13.2775,16.67,26,288.24
V2-高リターン(+ETF),NTNX,2021-06-15,2021-07-08,37.15999984741211,36.51,-1.75,17,669.23
V2-高リターン(+ETF),NVDA,2021-06-18,2021-07-15,18.74209039865033,19.089,1.85,19,695.05
V2-高リターン(+ETF),HUBS,2021-06-21,2021-07-15,588.3099975585938,550.045,-6.5,18,718.7
V2-高リターン(+ETF),FTNT,2021-06-18,2021-07-30,47.400001525878906,51.3185,8.27,30,140.08
V2-高リターン(+ETF),INVH,2021-07-09,2021-08-10,34.37641016767397,33.8743,-1.46,23,657.52
V2-高リターン(+ETF),MRNA,2021-07-16,2021-08-11,276.9200134277344,390.7266,41.1,19,710.15
V2-高リターン(+ETF),DOCU,2021-06-21,2021-08-17,268.80999755859375,281.5887,4.75,41,316.12
V2-高リターン(+ETF),AMH,2021-07-16,2021-08-17,37.04262269954162,36.1693,-2.36,23,669.72
V2-高リターン(+ETF),PFE,2021-08-18,2021-08-25,39.87452585949989,37.8126,-5.17,6,457.19
V2-高リターン(+ETF),NUE,2021-08-12,2021-09-03,113.99165209789318,106.4373,-6.63,17,765.25
V2-高リターン(+ETF),MDB,2021-09-07,2021-09-08,514.7999877929688,473.616,-8.0,2,714.54
V2-高リターン(+ETF),ACI,2021-08-11,2021-09-10,19.416663697001752,20.1773,3.92,22,647.92
V2-高リターン(+ETF),KR,2021-08-18,2021-09-10,41.08308783378862,40.4252,-1.6,17,765.21
V2-高リターン(+ETF),OTIS,2021-04-27,2021-09-16,70.84934249105333,82.7295,16.77,100,598.85
V2-高リターン(+ETF),PLTR,2021-09-17,2021-09-20,28.65999984741211,26.3672,-8.0,2,699.27
V2-高リターン(+ETF),NET,2021-06-18,2021-09-28,102.30000305175781,119.33,16.65,71,695.05
V2-高リターン(+ETF),TEAM,2021-08-02,2021-09-28,324.20001220703125,383.71,18.36,41,151.66
V2-高リターン(+ETF),WING,2021-09-13,2021-09-28,176.1765775104691,162.5687,-7.72,12,683.24
V2-高リターン(+ETF),DKS,2021-08-26,2021-09-30,113.64426214460264,114.2498,0.53,25,433.55
V2-高リターン(+ETF),DRI,2021-09-24,2021-10-18,137.92243246276624,127.9869,-7.2,17,643.33
V2-高リターン(+ETF),AFRM,2021-09-13,2021-11-10,110.20999908447266,140.3827,27.38,43,743.02
V2-高リターン(+ETF),COP,2021-09-29,2021-11-12,57.441804651237724,61.1071,6.38,33,768.38
V2-高リターン(+ETF),DASH,2021-11-15,2021-11-17,247.52000427246094,227.7184,-8.0,3,807.46
V2-高リターン(+ETF),IONQ,2021-11-18,2021-11-18,33.7400016784668,31.0408,-8.0,1,795.78
V2-高リターン(+ETF),MTDR,2021-09-29,2021-11-19,34.379817254568884,37.4506,8.93,38,83.97
V2-高リターン(+ETF),NET,2021-10-19,2021-11-22,179.5,186.8688,4.11,25,596.99
V2-高リターン(+ETF),DDOG,2021-09-09,2021-11-23,140.0,170.61,21.86,54,657.38
V2-高リターン(+ETF),PL,2021-11-23,2021-11-24,11.539999961853027,10.6228,-7.95,2,621.5
V2-高リターン(+ETF),BDC,2021-09-29,2021-11-26,60.107422551781646,63.1104,5.0,42,768.38
V2-高リターン(+ETF),BJ,2021-11-19,2021-11-26,72.18000030517578,66.4056,-8.0,5,784.06
V2-高リターン(+ETF),DY,2021-11-24,2021-11-26,100.98999786376953,92.9108,-8.0,2,801.11
V2-高リターン(+ETF),NFLX,2021-10-01,2021-11-30,60.42399978637695,64.4648,6.69,42,435.86
V2-高リターン(+ETF),KRYS,2021-11-30,2021-11-30,87.25,80.27,-8.0,1,791.24
V2-高リターン(+ETF),BMRN,2021-11-22,2021-12-01,91.80000305175781,84.456,-8.0,7,148.62
V2-高リターン(+ETF),PFE,2021-11-29,2021-12-07,44.16450714658142,40.6313,-8.0,7,791.24
V2-高リターン(+ETF),COKE,2021-11-11,2021-12-10,45.781003973507566,51.3161,12.09,21,798.26
V2-高リターン(+ETF),MRVL,2021-12-08,2021-12-16,89.25058673835656,82.1105,-8.0,7,727.94
V2-高リターン(+ETF),ORCL,2021-12-13,2021-12-20,96.76699931932905,89.0256,-8.0,6,788.84
V2-高リターン(+ETF),ROIV,2021-12-21,2021-12-21,13.180000305175781,12.1256,-8.0,1,725.73
V2-高リターン(+ETF),PSTG,2021-11-30,2022-01-05,31.690000534057617,30.8426,-2.67,26,682.64
V2-高リターン(+ETF),ACN,2021-12-17,2022-01-06,373.48797923011995,362.4915,-2.94,14,775.03
V2-高リターン(+ETF),AAPL,2021-12-01,2022-01-10,163.88550209995378,165.1305,0.76,28,784.84
V2-高リターン(+ETF),LRCX,2021-12-02,2022-01-10,65.02757311744737,62.8569,-3.34,27,136.73
V2-高リターン(+ETF),HPQ,2021-11-26,2022-01-19,29.804553758517663,31.8008,6.7,37,572.1
V2-高リターン(+ETF),MU,2021-12-22,2022-01-20,87.9354573802783,85.8183,-2.41,20,667.67
V2-高リターン(+ETF),BPOP,2022-01-07,2022-01-20,79.72415639328186,80.2956,0.72,9,747.38
V2-高リターン(+ETF),DELL,2022-01-11,2022-01-21,54.76367364780537,51.5098,-5.94,8,747.65
V2-高リターン(+ETF),FWONK,2021-12-01,2022-01-24,59.5771598815918,58.1896,-2.33,37,408.11
V2-高リターン(+ETF),KEX,2022-01-06,2022-01-24,63.86000061035156,61.0341,-4.43,12,664.39
V2-高リターン(+ETF),ACGL,2022-01-11,2022-01-24,43.87445631637571,42.244,-3.72,9,180.15
V2-高リターン(+ETF),HSY,2022-01-20,2022-01-27,179.66027561059806,173.2401,-3.57,6,610.42
V2-高リターン(+ETF),SO,2022-02-01,2022-02-15,59.244683448090626,55.7541,-5.89,11,245.78
V2-高リターン(+ETF),MKC,2022-01-31,2022-02-18,89.88619111136667,88.8672,-1.13,15,737.35
V2-高リターン(+ETF),GLW,2022-01-31,2022-02-24,37.10179565951048,34.9812,-5.72,18,737.35
V2-高リターン(+ETF),NOV,2022-01-31,2022-03-07,15.385421453422559,17.0805,11.02,25,737.35
V2-高リターン(+ETF),GDDY,2022-02-16,2022-03-07,84.5,77.74,-8.0,13,231.3
V2-高リターン(+ETF),ADM,2022-01-31,2022-03-09,66.61669828368817,71.7441,7.7,27,737.35
V2-高リターン(+ETF),TRGP,2022-02-01,2022-03-09,54.08343473293348,59.4342,9.89,26,737.35
V2-高リターン(+ETF),RMBS,2022-03-21,2022-04-05,31.229999542236328,29.6765,-4.97,12,761.28
V2-高リターン(+ETF),LLY,2022-03-21,2022-04-21,277.910297786844,281.899,1.44,23,761.28
V2-高リターン(+ETF),STLD,2022-03-21,2022-04-25,80.44424149447714,82.1395,2.11,25,761.28
V2-高リターン(+ETF),MCK,2022-03-21,2022-04-25,293.1880696686517,305.9967,4.37,25,761.28
V2-高リターン(+ETF),SRE,2022-03-21,2022-04-27,69.22710073868024,72.4684,4.68,27,253.76
V2-高リターン(+ETF),BMY,2022-03-21,2022-04-29,60.51856657244906,62.9268,3.98,29,761.28
V2-高リターン(+ETF),EXC,2022-04-07,2022-04-29,42.874298519352955,41.133,-4.06,16,723.41
V2-高リターン(+ETF),ASTS,2022-08-17,2022-08-17,14.270000457763672,13.1284,-8.0,1,770.24
V2-高リターン(+ETF),FN,2022-08-17,2022-08-29,114.55000305175781,105.81,-7.63,9,770.24
V2-高リターン(+ETF),WSM,2022-08-17,2022-08-30,77.3961619147635,71.2045,-8.0,10,770.24
V2-高リターン(+ETF),FSS,2022-08-17,2022-08-31,41.63910969984797,39.1031,-6.09,11,770.24
V2-高リターン(+ETF),LULU,2022-12-01,2022-12-09,380.30999755859375,344.13,-9.51,7,732.72
V2-高リターン(+ETF),HL,2022-12-01,2022-12-16,5.54183990615529,5.0985,-8.0,12,732.72
V2-高リターン(+ETF),HPE,2022-12-01,2022-12-19,14.957967863201667,14.1401,-5.47,13,732.72
V2-高リターン(+ETF),FLUT,2022-12-01,2022-12-20,148.5,134.57,-9.38,14,732.72
V2-高リターン(+ETF),GIS,2022-12-01,2022-12-20,75.2907926401672,73.288,-2.66,14,732.72
V2-高リターン(+ETF),MRNA,2022-12-14,2022-12-28,195.0800018310547,179.4736,-8.0,10,663.08
V2-高リターン(+ETF),CMC,2023-01-12,2023-01-19,54.1489175045791,49.817,-8.0,5,675.48
V2-高リターン(+ETF),SNX,2023-01-12,2023-01-26,105.42172932030284,96.5195,-8.44,10,675.48
V2-高リターン(+ETF),EXAS,2023-01-12,2023-02-17,67.31999969482422,61.9344,-8.0,26,675.48
V2-高リターン(+ETF),UAL,2023-01-12,2023-02-21,48.61000061035156,47.936,-1.39,27,675.48
V2-高リターン(+ETF),NFLX,2023-01-23,2023-02-21,34.172000885009766,33.9167,-0.75,21,621.44
V2-高リターン(+ETF),DKNG,2023-02-21,2023-02-24,20.0,18.4,-8.0,4,621.44
V2-高リターン(+ETF),SGI,2023-01-12,2023-03-09,37.87141464819664,39.1954,3.5,39,656.41
V2-高リターン(+ETF),LVS,2022-12-01,2023-03-10,44.16897221689805,53.0104,20.02,68,244.24
V2-高リターン(+ETF),URI,2023-01-27,2023-03-10,417.4532196786884,430.9118,3.22,30,618.44
V2-高リターン(+ETF),MOD,2023-02-22,2023-03-10,24.979999542236328,23.6852,-5.18,13,641.9
V2-高リターン(+ETF),SITM,2023-03-10,2023-03-10,133.8300018310547,123.1236,-8.0,1,636.88
V2-高リターン(+ETF),EME,2023-02-28,2023-03-13,164.7899595126433,154.4757,-6.26,10,571.72
V2-高リターン(+ETF),AMD,2023-03-17,2023-04-17,96.66000366210938,90.23,-6.65,21,627.42
V2-高リターン(+ETF),ANET,2023-03-17,2023-04-19,40.631248474121094,39.1245,-3.71,23,627.42
V2-高リターン(+ETF),APLD,2023-04-18,2023-04-19,3.759999990463257,3.44,-8.51,2,585.68
V2-高リターン(+ETF),LSCC,2023-03-15,2023-04-25,91.0,86.1456,-5.33,29,627.37
V2-高リターン(+ETF),CDNS,2023-03-17,2023-04-25,206.77999877929688,200.6,-2.99,27,195.64
V2-高リターン(+ETF),WING,2023-02-23,2023-05-03,172.93464724666612,193.84,12.09,49,641.02
V2-高リターン(+ETF),ZBH,2023-04-20,2023-05-03,134.7563141002784,136.8028,1.52,10,534.1
V2-高リターン(+ETF),WING,2023-05-04,2023-05-09,216.5920241692231,199.2647,-8.0,4,614.56
V2-高リターン(+ETF),ISRG,2023-04-20,2023-05-23,298.9599914550781,300.1227,0.39,24,605.89
V2-高リターン(+ETF),SMCI,2023-05-04,2023-06-21,13.281999588012695,21.8377,64.42,33,614.56
V2-高リターン(+ETF),PLTR,2023-05-24,2023-06-23,12.050000190734863,13.64,13.2,21,605.79
V2-高リターン(+ETF),KTOS,2023-06-22,2023-06-23,15.369999885559082,14.1404,-8.0,2,680.01
V2-高リターン(+ETF),THC,2023-04-26,2023-07-19,72.0,78.713,9.32,58,185.18
V2-高リターン(+ETF),CVNA,2023-07-20,2023-07-20,53.369998931884766,49.1004,-8.0,1,202.45
V2-高リターン(+ETF),META,2023-03-15,2023-07-24,191.61151389829584,288.8844,50.77,90,627.37
V2-高リターン(+ETF),SPOT,2023-04-26,2023-07-24,138.52999877929688,164.2971,18.6,61,598.51
V2-高リターン(+ETF),CSGP,2023-06-22,2023-07-26,87.3499984741211,86.4972,-0.98,24,332.88
V2-高リターン(+ETF),BAX,2023-07-21,2023-07-27,46.38252177295522,43.1722,-6.92,5,186.25
V2-高リターン(+ETF),BSY,2023-05-10,2023-08-02,45.73643347753964,51.1019,11.73,58,596.99
V2-高リターン(+ETF),BDX,2023-07-25,2023-08-03,208.34191316953817,202.4107,-2.85,8,765.59
V2-高リターン(+ETF),CTRE,2023-07-25,2023-08-04,18.767261726452816,17.9872,-4.16,9,765.59
V2-高リターン(+ETF),W,2023-08-04,2023-08-09,85.64800262451172,78.7962,-8.0,4,743.79
V2-高リターン(+ETF),RCL,2023-07-28,2023-08-11,108.5051049201619,99.8247,-8.0,11,173.36
V2-高リターン(+ETF),KTOS,2023-08-07,2023-08-15,16.649999618530273,15.318,-8.0,7,733.77
V2-高リターン(+ETF),KMX,2023-06-26,2023-08-18,86.41000366210938,80.0593,-7.35,39,684.8
V2-高リターン(+ETF),IBP,2023-06-26,2023-08-18,128.5226595519816,137.6884,7.13,39,626.53
V2-高リターン(+ETF),UNP,2023-07-27,2023-08-18,221.2694452766822,209.8136,-5.18,17,454.14
V2-高リターン(+ETF),CSCO,2023-08-18,2023-09-15,50.935347962133406,52.0861,2.26,20,675.07
V2-高リターン(+ETF),PR,2023-08-22,2023-09-15,12.124395406028388,12.4133,2.38,18,735.41
V2-高リターン(+ETF),UEC,2023-08-22,2023-09-18,4.130000114440918,4.782,15.79,19,735.41
V2-高リターン(+ETF),APP,2023-08-14,2023-09-19,38.400001525878906,39.4596,2.76,26,159.49
V2-高リターン(+ETF),CELH,2023-08-10,2023-09-20,58.39666748046875,61.0694,4.58,29,684.29
V2-高リターン(+ETF),FNF,2023-09-18,2023-09-27,37.84034886851148,36.2547,-4.19,8,701.7
V2-高リターン(+ETF),EG,2023-09-20,2023-09-29,376.48786314722804,358.5694,-4.76,8,251.25
V2-高リターン(+ETF),REGN,2023-08-22,2023-10-03,836.6777403782997,798.2738,-4.59,30,265.49
V2-高リターン(+ETF),XOM,2023-09-28,2023-10-04,110.16647630201668,103.5778,-5.98,5,672.3
V2-高リターン(+ETF),FN,2023-10-06,2023-10-19,174.0,165.767,-4.73,10,752.44
V2-高リターン(+ETF),VRT,2023-08-03,2023-10-20,33.9918915949006,36.8089,8.29,56,667.03
V2-高リターン(+ETF),OWL,2023-09-18,2023-10-20,11.60114115970266,11.0773,-4.52,25,741.56
V2-高リターン(+ETF),JBL,2023-10-02,2023-10-20,125.75185534867899,127.8857,1.7,15,239.29
V2-高リターン(+ETF),AKAM,2023-09-21,2023-10-25,107.66000366210938,103.2822,-4.07,25,715.61
V2-高リターン(+ETF),MTDR,2023-10-20,2023-10-25,63.33794716644602,58.2709,-8.0,4,716.84
V2-高リターン(+ETF),CRWD,2023-10-09,2023-10-26,176.5,171.8648,-2.63,14,132.95
V2-高リターン(+ETF),CBOE,2023-09-20,2023-12-14,152.31812460150587,171.2981,12.46,61,764.15
V2-高リターン(+ETF),MSI,2023-11-06,2023-12-14,291.94393724869064,308.4997,5.67,28,201.41
V2-高リターン(+ETF),IT,2023-11-06,2023-12-21,387.80999755859375,441.7015,13.9,33,724.16
V2-高リターン(+ETF),GDDY,2023-11-06,2024-01-03,85.05500030517578,101.92,19.83,40,724.16
V2-高リターン(+ETF),BLD,2023-12-15,2024-01-03,374.6499938964844,352.2094,-5.99,12,744.16
V2-高リターン(+ETF),RKT,2023-12-15,2024-01-03,12.633222303910111,12.6896,0.45,12,328.04
V2-高リターン(+ETF),PRAX,2024-01-05,2024-01-05,27.799999237060547,25.576,-8.0,1,333.1
V2-高リターン(+ETF),CYTK,2023-12-22,2024-01-08,45.0,86.0189,91.15,10,763.03
V2-高リターン(+ETF),C,2024-01-04,2024-01-16,50.58133043816251,47.9071,-5.29,8,781.87
V2-高リターン(+ETF),FLEX,2024-01-04,2024-01-17,23.829999923706055,21.9236,-8.0,9,781.87
V2-高リターン(+ETF),TIGO,2024-01-08,2024-01-17,16.125336909171754,15.1732,-5.9,7,306.45
V2-高リターン(+ETF),MU,2023-12-22,2024-02-07,85.38898970858222,81.9532,-4.02,31,61.77
V2-高リターン(+ETF),NRG,2023-11-03,2024-02-12,43.768184963058836,50.0679,14.39,68,724.16
V2-高リターン(+ETF),ANET,2023-11-02,2024-02-13,53.064998626708984,64.4725,21.5,70,724.16
V2-高リターン(+ETF),NTNX,2024-01-18,2024-02-13,53.16999816894531,53.7787,1.14,19,883.99
V2-高リターン(+ETF),AMD,2024-01-17,2024-03-12,158.4499969482422,195.7885,23.56,39,899.53
V2-高リターン(+ETF),XPO,2024-02-08,2024-04-02,117.0,117.9181,0.78,37,59.28
V2-高リターン(+ETF),ORCL,2024-03-13,2024-04-02,125.36202079763765,121.0274,-3.46,14,973.89
V2-高リターン(+ETF),PRAX,2024-01-09,2024-04-04,32.25,50.6668,57.11,60,907.28
V2-高リターン(+ETF),OKLO,2024-04-03,2024-04-08,12.720000267028809,13.71,7.78,4,968.15
V2-高リターン(+ETF),OKLO,2024-04-09,2024-04-09,16.600000381469727,15.272,-8.0,1,1079.43
V2-高リターン(+ETF),MHK,2024-02-13,2024-04-10,112.80999755859375,120.8937,7.17,40,828.39
V2-高リターン(+ETF),LDOS,2024-02-14,2024-04-10,119.4149508817541,123.4231,3.36,39,839.8
V2-高リターン(+ETF),WFRD,2024-04-03,2024-04-16,120.53691513817864,111.8111,-7.24,10,172.01
V2-高リターン(+ETF),AXON,2024-04-12,2024-04-16,322.2300109863281,296.4516,-8.0,3,930.0
V2-高リターン(+ETF),MEDP,2024-02-14,2024-04-17,370.3999938964844,384.6892,3.86,44,934.15
V2-高リターン(+ETF),NTRA,2024-01-18,2024-04-18,67.88999938964844,87.5366,28.94,64,513.7
V2-高リターン(+ETF),UGI,2024-04-22,2024-05-02,23.59251740594031,21.7436,-7.84,9,1097.9
V2-高リターン(+ETF),CPT,2024-04-10,2024-05-28,95.1204070952829,95.9486,0.87,34,1063.21
V2-高リターン(+ETF),KMI,2024-04-22,2024-05-28,17.281706817450196,17.7546,2.74,26,534.65
V2-高リターン(+ETF),FORM,2024-05-03,2024-05-31,52.56999969482422,54.3795,3.44,20,1011.86
V2-高リターン(+ETF),DELL,2024-05-29,2024-05-31,160.76319104062497,139.6336,-13.14,3,535.5
V2-高リターン(+ETF),SMTC,2024-04-05,2024-06-06,32.84000015258789,38.7959,18.14,44,1065.3
V2-高リターン(+ETF),NVDA,2024-05-29,2024-06-24,112.99235261607853,122.5308,8.44,18,1086.24
V2-高リターン(+ETF),AGX,2024-04-17,2024-07-02,60.504622115711314,69.7264,15.24,53,1015.16
V2-高リターン(+ETF),NTAP,2024-06-03,2024-07-18,114.08054944936544,123.0536,7.87,32,432.23
V2-高リターン(+ETF),ALNY,2024-06-25,2024-07-18,221.3699951171875,237.1675,7.14,17,1133.0
V2-高リターン(+ETF),T,2024-06-03,2024-07-23,16.683743018372365,17.0999,2.49,35,1079.58
V2-高リターン(+ETF),HOOD,2024-06-07,2024-07-25,22.520000457763672,21.0852,-6.37,33,142.7
V2-高リターン(+ETF),DTM,2024-04-11,2024-07-30,60.035735446916085,68.7089,14.45,76,1079.24
V2-高リターン(+ETF),LUMN,2024-07-31,2024-07-31,2.5899999141693115,2.3828,-8.0,1,1215.98
V2-高リターン(+ETF),LUMN,2024-08-01,2024-08-02,3.2699999809265137,3.1298,-4.29,2,1137.88
V2-高リターン(+ETF),HALO,2024-06-07,2024-08-05,51.08000183105469,51.7875,1.39,40,1115.8
V2-高リターン(+ETF),ASTS,2024-07-26,2024-08-15,16.969999313354492,21.8,28.46,15,133.61
V2-高リターン(+ETF),ASTS,2024-08-16,2024-08-16,30.3700008392334,27.9404,-8.0,1,171.64
V2-高リターン(+ETF),RKLB,2024-08-19,2024-08-21,6.78000020980835,6.2376,-8.0,3,157.91
V2-高リターン(+ETF),CRDO,2024-08-22,2024-08-28,36.15999984741211,33.2672,-8.0,5,145.28
V2-高リターン(+ETF),SMTC,2024-08-29,2024-09-10,42.400001525878906,39.008,-8.0,8,133.66
V2-高リターン(+ETF),RKT,2024-08-05,2024-09-11,15.140940496844982,17.48,15.45,27,1089.11
V2-高リターン(+ETF),TSN,2024-08-06,2024-09-11,59.02048801569459,59.7564,1.25,26,1131.25
V2-高リターン(+ETF),VTR,2024-07-03,2024-09-19,49.5585051621097,59.4969,20.05,55,1162.07
V2-高リターン(+ETF),DHI,2024-07-19,2024-10-04,171.0127855778459,181.9787,6.41,55,1183.4
V2-高リターン(+ETF),LMT,2024-07-24,2024-10-22,482.23788735910057,565.8892,17.35,64,1106.51
V2-高リターン(+ETF),IBM,2024-09-12,2024-10-24,201.9585778067364,212.345,5.14,31,1179.03
V2-高リターン(+ETF),STRL,2024-09-20,2024-10-25,148.77000427246094,150.3838,1.08,26,1267.38
V2-高リターン(+ETF),CPAY,2024-10-07,2024-10-29,329.5799865722656,333.7812,1.27,17,1281.4
V2-高リターン(+ETF),ORCL,2024-09-11,2024-10-31,154.47934988606116,165.5013,7.13,37,122.97
V2-高リターン(+ETF),CTAS,2024-07-19,2024-11-01,186.99574012730838,202.8541,8.48,75,548.66
V2-高リターン(+ETF),CVNA,2024-11-01,2024-11-04,247.30999755859375,226.49,-8.42,2,131.74
V2-高リターン(+ETF),MLI,2024-10-23,2024-11-22,80.7998747371919,86.5251,7.09,23,1317.57
V2-高リターン(+ETF),QBTS,2024-11-25,2024-11-25,3.4200000762939453,3.1464,-8.0,1,1360.42
V2-高リターン(+ETF),APP,2024-09-12,2024-12-09,97.3499984741211,343.3648,252.71,62,1223.69
V2-高リターン(+ETF),DLR,2024-10-28,2024-12-10,175.4066191397542,179.1834,2.15,31,1281.13
V2-高リターン(+ETF),CBRE,2024-10-25,2024-12-18,134.66000366210938,131.6831,-2.21,38,1326.25
V2-高リターン(+ETF),TEAM,2024-11-04,2024-12-18,216.64999389648438,259.4268,19.74,32,595.19
V2-高リターン(+ETF),BAM,2024-11-05,2024-12-18,52.14384892842505,53.0629,1.76,31,120.65
V2-高リターン(+ETF),FFIV,2024-10-30,2024-12-19,240.00999450683594,250.019,4.17,36,1297.73
V2-高リターン(+ETF),QBTS,2024-12-19,2024-12-19,9.289999961853027,8.5468,-8.0,1,1928.95
V2-高リターン(+ETF),RBRK,2024-12-10,2024-12-20,69.5,63.94,-8.0,9,1919.84
V2-高リターン(+ETF),IONQ,2024-12-23,2024-12-23,45.33000183105469,41.7036,-8.0,1,1101.21
V2-高リターン(+ETF),PLTR,2024-12-23,2024-12-31,80.6500015258789,74.198,-8.0,6,1881.37
V2-高リターン(+ETF),ZM,2024-11-26,2025-01-08,84.0199966430664,79.6696,-5.18,29,1302.1
V2-高リターン(+ETF),JBL,2024-12-19,2025-01-27,144.97540397257148,160.8575,10.96,24,1914.11
V2-高リターン(+ETF),BROS,2025-01-03,2025-02-24,56.81999969482422,74.3321,30.82,34,898.23
V2-高リターン(+ETF),EBAY,2025-01-10,2025-02-27,67.45002005141608,63.1111,-6.43,33,1234.68
V2-高リターン(+ETF),ALK,2024-12-11,2025-03-03,62.0,69.176,11.57,54,1925.01
V2-高リターン(+ETF),T,2025-01-28,2025-03-04,23.050463759684746,25.0264,8.57,25,262.4
V2-高リターン(+ETF),NTNX,2025-02-28,2025-03-07,75.80000305175781,70.0562,-7.58,6,1155.26
V2-高リターン(+ETF),VZ,2025-03-10,2025-03-11,43.108762836368534,40.4694,-6.12,2,1067.72
V2-高リターン(+ETF),DRI,2024-12-20,2025-03-12,176.65963275097408,182.9177,3.54,54,1910.16
V2-高リターン(+ETF),ABT,2025-01-28,2025-03-12,127.3602580620703,129.8535,1.96,31,1861.4
V2-高リターン(+ETF),OKTA,2025-03-05,2025-04-02,108.63999938964844,102.8822,-5.3,21,492.51
V2-高リターン(+ETF),VRSN,2025-01-02,2025-04-04,207.4121198675677,239.762,15.6,64,1835.6
V2-高リターン(+ETF),BRK-B,2025-02-25,2025-04-04,503.1499938964844,506.8886,0.74,29,1175.07
V2-高リターン(+ETF),THG,2025-03-04,2025-04-04,169.6083357046839,161.827,-4.59,24,1940.19
V2-高リターン(+ETF),NXT,2025-05-14,2025-05-22,52.709999084472656,52.5955,-0.22,7,661.38
V2-高リターン(+ETF),UBER,2025-05-13,2025-05-29,87.41000366210938,83.5019,-4.47,12,1975.97
V2-高リターン(+ETF),QBTS,2025-05-23,2025-05-29,17.905000686645508,16.4726,-8.0,4,659.94
V2-高リターン(+ETF),PAYC,2025-05-13,2025-06-13,256.61691929489507,244.1116,-4.87,23,1975.97
V2-高リターン(+ETF),BA,2025-05-30,2025-06-13,206.77000427246094,200.68,-2.95,11,545.02
V2-高リターン(+ETF),LPLA,2025-05-30,2025-06-24,383.5704327433076,356.9489,-6.94,17,1949.75
V2-高リターン(+ETF),MP,2025-06-16,2025-07-07,31.469999313354492,30.54,-2.96,14,479.96
V2-高リターン(+ETF),NRG,2025-05-13,2025-07-08,148.85416911434544,151.5151,1.79,38,1975.97
V2-高リターン(+ETF),XP,2025-05-13,2025-07-10,18.206710000723508,18.6522,2.45,40,1975.97
V2-高リターン(+ETF),U,2025-07-09,2025-07-24,29.3700008392334,32.4208,10.39,12,1907.27
V2-高リターン(+ETF),VLO,2025-07-09,2025-07-24,146.688395309042,140.113,-4.48,12,104.02
V2-高リターン(+ETF),COIN,2025-06-25,2025-07-28,360.6000061035156,376.6403,4.45,23,1814.43
V2-高リターン(+ETF),TTMI,2025-05-13,2025-08-01,29.020000457763672,43.2825,49.15,56,1975.97
V2-高リターン(+ETF),ORCL,2025-06-16,2025-08-19,211.81944003306123,236.7374,11.76,45,1928.68
V2-高リターン(+ETF),OKLO,2025-07-25,2025-08-19,71.70999908447266,65.9732,-8.0,18,361.05
V2-高リターン(+ETF),MP,2025-07-11,2025-08-20,45.529998779296875,66.1037,45.19,29,1916.34
V2-高リターン(+ETF),NSC,2025-07-29,2025-08-22,272.77089251689046,270.8142,-0.72,19,1895.14
V2-高リターン(+ETF),ORA,2025-08-20,2025-09-02,92.74739410572177,89.0608,-3.97,9,1089.38
V2-高リターン(+ETF),WMS,2025-08-20,2025-09-09,142.05601282652495,135.0123,-4.96,14,2185.27
V2-高リターン(+ETF),OSK,2025-07-08,2025-09-17,123.21694814367764,133.3871,8.25,51,465.78
V2-高リターン(+ETF),TOL,2025-08-25,2025-09-19,137.9761088381755,136.5368,-1.04,19,2316.19
V2-高リターン(+ETF),BE,2025-07-25,2025-09-24,33.54999923706055,69.28,106.5,43,1952.83
V2-高リターン(+ETF),OKLO,2025-09-22,2025-09-25,130.84500122070312,110.96,-15.2,4,2292.03
V2-高リターン(+ETF),TJX,2025-08-21,2025-10-09,135.68354102236708,138.1478,1.82,35,2347.64
V2-高リターン(+ETF),APLD,2025-10-10,2025-10-10,37.02000045776367,34.0584,-8.0,1,2653.41
V2-高リターン(+ETF),APLD,2025-10-13,2025-10-14,36.380001068115234,33.4696,-8.0,2,2610.81
V2-高リターン(+ETF),QBTS,2025-09-18,2025-10-21,22.8700008392334,33.3928,46.01,24,504.22
V2-高リターン(+ETF),LUMN,2025-09-10,2025-10-31,5.610000133514404,8.7,55.08,38,2076.91
V2-高リターン(+ETF),IONS,2025-09-03,2025-11-10,58.97999954223633,68.9245,16.86,49,1046.08
V2-高リターン(+ETF),INTC,2025-09-26,2025-11-13,35.02000045776367,36.3759,3.87,35,2643.97
V2-高リターン(+ETF),SNDK,2025-11-11,2025-11-13,262.2900085449219,241.3068,-8.0,3,1606.38
V2-高リターン(+ETF),NVT,2025-08-04,2025-11-14,90.20973597397438,102.337,13.44,74,2150.05
V2-高リターン(+ETF),CAT,2025-10-15,2025-11-18,531.4262229638018,539.0403,1.43,25,2572.03
V2-高リターン(+ETF),GM,2025-10-22,2025-11-18,66.75834833371623,66.888,0.19,20,751.53
V2-高リターン(+ETF),TIGO,2025-11-19,2025-11-21,54.80970454325676,50.4249,-8.0,3,443.52
V2-高リターン(+ETF),PCVX,2025-11-17,2025-12-01,48.41999816894531,44.5464,-8.0,10,2439.09
V2-高リターン(+ETF),XEL,2025-09-25,2025-12-03,77.56135893846987,77.7986,0.31,49,2709.28
V2-高リターン(+ETF),JAZZ,2025-11-19,2025-12-04,180.39999389648438,165.968,-8.0,11,2918.35
V2-高リターン(+ETF),GOOGL,2025-11-24,2025-12-17,310.9266228942269,297.1773,-4.42,17,408.04
V2-高リターン(+ETF),CSCO,2025-11-14,2026-01-02,76.1723987501449,75.9368,-0.31,33,2856.97
V2-高リターン(+ETF),BIIB,2025-11-14,2026-01-14,164.72000122070312,173.6076,5.4,41,1367.24
V2-高リターン(+ETF),ARWR,2025-12-04,2026-01-20,64.4000015258789,62.0,-3.73,31,2717.57
V2-高リターン(+ETF),HLT,2025-12-18,2026-01-20,292.72176311579125,288.0444,-1.6,21,390.0
V2-高リターン(+ETF),SATS,2026-01-15,2026-01-26,129.74000549316406,119.3608,-8.0,7,1461.4
V2-高リターン(+ETF),IVZ,2025-12-02,2026-01-27,24.50225096399188,26.8473,9.57,38,2243.96
V2-高リターン(+ETF),DG,2025-12-05,2026-01-30,124.65834539472684,140.11,12.4,38,2684.88
V2-高リターン(+ETF),ILMN,2025-11-03,2026-02-03,121.12999725341797,138.2216,14.11,63,2830.09
V2-高リターン(+ETF),ZM,2026-01-27,2026-02-03,96.75,89.01,-8.0,6,1344.49
V2-高リターン(+ETF),FTAI,2026-01-05,2026-02-04,212.67999267578125,267.2478,25.66,22,2827.85
V2-高リターン(+ETF),QGEN,2026-01-21,2026-02-05,54.11000061035156,49.91,-7.76,12,2821.55
V2-高リターン(+ETF),SNDK,2026-01-21,2026-02-09,463.04998779296875,555.2072,19.9,14,178.52
V2-バランス(+ETF),ROAD,2020-12-07,2021-01-25,28.020000457763672,31.0286,10.74,33,779.81
V2-バランス(+ETF),GS,2020-12-22,2021-01-25,226.8975752551599,250.0252,10.19,22,763.28
V2-バランス(+ETF),NKE,2020-12-22,2021-01-25,132.33408167161826,126.9218,-4.09,22,763.28
V2-バランス(+ETF),GME,2021-01-26,2021-01-26,22.139999389648438,22.14,0.0,1,788.47
V2-バランス(+ETF),PSTG,2020-12-07,2021-01-27,20.969999313354492,21.9435,4.64,35,779.81
V2-バランス(+ETF),IRM,2021-01-26,2021-01-27,26.053581523916723,27.3421,4.95,2,788.47
V2-バランス(+ETF),GME,2021-01-27,2021-01-27,88.7074966430664,81.6109,-8.0,1,788.48
V2-バランス(+ETF),NYT,2021-01-26,2021-01-28,51.03343121651535,49.4769,-3.05,3,788.47
V2-バランス(+ETF),GME,2021-01-28,2021-01-28,66.25,66.25,0.0,1,789.61
V2-バランス(+ETF),RMBS,2020-12-07,2021-01-29,17.559999465942383,19.104,8.79,37,779.81
V2-バランス(+ETF),WBD,2021-01-28,2021-01-29,43.58000183105469,40.0936,-8.0,2,789.61
V2-バランス(+ETF),IRM,2021-01-28,2021-02-02,29.051971384990622,26.7278,-8.0,4,789.61
V2-バランス(+ETF),ABT,2021-01-29,2021-02-26,109.75193829159832,109.3005,-0.41,20,785.27
V2-バランス(+ETF),PTC,2021-01-29,2021-03-03,137.6699981689453,133.3547,-3.13,23,785.27
V2-バランス(+ETF),WAT,2021-02-03,2021-03-03,289.6600036621094,270.5347,-6.6,20,775.47
V2-バランス(+ETF),SWKS,2021-02-01,2021-03-04,151.3518126508916,150.1548,-0.79,23,785.44
V2-バランス(+ETF),PR,2021-03-04,2021-03-17,4.090594065480417,3.9592,-3.21,10,761.69
V2-バランス(+ETF),FANG,2021-03-05,2021-03-18,67.98387009754119,62.5452,-8.0,10,760.89
V2-バランス(+ETF),TPL,2021-03-18,2021-03-18,178.28315041535177,164.0205,-8.0,1,757.22
V2-バランス(+ETF),AA,2021-03-04,2021-03-23,28.383101763799267,26.1125,-8.0,14,761.69
V2-バランス(+ETF),AGCO,2021-03-19,2021-03-23,123.14385224624255,113.2923,-8.0,3,733.41
V2-バランス(+ETF),WDC,2021-02-01,2021-03-25,42.89120846769206,46.9402,9.44,38,785.44
V2-バランス(+ETF),ENSG,2021-03-29,2021-04-19,95.67212423861372,88.0184,-8.0,15,725.56
V2-バランス(+ETF),CDW,2021-03-29,2021-05-05,157.60415599195372,163.079,3.47,27,725.56
V2-バランス(+ETF),HPQ,2021-03-01,2021-05-11,24.7789716663749,28.4413,14.78,51,774.46
V2-バランス(+ETF),HIG,2021-03-19,2021-05-11,61.37525213303219,58.0636,-5.4,37,733.41
V2-バランス(+ETF),TTC,2021-04-20,2021-05-12,104.92040269602938,102.947,-1.88,17,714.34
V2-バランス(+ETF),AR,2021-05-12,2021-05-13,11.579999923706055,10.6536,-8.0,2,734.18
V2-バランス(+ETF),COKE,2021-05-14,2021-06-14,31.569633276396296,39.3269,24.57,21,720.74
V2-バランス(+ETF),NUE,2021-03-26,2021-06-17,69.25025223264197,91.107,31.56,58,724.99
V2-バランス(+ETF),CLH,2021-05-06,2021-06-17,94.5199966430664,89.9839,-4.8,30,720.31
V2-バランス(+ETF),EMN,2021-05-12,2021-06-17,108.08483780052794,101.9202,-5.7,26,734.18
V2-バランス(+ETF),GEN,2021-05-13,2021-06-18,22.794569290339243,24.3334,6.75,26,731.44
V2-バランス(+ETF),NTNX,2021-06-15,2021-07-08,37.15999984741211,36.51,-1.75,17,753.13
V2-バランス(+ETF),NVDA,2021-06-18,2021-07-15,18.74209039865033,19.089,1.85,19,781.32
V2-バランス(+ETF),HUBS,2021-06-21,2021-07-15,588.3099975585938,550.045,-6.5,18,790.05
V2-バランス(+ETF),FTNT,2021-06-18,2021-07-30,47.400001525878906,51.3185,8.27,30,781.32
V2-バランス(+ETF),INVH,2021-07-09,2021-08-10,34.37641016767397,33.8743,-1.46,23,788.23
V2-バランス(+ETF),MRNA,2021-07-16,2021-08-11,276.9200134277344,390.7266,41.1,19,782.18
V2-バランス(+ETF),AMH,2021-07-16,2021-08-17,37.04262269954162,36.1693,-2.36,23,782.18
V2-バランス(+ETF),NUE,2021-08-12,2021-09-03,113.99165209789318,106.4373,-6.63,17,853.07
V2-バランス(+ETF),MDB,2021-09-07,2021-09-08,514.7999877929688,473.616,-8.0,2,839.3
V2-バランス(+ETF),ACI,2021-08-11,2021-09-10,19.416663697001752,20.1773,3.92,22,792.79
V2-バランス(+ETF),KR,2021-08-18,2021-09-10,41.08308783378862,40.4252,-1.6,17,850.41
V2-バランス(+ETF),NET,2021-06-18,2021-09-28,102.30000305175781,119.33,16.65,71,781.32
V2-バランス(+ETF),TEAM,2021-08-02,2021-09-28,324.20001220703125,383.71,18.36,41,794.5
V2-バランス(+ETF),WING,2021-09-13,2021-09-28,176.1765775104691,162.5687,-7.72,12,828.87
V2-バランス(+ETF),TSCO,2021-09-13,2021-10-01,38.00815554078247,36.9491,-2.79,15,828.87
V2-バランス(+ETF),LYV,2021-10-04,2021-11-08,98.33999633789062,114.7649,16.7,26,860.49
V2-バランス(+ETF),AMD,2021-11-09,2021-11-10,154.00999450683594,141.6892,-8.0,2,891.79
V2-バランス(+ETF),COP,2021-09-29,2021-11-12,57.441804651237724,61.1071,6.38,33,865.31
V2-バランス(+ETF),DASH,2021-11-15,2021-11-17,247.52000427246094,227.7184,-8.0,3,887.84
V2-バランス(+ETF),IONQ,2021-11-18,2021-11-18,33.7400016784668,31.0408,-8.0,1,875.73
V2-バランス(+ETF),MTDR,2021-09-29,2021-11-19,34.379817254568884,37.4506,8.93,38,865.31
V2-バランス(+ETF),DDOG,2021-09-09,2021-11-23,140.0,170.61,21.86,54,826.47
V2-バランス(+ETF),BDC,2021-09-29,2021-11-26,60.107422551781646,63.1104,5.0,42,865.31
V2-バランス(+ETF),BJ,2021-11-19,2021-11-26,72.18000030517578,66.4056,-8.0,5,863.32
V2-バランス(+ETF),DLTR,2021-11-24,2021-11-30,146.27000427246094,134.5684,-8.0,4,911.29
V2-バランス(+ETF),KRYS,2021-11-30,2021-11-30,87.25,80.27,-8.0,1,906.38
V2-バランス(+ETF),BMRN,2021-11-22,2021-12-01,91.80000305175781,84.456,-8.0,7,878.15
V2-バランス(+ETF),PFE,2021-11-29,2021-12-07,44.16450714658142,40.6313,-8.0,7,904.98
V2-バランス(+ETF),COKE,2021-11-11,2021-12-10,45.781003973507566,51.3161,12.09,21,877.08
V2-バランス(+ETF),MRVL,2021-12-08,2021-12-16,89.25058673835656,82.1105,-8.0,7,852.55
V2-バランス(+ETF),ORCL,2021-12-13,2021-12-20,96.76699931932905,89.0256,-8.0,6,872.94
V2-バランス(+ETF),ROIV,2021-12-21,2021-12-21,13.180000305175781,12.1256,-8.0,1,844.9
V2-バランス(+ETF),ACN,2021-12-17,2022-01-06,373.48797923011995,362.4915,-2.94,14,858.78
V2-バランス(+ETF),AAPL,2021-12-01,2022-01-10,163.88550209995378,165.1305,0.76,28,878.56
V2-バランス(+ETF),HPQ,2021-12-02,2022-01-19,31.352837325585565,31.8008,1.43,33,864.7
V2-バランス(+ETF),JBL,2021-12-22,2022-01-20,66.11661970410181,64.7377,-2.09,20,833.09
V2-バランス(+ETF),BPOP,2022-01-07,2022-01-20,79.72415639328186,80.2956,0.72,9,828.14
V2-バランス(+ETF),DELL,2022-01-11,2022-01-21,54.76367364780537,51.5098,-5.94,8,829.39
V2-バランス(+ETF),FWONK,2021-12-01,2022-01-24,59.5771598815918,58.1896,-2.33,37,878.56
V2-バランス(+ETF),HSY,2022-01-20,2022-01-27,179.66027561059806,173.2401,-3.57,6,832.28
V2-バランス(+ETF),ED,2022-02-01,2022-02-14,74.95112458292364,71.0036,-5.27,10,817.79
V2-バランス(+ETF),SO,2022-02-01,2022-02-15,59.244683448090626,55.7541,-5.89,11,817.79
V2-バランス(+ETF),MKC,2022-01-31,2022-02-18,89.88619111136667,88.8672,-1.13,15,817.79
V2-バランス(+ETF),CINF,2022-02-17,2022-02-24,115.02157173759423,106.518,-7.39,5,804.16
V2-バランス(+ETF),EG,2022-02-17,2022-02-24,280.77742603293126,263.154,-6.28,5,804.16
V2-バランス(+ETF),ADM,2022-01-31,2022-03-09,66.61669828368817,71.7441,7.7,27,817.79
V2-バランス(+ETF),TRGP,2022-02-01,2022-03-09,54.08343473293348,59.4342,9.89,26,817.79
V2-バランス(+ETF),RMBS,2022-03-21,2022-04-05,31.229999542236328,29.6765,-4.97,12,808.84
V2-バランス(+ETF),LLY,2022-03-21,2022-04-21,277.910297786844,281.899,1.44,23,808.84
V2-バランス(+ETF),STLD,2022-03-21,2022-04-25,80.44424149447714,82.1395,2.11,25,808.84
V2-バランス(+ETF),MCK,2022-03-21,2022-04-25,293.1880696686517,305.9967,4.37,25,808.84
V2-バランス(+ETF),BMY,2022-03-21,2022-04-29,60.51856657244906,62.9268,3.98,29,808.84
V2-バランス(+ETF),EXC,2022-04-07,2022-04-29,42.874298519352955,41.133,-4.06,16,803.56
V2-バランス(+ETF),ASTS,2022-08-17,2022-08-17,14.270000457763672,13.1284,-8.0,1,817.83
V2-バランス(+ETF),APO,2022-12-01,2022-12-06,64.77132625668204,59.5896,-8.0,4,812.08
V2-バランス(+ETF),FLUT,2022-12-01,2022-12-20,148.5,134.57,-9.38,14,812.08
V2-バランス(+ETF),GIS,2022-12-01,2022-12-20,75.2907926401672,73.288,-2.66,14,812.08
V2-バランス(+ETF),SBUX,2022-12-01,2022-12-20,94.54344606471638,90.1406,-4.66,14,812.08
V2-バランス(+ETF),MRNA,2022-12-14,2022-12-28,195.0800018310547,179.4736,-8.0,10,799.96
V2-バランス(+ETF),CMC,2023-01-12,2023-01-19,54.1489175045791,49.817,-8.0,5,763.23
V2-バランス(+ETF),SNX,2023-01-12,2023-01-26,105.42172932030284,96.5195,-8.44,10,763.23
V2-バランス(+ETF),RVMD,2023-01-12,2023-01-27,26.93000030517578,25.8296,-4.09,11,763.23
V2-バランス(+ETF),NFLX,2023-01-23,2023-02-21,34.172000885009766,33.9167,-0.75,21,751.17
V2-バランス(+ETF),SGI,2023-01-12,2023-03-09,37.87141464819664,39.1954,3.5,39,763.23
V2-バランス(+ETF),LVS,2022-12-01,2023-03-10,44.16897221689805,53.0104,20.02,68,812.08
V2-バランス(+ETF),URI,2023-01-27,2023-03-10,417.4532196786884,430.9118,3.22,30,739.29
V2-バランス(+ETF),CRS,2023-01-30,2023-03-10,47.224416661983796,45.2655,-4.15,29,733.42
V2-バランス(+ETF),MOD,2023-02-22,2023-03-10,24.979999542236328,23.6852,-5.18,13,731.39
V2-バランス(+ETF),ANET,2023-03-10,2023-04-19,37.10499954223633,39.1245,5.44,28,735.87
V2-バランス(+ETF),LSCC,2023-03-15,2023-04-25,91.0,86.1456,-5.33,29,758.14
V2-バランス(+ETF),CDNS,2023-03-17,2023-04-25,206.77999877929688,200.6,-2.99,27,758.21
V2-バランス(+ETF),ISRG,2023-04-20,2023-05-23,298.9599914550781,300.1227,0.39,24,768.09
V2-バランス(+ETF),PLTR,2023-05-24,2023-06-23,12.050000190734863,13.64,13.2,21,758.07
V2-バランス(+ETF),THC,2023-04-26,2023-07-19,72.0,78.713,9.32,58,754.75
V2-バランス(+ETF),CVNA,2023-07-20,2023-07-20,53.369998931884766,49.1004,-8.0,1,798.41
V2-バランス(+ETF),META,2023-03-15,2023-07-24,191.61151389829584,288.8844,50.77,90,758.14
V2-バランス(+ETF),SPOT,2023-04-26,2023-07-24,138.52999877929688,164.2971,18.6,61,754.75
V2-バランス(+ETF),SFM,2023-07-21,2023-08-02,39.939998626708984,36.75,-7.99,9,784.92
V2-バランス(+ETF),BDX,2023-07-25,2023-08-03,208.34191316953817,202.4107,-2.85,8,883.42
V2-バランス(+ETF),CTRE,2023-07-25,2023-08-04,18.767261726452816,17.9872,-4.16,9,883.42
V2-バランス(+ETF),NVDA,2023-03-20,2023-08-09,25.59373105710644,43.1079,68.43,99,758.21
V2-バランス(+ETF),W,2023-08-04,2023-08-09,85.64800262451172,78.7962,-8.0,4,865.09
V2-バランス(+ETF),KTOS,2023-08-07,2023-08-15,16.649999618530273,15.318,-8.0,7,857.84
V2-バランス(+ETF),IBP,2023-06-26,2023-08-18,128.5226595519816,137.6884,7.13,39,780.85
V2-バランス(+ETF),CSCO,2023-08-18,2023-09-15,50.935347962133406,52.0861,2.26,20,925.58
V2-バランス(+ETF),PR,2023-08-22,2023-09-15,12.124395406028388,12.4133,2.38,18,936.2
V2-バランス(+ETF),CELH,2023-08-10,2023-09-20,58.39666748046875,61.0694,4.58,29,941.39
V2-バランス(+ETF),EVR,2023-09-18,2023-09-22,139.95619412098415,131.3607,-6.14,5,945.13
V2-バランス(+ETF),BX,2023-09-18,2023-09-26,105.24437381709252,100.3049,-4.69,7,945.13
V2-バランス(+ETF),IBM,2023-09-21,2023-09-27,137.8219332092034,132.102,-4.15,5,952.04
V2-バランス(+ETF),XOM,2023-09-28,2023-10-04,110.16647630201668,103.5778,-5.98,5,930.11
V2-バランス(+ETF),FN,2023-09-29,2023-10-19,168.64999389648438,165.767,-1.71,15,930.39
V2-バランス(+ETF),VRT,2023-08-03,2023-10-20,33.9918915949006,36.8089,8.29,56,869.96
V2-バランス(+ETF),JBL,2023-09-29,2023-10-20,126.28899771759563,127.8857,1.26,16,930.39
V2-バランス(+ETF),AKAM,2023-08-10,2023-10-23,103.69999694824219,103.4822,-0.21,52,941.39
V2-バランス(+ETF),CRWD,2023-10-09,2023-10-26,176.5,171.8648,-2.63,14,917.24
V2-バランス(+ETF),SM,2023-10-20,2023-10-27,40.73535290544554,37.4765,-8.0,6,913.8
V2-バランス(+ETF),CBOE,2023-11-06,2023-12-14,167.12982586653354,171.2981,2.49,28,898.23
V2-バランス(+ETF),IT,2023-11-06,2023-12-21,387.80999755859375,441.7015,13.9,33,898.23
V2-バランス(+ETF),GDDY,2023-11-06,2024-01-03,85.05500030517578,101.92,19.83,40,898.23
V2-バランス(+ETF),BLD,2023-12-15,2024-01-03,374.6499938964844,352.2094,-5.99,12,907.55
V2-バランス(+ETF),CYTK,2023-12-22,2024-01-08,45.0,86.0189,91.15,10,931.4
V2-バランス(+ETF),C,2024-01-04,2024-01-16,50.58133043816251,47.9071,-5.29,8,951.75
V2-バランス(+ETF),FLEX,2024-01-04,2024-01-17,23.829999923706055,21.9236,-8.0,9,951.75
V2-バランス(+ETF),NRG,2023-11-03,2024-02-12,43.768184963058836,50.0679,14.39,68,898.23
V2-バランス(+ETF),ANET,2023-11-02,2024-02-13,53.064998626708984,64.4725,21.5,70,898.23
V2-バランス(+ETF),NTNX,2024-01-18,2024-02-13,53.16999816894531,53.7787,1.14,19,1086.21
V2-バランス(+ETF),MSTR,2024-02-13,2024-03-05,67.5,108.001,60.0,15,1118.07
V2-バランス(+ETF),AVAV,2024-03-06,2024-03-11,171.1999969482422,159.9362,-6.58,4,1278.68
V2-バランス(+ETF),AMD,2024-01-17,2024-03-12,158.4499969482422,195.7885,23.56,39,1101.47
V2-バランス(+ETF),ORCL,2024-03-13,2024-04-02,125.36202079763765,121.0274,-3.46,14,1312.76
V2-バランス(+ETF),PRAX,2024-01-09,2024-04-04,32.25,50.6668,57.11,60,1111.84
V2-バランス(+ETF),MTG,2024-03-12,2024-04-04,19.942102054214057,20.1343,0.96,17,1263.33
V2-バランス(+ETF),OKLO,2024-04-03,2024-04-08,12.720000267028809,13.71,7.78,4,1308.29
V2-バランス(+ETF),OKLO,2024-04-09,2024-04-09,16.600000381469727,15.272,-8.0,1,1449.17
V2-バランス(+ETF),LDOS,2024-02-14,2024-04-10,119.4149508817541,123.4231,3.36,39,1154.59
V2-バランス(+ETF),CDE,2024-04-10,2024-04-16,4.590000152587891,4.2228,-8.0,5,1427.39
V2-バランス(+ETF),MEDP,2024-02-14,2024-04-17,370.3999938964844,384.6892,3.86,44,1154.59
V2-バランス(+ETF),KMI,2024-04-22,2024-05-28,17.281706817450196,17.7546,2.74,26,1416.61
V2-バランス(+ETF),SMTC,2024-04-05,2024-06-06,32.84000015258789,38.7959,18.14,44,1427.69
V2-バランス(+ETF),CRS,2024-04-05,2024-06-10,75.88405981469245,101.0603,33.18,46,1427.69
V2-バランス(+ETF),NVDA,2024-05-29,2024-06-24,112.99235261607853,122.5308,8.44,18,1428.75
V2-バランス(+ETF),AGX,2024-04-17,2024-07-02,60.504622115711314,69.7264,15.24,53,1408.35
V2-バランス(+ETF),CRWD,2024-06-11,2024-07-17,372.8599853515625,354.4588,-4.94,25,1564.25
V2-バランス(+ETF),ALNY,2024-06-25,2024-07-18,221.3699951171875,237.1675,7.14,17,1583.35
V2-バランス(+ETF),DTM,2024-04-11,2024-07-30,60.035735446916085,68.7089,14.45,76,1433.11
V2-バランス(+ETF),LUMN,2024-07-31,2024-07-31,2.5899999141693115,2.3828,-8.0,1,1671.84
V2-バランス(+ETF),CFG,2024-07-18,2024-08-02,38.4485232405953,37.9393,-1.32,12,1611.64
V2-バランス(+ETF),LUMN,2024-08-01,2024-08-02,3.2699999809265137,3.1298,-4.29,2,1648.37
V2-バランス(+ETF),HALO,2024-06-07,2024-08-05,51.08000183105469,51.7875,1.39,40,1475.56
V2-バランス(+ETF),RKT,2024-08-05,2024-09-11,15.140940496844982,17.48,15.45,27,1633.11
V2-バランス(+ETF),TSN,2024-08-06,2024-09-11,59.02048801569459,59.7564,1.25,26,1633.44
V2-バランス(+ETF),VTR,2024-07-03,2024-09-19,49.5585051621097,59.4969,20.05,55,1628.81
V2-バランス(+ETF),DHI,2024-07-19,2024-10-04,171.0127855778459,181.9787,6.41,55,1632.39
V2-バランス(+ETF),OHI,2024-08-05,2024-10-04,32.579974637002245,35.6645,9.47,44,1633.11
V2-バランス(+ETF),IBM,2024-09-12,2024-10-24,201.9585778067364,212.345,5.14,31,1691.69
V2-バランス(+ETF),STRL,2024-09-20,2024-10-25,148.77000427246094,150.3838,1.08,26,1752.7
V2-バランス(+ETF),CPAY,2024-10-07,2024-10-29,329.5799865722656,333.7812,1.27,17,1801.0
V2-バランス(+ETF),LITE,2024-10-07,2024-10-31,67.94000244140625,63.1958,-6.98,19,1801.0
V2-バランス(+ETF),CVNA,2024-11-01,2024-11-04,247.30999755859375,226.49,-8.42,2,1799.5
V2-バランス(+ETF),APP,2024-09-12,2024-12-09,97.3499984741211,343.3648,252.71,62,1691.69
V2-バランス(+ETF),DLR,2024-10-28,2024-12-10,175.4066191397542,179.1834,2.15,31,1821.29
V2-バランス(+ETF),CBRE,2024-10-25,2024-12-18,134.66000366210938,131.6831,-2.21,38,1820.0
V2-バランス(+ETF),BAM,2024-11-05,2024-12-18,52.14384892842505,53.0629,1.76,31,1770.78
V2-バランス(+ETF),SITM,2024-12-10,2024-12-18,251.3800048828125,231.2696,-8.0,7,2579.5
V2-バランス(+ETF),FFIV,2024-10-30,2024-12-19,240.00999450683594,250.019,4.17,36,1827.28
V2-バランス(+ETF),QBTS,2024-12-19,2024-12-19,9.289999961853027,8.5468,-8.0,1,2525.71
V2-バランス(+ETF),PLTR,2024-12-23,2024-12-31,80.6500015258789,74.198,-8.0,6,2502.44
V2-バランス(+ETF),JBL,2024-12-19,2025-01-27,144.97540397257148,160.8575,10.96,24,2525.71
V2-バランス(+ETF),ALK,2024-12-11,2025-03-03,62.0,69.176,11.57,54,2587.74
V2-バランス(+ETF),FOXA,2024-12-19,2025-03-10,48.49137080312549,53.4436,10.21,53,2525.71
V2-バランス(+ETF),DRI,2024-12-20,2025-03-12,176.65963275097408,182.9177,3.54,54,2501.74
V2-バランス(+ETF),ABT,2025-01-28,2025-03-12,127.3602580620703,129.8535,1.96,31,2515.33
V2-バランス(+ETF),VRSN,2025-01-02,2025-04-04,207.4121198675677,239.762,15.6,64,2462.52
V2-バランス(+ETF),THG,2025-03-04,2025-04-04,169.6083357046839,161.827,-4.59,24,2568.72
V2-バランス(+ETF),NXT,2025-05-14,2025-05-22,52.709999084472656,52.5955,-0.22,7,2703.1
V2-バランス(+ETF),UBER,2025-05-13,2025-05-29,87.41000366210938,83.5019,-4.47,12,2700.31
V2-バランス(+ETF),QBTS,2025-05-23,2025-05-29,17.905000686645508,16.4726,-8.0,4,2699.48
V2-バランス(+ETF),PAYC,2025-05-13,2025-06-13,256.61691929489507,244.1116,-4.87,23,2700.31
V2-バランス(+ETF),BA,2025-05-30,2025-06-13,206.77000427246094,200.68,-2.95,11,2638.32
V2-バランス(+ETF),LPLA,2025-05-30,2025-06-24,383.5704327433076,356.9489,-6.94,17,2638.32
V2-バランス(+ETF),MP,2025-06-16,2025-07-07,31.469999313354492,30.54,-2.96,14,2600.59
V2-バランス(+ETF),NRG,2025-05-13,2025-07-08,148.85416911434544,151.5151,1.79,38,2700.31
V2-バランス(+ETF),U,2025-07-09,2025-07-24,29.3700008392334,32.4208,10.39,12,2567.58
V2-バランス(+ETF),TTMI,2025-05-13,2025-08-01,29.020000457763672,43.2825,49.15,56,2700.31
V2-バランス(+ETF),CELH,2025-06-25,2025-08-05,45.5099983215332,42.9909,-5.54,29,2569.47
V2-バランス(+ETF),ORCL,2025-06-16,2025-08-19,211.81944003306123,236.7374,11.76,45,2600.59
V2-バランス(+ETF),BWXT,2025-08-06,2025-08-19,179.92394711736765,165.53,-8.0,10,2838.3
V2-バランス(+ETF),ORA,2025-08-20,2025-09-02,92.74739410572177,89.0608,-3.97,9,2854.1
V2-バランス(+ETF),WMS,2025-08-20,2025-09-09,142.05601282652495,135.0123,-4.96,14,2854.1
V2-バランス(+ETF),OSK,2025-07-08,2025-09-17,123.21694814367764,133.3871,8.25,51,2558.01
V2-バランス(+ETF),BE,2025-07-25,2025-09-24,33.54999923706055,69.28,106.5,43,2619.87
V2-バランス(+ETF),QBTS,2025-09-18,2025-10-21,22.8700008392334,33.3928,46.01,24,2860.72
V2-バランス(+ETF),ALNY,2025-09-10,2025-10-30,478.5,444.8397,-7.03,37,2814.04
V2-バランス(+ETF),IONS,2025-09-03,2025-11-10,58.97999954223633,68.9245,16.86,49,2831.56
V2-バランス(+ETF),LITE,2025-11-11,2025-11-13,252.00999450683594,231.8492,-8.0,3,3697.42
V2-バランス(+ETF),NVT,2025-08-04,2025-11-14,90.20973597397438,102.337,13.44,74,2865.3
V2-バランス(+ETF),GM,2025-10-22,2025-11-18,66.75834833371623,66.888,0.19,20,3630.92
V2-バランス(+ETF),XEL,2025-09-25,2025-12-03,77.56135893846987,77.7986,0.31,49,3381.81
V2-バランス(+ETF),JAZZ,2025-11-19,2025-12-04,180.39999389648438,165.968,-8.0,11,3700.5
V2-バランス(+ETF),CSCO,2025-11-14,2026-01-02,76.1723987501449,75.9368,-0.31,33,3627.65
V2-バランス(+ETF),GH,2025-10-31,2026-01-05,91.38999938964844,99.8807,9.29,44,3615.97
V2-バランス(+ETF),RVMD,2025-11-17,2026-01-07,67.6500015258789,80.95,19.66,35,3702.14
V2-バランス(+ETF),RVMD,2026-01-08,2026-01-08,95.20999908447266,94.9583,-0.26,1,3844.66
V2-バランス(+ETF),RVMD,2026-01-09,2026-01-09,120.0,110.4,-8.0,1,3844.89
V2-バランス(+ETF),ARWR,2025-12-04,2026-01-20,64.4000015258789,62.0,-3.73,31,3701.9
V2-バランス(+ETF),RVMD,2026-01-12,2026-01-26,116.81999969482422,93.5,-19.96,10,3786.92
V2-バランス(+ETF),DG,2025-12-05,2026-01-30,124.65834539472684,140.11,12.4,38,3644.4
V2-バランス(+ETF),ZM,2026-01-27,2026-02-03,96.75,89.01,-8.0,6,3621.22
V2-バランス(+ETF),FTAI,2026-01-05,2026-02-04,212.67999267578125,267.2478,25.66,22,3643.49
V2-バランス(+ETF),QGEN,2026-01-21,2026-02-05,54.11000061035156,49.91,-7.76,12,3756.94
V2-バランス(+ETF),SNDK,2026-02-02,2026-02-09,588.8099975585938,555.2072,-5.71,6,3712.46
V2-低リスク(+ETF),GS,2020-12-22,2021-01-25,226.8975752551599,250.0252,10.19,22,760.98
V2-低リスク(+ETF),NKE,2020-12-22,2021-01-25,132.33408167161826,126.9218,-4.09,22,760.98
V2-低リスク(+ETF),GME,2021-01-26,2021-01-26,22.139999389648438,22.14,0.0,1,776.11
V2-低リスク(+ETF),PSTG,2020-12-07,2021-01-27,20.969999313354492,21.9435,4.64,35,779.81
V2-低リスク(+ETF),IRM,2021-01-26,2021-01-27,26.053581523916723,27.3421,4.95,2,776.11
V2-低リスク(+ETF),GME,2021-01-27,2021-01-27,88.7074966430664,81.6109,-8.0,1,776.25
V2-低リスク(+ETF),GME,2021-01-28,2021-01-28,66.25,66.25,0.0,1,768.73
V2-低リスク(+ETF),WBD,2021-01-28,2021-01-29,43.58000183105469,40.0936,-8.0,2,768.73
V2-低リスク(+ETF),IRM,2021-01-28,2021-02-02,29.051971384990622,26.7278,-8.0,4,768.73
V2-低リスク(+ETF),PTC,2021-01-29,2021-03-03,137.6699981689453,133.3547,-3.13,23,770.21
V2-低リスク(+ETF),WAT,2021-02-03,2021-03-03,289.6600036621094,270.5347,-6.6,20,754.24
V2-低リスク(+ETF),SWKS,2021-02-01,2021-03-04,151.3518126508916,150.1548,-0.79,23,751.41
V2-低リスク(+ETF),PR,2021-03-04,2021-03-17,4.090594065480417,3.9592,-3.21,10,749.35
V2-低リスク(+ETF),FANG,2021-03-05,2021-03-18,67.98387009754119,62.5452,-8.0,10,750.51
V2-低リスク(+ETF),TPL,2021-03-18,2021-03-18,178.28315041535177,164.0205,-8.0,1,755.12
V2-低リスク(+ETF),AA,2021-03-04,2021-03-23,28.383101763799267,26.1125,-8.0,14,749.35
V2-低リスク(+ETF),AGCO,2021-03-19,2021-03-23,123.14385224624255,113.2923,-8.0,3,725.41
V2-低リスク(+ETF),CDW,2021-03-29,2021-05-05,157.60415599195372,163.079,3.47,27,704.1
V2-低リスク(+ETF),HIG,2021-03-19,2021-05-11,61.37525213303219,58.0636,-5.4,37,725.41
V2-低リスク(+ETF),AR,2021-05-12,2021-05-13,11.579999923706055,10.6536,-8.0,2,712.15
V2-低リスク(+ETF),COKE,2021-05-14,2021-06-14,31.569633276396296,39.3269,24.57,21,702.71
V2-低リスク(+ETF),NUE,2021-03-26,2021-06-17,69.25025223264197,91.107,31.56,58,698.87
V2-低リスク(+ETF),CLH,2021-05-06,2021-06-17,94.5199966430664,89.9839,-4.8,30,719.84
V2-低リスク(+ETF),NTNX,2021-06-15,2021-07-08,37.15999984741211,36.51,-1.75,17,729.45
V2-低リスク(+ETF),NVDA,2021-06-18,2021-07-15,18.74209039865033,19.089,1.85,19,761.36
V2-低リスク(+ETF),INVH,2021-07-09,2021-08-10,34.37641016767397,33.8743,-1.46,23,760.76
V2-低リスク(+ETF),MRNA,2021-07-16,2021-08-11,276.9200134277344,390.7266,41.1,19,769.26
V2-低リスク(+ETF),NUE,2021-08-12,2021-09-03,113.99165209789318,106.4373,-6.63,17,830.67
V2-低リスク(+ETF),MDB,2021-09-07,2021-09-08,514.7999877929688,473.616,-8.0,2,821.77
V2-低リスク(+ETF),ACI,2021-08-11,2021-09-10,19.416663697001752,20.1773,3.92,22,771.15
V2-低リスク(+ETF),NET,2021-06-18,2021-09-28,102.30000305175781,119.33,16.65,71,761.36
V2-低リスク(+ETF),WING,2021-09-13,2021-09-28,176.1765775104691,162.5687,-7.72,12,809.29
V2-低リスク(+ETF),COP,2021-09-29,2021-11-12,57.441804651237724,61.1071,6.38,33,803.6
V2-低リスク(+ETF),DASH,2021-11-15,2021-11-17,247.52000427246094,227.7184,-8.0,3,831.36
V2-低リスク(+ETF),IONQ,2021-11-18,2021-11-18,33.7400016784668,31.0408,-8.0,1,824.76
V2-低リスク(+ETF),DDOG,2021-09-09,2021-11-23,140.0,170.61,21.86,54,808.29
V2-低リスク(+ETF),BDC,2021-09-29,2021-11-26,60.107422551781646,63.1104,5.0,42,803.6
V2-低リスク(+ETF),BJ,2021-11-19,2021-11-26,72.18000030517578,66.4056,-8.0,5,816.36
V2-低リスク(+ETF),DLTR,2021-11-24,2021-11-30,146.27000427246094,134.5684,-8.0,4,847.42
V2-低リスク(+ETF),KRYS,2021-11-30,2021-11-30,87.25,80.27,-8.0,1,841.47
V2-低リスク(+ETF),PFE,2021-11-29,2021-12-07,44.16450714658142,40.6313,-8.0,7,834.69
V2-低リスク(+ETF),MRVL,2021-12-08,2021-12-16,89.25058673835656,82.1105,-8.0,7,806.63
V2-低リスク(+ETF),ACN,2021-12-17,2022-01-06,373.48797923011995,362.4915,-2.94,14,789.49
V2-低リスク(+ETF),AAPL,2021-12-01,2022-01-10,163.88550209995378,165.1305,0.76,28,812.34
V2-低リスク(+ETF),BPOP,2022-01-07,2022-01-20,79.72415639328186,80.2956,0.72,9,784.24
V2-低リスク(+ETF),DELL,2022-01-11,2022-01-21,54.76367364780537,51.5098,-5.94,8,784.88
V2-低リスク(+ETF),FWONK,2021-12-01,2022-01-24,59.5771598815918,58.1896,-2.33,37,812.34
V2-低リスク(+ETF),MKC,2022-01-31,2022-02-18,89.88619111136667,88.8672,-1.13,15,783.91
V2-低リスク(+ETF),ADM,2022-01-31,2022-03-09,66.61669828368817,71.7441,7.7,27,783.91
V2-低リスク(+ETF),TRGP,2022-02-01,2022-03-09,54.08343473293348,59.4342,9.89,26,783.91
V2-低リスク(+ETF),RMBS,2022-03-21,2022-04-05,31.229999542236328,29.6765,-4.97,12,823.94
V2-低リスク(+ETF),LLY,2022-04-07,2022-04-21,294.56012407296043,281.899,-4.3,10,832.37
V2-低リスク(+ETF),STLD,2022-03-21,2022-04-25,80.44424149447714,82.1395,2.11,25,823.94
V2-低リスク(+ETF),MCK,2022-03-21,2022-04-25,293.1880696686517,305.9967,4.37,25,823.94
V2-低リスク(+ETF),ASTS,2022-08-17,2022-08-17,14.270000457763672,13.1284,-8.0,1,837.5
V2-低リスク(+ETF),FLUT,2022-12-01,2022-12-20,148.5,134.57,-9.38,14,831.61
V2-低リスク(+ETF),GIS,2022-12-01,2022-12-20,75.2907926401672,73.288,-2.66,14,831.61
V2-低リスク(+ETF),CMC,2023-01-12,2023-01-19,54.1489175045791,49.817,-8.0,5,814.52
V2-低リスク(+ETF),SNX,2023-01-12,2023-01-26,105.42172932030284,96.5195,-8.44,10,814.52
V2-低リスク(+ETF),NFLX,2023-01-23,2023-02-21,34.172000885009766,33.9167,-0.75,21,796.72
V2-低リスク(+ETF),LVS,2022-12-01,2023-03-10,44.16897221689805,53.0104,20.02,68,831.61
V2-低リスク(+ETF),URI,2023-01-27,2023-03-10,417.4532196786884,430.9118,3.22,30,786.19
V2-低リスク(+ETF),MOD,2023-02-22,2023-03-10,24.979999542236328,23.6852,-5.18,13,770.25
V2-低リスク(+ETF),ANET,2023-03-17,2023-04-19,40.631248474121094,39.1245,-3.71,23,791.51
V2-低リスク(+ETF),LSCC,2023-03-15,2023-04-25,91.0,86.1456,-5.33,29,791.41
V2-低リスク(+ETF),ISRG,2023-04-20,2023-05-23,298.9599914550781,300.1227,0.39,24,801.89
V2-低リスク(+ETF),PLTR,2023-05-24,2023-06-23,12.050000190734863,13.64,13.2,21,807.37
V2-低リスク(+ETF),META,2023-03-15,2023-07-24,191.61151389829584,288.8844,50.77,90,791.41
V2-低リスク(+ETF),SPOT,2023-04-26,2023-07-24,138.52999877929688,164.2971,18.6,61,784.23
V2-低リスク(+ETF),BDX,2023-07-25,2023-08-03,208.34191316953817,202.4107,-2.85,8,977.1
V2-低リスク(+ETF),CTRE,2023-07-25,2023-08-04,18.767261726452816,17.9872,-4.16,9,977.1
V2-低リスク(+ETF),W,2023-08-04,2023-08-09,85.64800262451172,78.7962,-8.0,4,966.55
V2-低リスク(+ETF),KTOS,2023-08-07,2023-08-15,16.649999618530273,15.318,-8.0,7,957.22
V2-低リスク(+ETF),IBP,2023-06-26,2023-08-18,128.5226595519816,137.6884,7.13,39,858.33
V2-低リスク(+ETF),CSCO,2023-08-18,2023-09-15,50.935347962133406,52.0861,2.26,20,914.61
V2-低リスク(+ETF),PR,2023-08-22,2023-09-15,12.124395406028388,12.4133,2.38,18,926.58
V2-低リスク(+ETF),CELH,2023-08-10,2023-09-20,58.39666748046875,61.0694,4.58,29,939.65
V2-低リスク(+ETF),EVR,2023-09-18,2023-09-22,139.95619412098415,131.3607,-6.14,5,938.23
V2-低リスク(+ETF),BX,2023-09-18,2023-09-26,105.24437381709252,100.3049,-4.69,7,938.23
V2-低リスク(+ETF),XOM,2023-09-28,2023-10-04,110.16647630201668,103.5778,-5.98,5,931.82
V2-低リスク(+ETF),FN,2023-10-06,2023-10-19,174.0,165.767,-4.73,10,905.6
V2-低リスク(+ETF),JBL,2023-09-29,2023-10-20,126.28899771759563,127.8857,1.26,16,932.45
V2-低リスク(+ETF),AKAM,2023-09-21,2023-10-25,107.66000366210938,103.2822,-4.07,25,939.84
V2-低リスク(+ETF),SM,2023-10-20,2023-10-27,40.73535290544554,37.4765,-8.0,6,894.47
V2-低リスク(+ETF),IT,2023-11-06,2023-12-21,387.80999755859375,441.7015,13.9,33,856.59
V2-低リスク(+ETF),CYTK,2023-12-22,2024-01-08,45.0,86.0189,91.15,10,916.07
V2-低リスク(+ETF),NRG,2023-11-03,2024-02-12,43.768184963058836,50.0679,14.39,68,856.59
V2-低リスク(+ETF),ANET,2023-11-02,2024-02-13,53.064998626708984,64.4725,21.5,70,856.59
V2-低リスク(+ETF),MSTR,2024-02-13,2024-03-05,67.5,108.001,60.0,15,1111.02
V2-低リスク(+ETF),AVAV,2024-03-06,2024-03-11,171.1999969482422,159.9362,-6.58,4,1252.9
V2-低リスク(+ETF),PRAX,2024-01-09,2024-04-04,32.25,50.6668,57.11,60,1061.72
V2-低リスク(+ETF),MTG,2024-03-12,2024-04-04,19.942102054214057,20.1343,0.96,17,1239.7
V2-低リスク(+ETF),MEDP,2024-02-14,2024-04-17,370.3999938964844,384.6892,3.86,44,1136.5
V2-低リスク(+ETF),KMI,2024-04-22,2024-05-28,17.281706817450196,17.7546,2.74,26,1360.12
V2-低リスク(+ETF),SMTC,2024-04-05,2024-06-06,32.84000015258789,38.7959,18.14,44,1364.75
V2-低リスク(+ETF),CRS,2024-04-05,2024-06-10,75.88405981469245,101.0603,33.18,46,1364.75
V2-低リスク(+ETF),NVDA,2024-05-29,2024-06-24,112.99235261607853,122.5308,8.44,18,1402.0
V2-低リスク(+ETF),CRWD,2024-06-11,2024-07-17,372.8599853515625,354.4588,-4.94,25,1520.04
V2-低リスク(+ETF),ALNY,2024-06-25,2024-07-18,221.3699951171875,237.1675,7.14,17,1530.04
V2-低リスク(+ETF),CFG,2024-07-18,2024-08-02,38.4485232405953,37.9393,-1.32,12,1525.34
V2-低リスク(+ETF),HALO,2024-06-07,2024-08-05,51.08000183105469,51.7875,1.39,40,1435.94
V2-低リスク(+ETF),RKT,2024-08-05,2024-09-11,15.140940496844982,17.48,15.45,27,1553.06
V2-低リスク(+ETF),TSN,2024-08-06,2024-09-11,59.02048801569459,59.7564,1.25,26,1537.81
V2-低リスク(+ETF),DHI,2024-07-19,2024-10-04,171.0127855778459,181.9787,6.41,55,1543.82
V2-低リスク(+ETF),IBM,2024-09-12,2024-10-24,201.9585778067364,212.345,5.14,31,1635.06
V2-低リスク(+ETF),CPAY,2024-10-07,2024-10-29,329.5799865722656,333.7812,1.27,17,1650.52
V2-低リスク(+ETF),APP,2024-09-12,2024-12-09,97.3499984741211,343.3648,252.71,62,1635.06
V2-低リスク(+ETF),CBRE,2024-10-25,2024-12-18,134.66000366210938,131.6831,-2.21,38,1680.66
V2-低リスク(+ETF),SITM,2024-12-10,2024-12-18,251.3800048828125,231.2696,-8.0,7,2488.79
V2-低リスク(+ETF),FFIV,2024-10-30,2024-12-19,240.00999450683594,250.019,4.17,36,1682.58
V2-低リスク(+ETF),QBTS,2024-12-19,2024-12-19,9.289999961853027,8.5468,-8.0,1,2410.4
V2-低リスク(+ETF),PLTR,2024-12-23,2024-12-31,80.6500015258789,74.198,-8.0,6,2389.49
V2-低リスク(+ETF),JBL,2024-12-19,2025-01-27,144.97540397257148,160.8575,10.96,24,2410.4
V2-低リスク(+ETF),DRI,2024-12-20,2025-03-12,176.65963275097408,182.9177,3.54,54,2385.13
V2-低リスク(+ETF),ABT,2025-01-28,2025-03-12,127.3602580620703,129.8535,1.96,31,2398.07
V2-低リスク(+ETF),VRSN,2025-01-02,2025-04-04,207.4121198675677,239.762,15.6,64,2337.63
V2-低リスク(+ETF),PAYC,2025-05-13,2025-06-13,256.61691929489507,244.1116,-4.87,23,2467.57
V2-低リスク(+ETF),NRG,2025-05-13,2025-07-08,148.85416911434544,151.5151,1.79,38,2467.57
V2-低リスク(+ETF),U,2025-07-09,2025-07-24,29.3700008392334,32.4208,10.39,12,2533.22
V2-低リスク(+ETF),TTMI,2025-05-13,2025-08-01,29.020000457763672,43.2825,49.15,56,2467.57
V2-低リスク(+ETF),ORCL,2025-06-16,2025-08-19,211.81944003306123,236.7374,11.76,45,2461.06
V2-低リスク(+ETF),WMS,2025-08-20,2025-09-09,142.05601282652495,135.0123,-4.96,14,2883.49
V2-低リスク(+ETF),BE,2025-07-25,2025-09-24,33.54999923706055,69.28,106.5,43,2604.23
V2-低リスク(+ETF),ALNY,2025-09-10,2025-10-30,478.5,444.8397,-7.03,37,2895.73
V2-低リスク(+ETF),NVT,2025-08-04,2025-11-14,90.20973597397438,102.337,13.44,74,2811.26
V2-低リスク(+ETF),XEL,2025-09-25,2025-12-03,77.56135893846987,77.7986,0.31,49,3441.16
V2-低リスク(+ETF),GH,2025-10-31,2026-01-05,91.38999938964844,99.8807,9.29,44,3463.45
V2-低リスク(+ETF),RVMD,2025-11-17,2026-01-07,67.6500015258789,80.95,19.66,35,3475.4
V2-低リスク(+ETF),RVMD,2026-01-08,2026-01-08,95.20999908447266,94.9583,-0.26,1,3660.49
V2-低リスク(+ETF),RVMD,2026-01-09,2026-01-09,120.0,110.4,-8.0,1,3674.68
V2-低リスク(+ETF),ARWR,2025-12-04,2026-01-20,64.4000015258789,62.0,-3.73,31,3464.05
V2-低リスク(+ETF),RVMD,2026-01-12,2026-01-26,116.81999969482422,93.5,-19.96,10,3617.62
V2-低リスク(+ETF),ZM,2026-01-27,2026-02-03,96.75,89.01,-8.0,6,3466.19
V2-低リスク(+ETF),QGEN,2026-01-21,2026-02-05,54.11000061035156,49.91,-7.76,12,3570.38
