date,equity
2021-01-05,4192.61
2021-01-06,4300.05
2021-01-07,4380.0
2021-01-08,4380.66
2021-01-11,4391.06
2021-01-12,4422.58
2021-01-13,4398.62
2021-01-14,4407.61
2021-01-15,4337.09
2021-01-19,4306.59
2021-01-20,4318.73
2021-01-21,4291.35
2021-01-22,4258.64
2021-01-25,4119.54
2021-01-26,3774.9
2021-01-27,4369.22
2021-01-28,4013.99
2021-01-29,3912.38
2021-02-01,4043.88
2021-02-02,4077.04
2021-02-03,4017.26
2021-02-04,4055.27
2021-02-05,4077.35
2021-02-08,4103.34
2021-02-09,4105.91
2021-02-10,4128.51
2021-02-11,4134.99
2021-02-12,4151.96
2021-02-16,4194.6
2021-02-17,4168.13
2021-02-18,4131.98
2021-02-19,4163.46
2021-02-22,4060.47
2021-02-23,4061.16
2021-02-24,4152.96
2021-02-25,4009.4
2021-02-26,3981.1
2021-03-01,4105.7
2021-03-02,4029.48
2021-03-03,4030.6
2021-03-04,4074.2
2021-03-05,4104.35
2021-03-08,4026.13
2021-03-09,4062.18
2021-03-10,4191.18
2021-03-11,4308.5
2021-03-12,4297.62
2021-03-15,4311.06
2021-03-16,4047.06
2021-03-17,4056.72
2021-03-18,3913.71
2021-03-19,3881.29
2021-03-22,3836.34
2021-03-23,3696.04
2021-03-24,3715.3
2021-03-25,3721.82
2021-03-26,3795.17
2021-03-29,3747.05
2021-03-30,3772.04
2021-03-31,3754.54
2021-04-01,3819.37
2021-04-05,3801.12
2021-04-06,3788.95
2021-04-07,3770.93
2021-04-08,3772.89
2021-04-09,3800.06
2021-04-12,3800.18
2021-04-13,3786.98
2021-04-14,3794.55
2021-04-15,3825.73
2021-04-16,3843.42
2021-04-19,3831.36
2021-04-20,3783.5
2021-04-21,3841.27
2021-04-22,3772.08
2021-04-23,3840.23
2021-04-26,3879.5
2021-04-27,3899.08
2021-04-28,3886.91
2021-04-29,3910.93
2021-04-30,3869.36
2021-05-03,3918.46
2021-05-04,3965.97
2021-05-05,3992.95
2021-05-06,4042.12
2021-05-07,4086.09
2021-05-10,4094.39
2021-05-11,4034.31
2021-05-12,3921.28
2021-05-13,3974.83
2021-05-14,4035.66
2021-05-17,4091.19
2021-05-18,4023.97
2021-05-19,3985.01
2021-05-20,4009.53
2021-05-21,4026.68
2021-05-24,4082.63
2021-05-25,4063.88
2021-05-26,4094.67
2021-05-27,4126.74
2021-05-28,4151.86
2021-06-01,4284.6
2021-06-02,4208.19
2021-06-03,4265.97
2021-06-04,4282.93
2021-06-07,4275.33
2021-06-08,4322.91
2021-06-09,4284.57
2021-06-10,4244.91
2021-06-11,4246.98
2021-06-14,4149.64
2021-06-15,4134.06
2021-06-16,4091.66
2021-06-17,4044.46
2021-06-18,4023.43
2021-06-21,4025.79
2021-06-22,4102.35
2021-06-23,4118.59
2021-06-24,4136.23
2021-06-25,4150.31
2021-06-28,4172.53
2021-06-29,4185.85
2021-06-30,4141.61
2021-07-01,4152.66
2021-07-02,4184.64
2021-07-06,4216.86
2021-07-07,4187.99
2021-07-08,4145.4
2021-07-09,4185.54
2021-07-12,4209.57
2021-07-13,4161.66
2021-07-14,4148.26
2021-07-15,4060.64
2021-07-16,4138.87
2021-07-19,4193.31
2021-07-20,4243.56
2021-07-21,4284.32
2021-07-22,4308.94
2021-07-23,4434.55
2021-07-26,4389.55
2021-07-27,4382.0
2021-07-28,4457.87
2021-07-29,4449.2
2021-07-30,4464.68
2021-08-02,4444.21
2021-08-03,4566.07
2021-08-04,4654.23
2021-08-05,4671.93
2021-08-06,4636.19
2021-08-09,4855.78
2021-08-10,4792.06
2021-08-11,4553.14
2021-08-12,4631.41
2021-08-13,4639.19
2021-08-16,4610.52
2021-08-17,4584.75
2021-08-18,4534.18
2021-08-19,4503.04
2021-08-20,4526.88
2021-08-23,4583.22
2021-08-24,4592.5
2021-08-25,4562.16
2021-08-26,4511.53
2021-08-27,4556.38
2021-08-30,4598.23
2021-08-31,4579.31
2021-09-01,4612.8
2021-09-02,4695.11
2021-09-03,4702.84
2021-09-07,4686.29
2021-09-08,4588.08
2021-09-09,4590.9
2021-09-10,4477.87
2021-09-13,4432.45
2021-09-14,4452.9
2021-09-15,4495.52
2021-09-16,4580.15
2021-09-17,4524.61
2021-09-20,4444.45
2021-09-21,4484.28
2021-09-22,4564.82
2021-09-23,4544.75
2021-09-24,4496.62
2021-09-27,4383.61
2021-09-28,4270.9
2021-09-29,4271.61
2021-09-30,4248.9
2021-10-01,4305.8
2021-10-04,4277.04
2021-10-05,4336.03
2021-10-06,4328.65
2021-10-07,4342.38
2021-10-08,4402.25
2021-10-11,4408.34
2021-10-12,4416.84
2021-10-13,4466.07
2021-10-14,4502.65
2021-10-15,4516.99
2021-10-18,4526.06
2021-10-19,4573.04
2021-10-20,4600.32
2021-10-21,4573.98
2021-10-22,4615.49
2021-10-25,4636.95
2021-10-26,4652.94
2021-10-27,4530.76
2021-10-28,4589.79
2021-10-29,4614.79
2021-11-01,4646.42
2021-11-02,4643.55
2021-11-03,4623.46
2021-11-04,4646.51
2021-11-05,4838.49
2021-11-08,4877.06
2021-11-09,4883.18
2021-11-10,4791.18
2021-11-11,4807.26
2021-11-12,4824.73
2021-11-15,4807.47
2021-11-16,4818.96
2021-11-17,4712.17
2021-11-18,4738.41
2021-11-19,4723.34
2021-11-22,4647.78
2021-11-23,4567.05
2021-11-24,4553.93
2021-11-26,4404.37
2021-11-29,4427.27
2021-11-30,4291.19
2021-12-01,4244.0
2021-12-02,4265.26
2021-12-03,4239.71
2021-12-06,4249.5
2021-12-07,4328.01
2021-12-08,4347.64
2021-12-09,4296.07
2021-12-10,4350.57
2021-12-13,4287.38
2021-12-14,4237.22
2021-12-15,4346.05
2021-12-16,4204.02
2021-12-17,4187.95
2021-12-20,4137.73
2021-12-21,4226.07
2021-12-22,4294.71
2021-12-23,4303.62
2021-12-27,4398.46
2021-12-28,4377.57
2021-12-29,4388.77
2021-12-30,4380.46
2021-12-31,4374.79
2022-01-03,4407.66
2022-01-04,4359.18
2022-01-05,4263.6
2022-01-06,4227.15
2022-01-07,4235.67
2022-01-10,4214.68
2022-01-11,4260.85
2022-01-12,4264.57
2022-01-13,4282.33
2022-01-14,4336.28
2022-01-18,4287.14
2022-01-19,4238.73
2022-01-20,4181.15
2022-01-21,4142.75
2022-01-24,4134.25
2022-01-25,4180.54
2022-01-26,4180.67
2022-01-27,4180.46
2022-01-28,4187.94
2022-01-31,4199.26
2022-02-01,4274.32
2022-02-02,4313.43
2022-02-03,4287.44
2022-02-04,4302.92
2022-02-07,4335.62
2022-02-08,4318.9
2022-02-09,4348.07
2022-02-10,4306.65
2022-02-11,4372.77
2022-02-14,4346.23
2022-02-15,4349.77
2022-02-16,4344.2
2022-02-17,4332.17
2022-02-18,4315.87
2022-02-22,4301.7
2022-02-23,4291.23
2022-02-24,4310.15
2022-02-25,4364.21
2022-02-28,4381.24
2022-03-01,4379.05
2022-03-02,4429.95
2022-03-03,4452.95
2022-03-04,4482.46
2022-03-07,4482.57
2022-03-08,4452.3
2022-03-09,4394.1
2022-03-10,4394.37
2022-03-11,4394.37
2022-03-14,4394.37
2022-03-15,4393.93
2022-03-16,4394.37
2022-03-17,4394.37
2022-03-18,4381.45
2022-03-21,4392.72
2022-03-22,4382.26
2022-03-23,4406.64
2022-03-24,4493.84
2022-03-25,4552.11
2022-03-28,4522.14
2022-03-29,4513.69
2022-03-30,4497.23
2022-03-31,4467.58
2022-04-01,4494.88
2022-04-04,4462.44
2022-04-05,4409.41
2022-04-06,4446.76
2022-04-07,4501.06
2022-04-08,4550.45
2022-04-11,4490.22
2022-04-12,4502.65
2022-04-13,4522.47
2022-04-14,4523.27
2022-04-18,4545.56
2022-04-19,4549.46
2022-04-20,4552.4
2022-04-21,4566.27
2022-04-22,4494.6
2022-04-25,4452.75
2022-04-26,4452.89
2022-04-27,4452.89
2022-04-28,4453.16
2022-04-29,4453.16
2022-05-02,4453.03
2022-05-03,4453.03
2022-05-04,4453.03
2022-05-05,4453.47
2022-05-06,4453.47
2022-05-09,4453.47
2022-05-10,4453.47
2022-05-11,4453.47
2022-05-12,4453.47
2022-05-13,4453.47
2022-05-16,4453.47
2022-05-17,4453.92
2022-05-18,4453.92
2022-05-19,4454.36
2022-05-20,4453.92
2022-05-23,4454.58
2022-05-24,4454.81
2022-05-25,4454.81
2022-05-26,4455.25
2022-05-27,4455.25
2022-05-31,4455.25
2022-06-01,4455.3
2022-06-02,4455.74
2022-06-03,4455.74
2022-06-06,4455.3
2022-06-07,4455.3
2022-06-08,4455.3
2022-06-09,4455.74
2022-06-10,4455.74
2022-06-13,4455.3
2022-06-14,4455.3
2022-06-15,4455.07
2022-06-16,4456.19
2022-06-17,4456.63
2022-06-21,4457.52
2022-06-22,4457.08
2022-06-23,4457.52
2022-06-24,4456.63
2022-06-27,4457.52
2022-06-28,4457.52
2022-06-29,4457.97
2022-06-30,4458.86
2022-07-01,4458.37
2022-07-05,4458.81
2022-07-06,4458.81
2022-07-07,4459.26
2022-07-08,4459.26
2022-07-11,4459.26
2022-07-12,4458.81
2022-07-13,4458.37
2022-07-14,4459.71
2022-07-15,4459.26
2022-07-18,4459.71
2022-07-19,4460.15
2022-07-20,4460.15
2022-07-21,4460.6
2022-07-22,4461.49
2022-07-25,4461.49
2022-07-26,4461.04
2022-07-27,4461.93
2022-07-28,4461.93
2022-07-29,4461.04
2022-08-01,4463.1
2022-08-02,4463.32
2022-08-03,4463.99
2022-08-04,4464.43
2022-08-05,4464.43
2022-08-08,4464.43
2022-08-09,4465.33
2022-08-10,4464.88
2022-08-11,4465.77
2022-08-12,4466.22
2022-08-15,4466.22
2022-08-16,4446.71
2022-08-17,4399.67
2022-08-18,4400.03
2022-08-19,4400.03
2022-08-22,4401.48
2022-08-23,4400.16
2022-08-24,4401.04
2022-08-25,4402.14
2022-08-26,4402.14
2022-08-29,4402.36
2022-08-30,4402.36
2022-08-31,4402.8
2022-09-01,4404.03
2022-09-02,4404.03
2022-09-06,4404.47
2022-09-07,4405.35
2022-09-08,4406.23
2022-09-09,4405.79
2022-09-12,4405.79
2022-09-13,4407.11
2022-09-14,4406.67
2022-09-15,4407.99
2022-09-16,4407.99
2022-09-19,4408.43
2022-09-20,4409.31
2022-09-21,4409.75
2022-09-22,4410.19
2022-09-23,4411.07
2022-09-26,4411.07
2022-09-27,4411.51
2022-09-28,4411.51
2022-09-29,4412.83
2022-09-30,4413.27
2022-10-03,4413.58
2022-10-04,4414.02
2022-10-05,4414.02
2022-10-06,4415.34
2022-10-07,4415.78
2022-10-10,4415.78
2022-10-11,4416.23
2022-10-12,4415.34
2022-10-13,4416.67
2022-10-14,4417.55
2022-10-17,4417.11
2022-10-18,4417.99
2022-10-19,4417.99
2022-10-20,4418.87
2022-10-21,4419.75
2022-10-24,4420.19
2022-10-25,4419.75
2022-10-26,4419.75
2022-10-27,4421.96
2022-10-28,4421.96
2022-10-31,4421.96
2022-11-01,4422.44
2022-11-02,4423.33
2022-11-03,4425.09
2022-11-04,4425.53
2022-11-07,4425.98
2022-11-08,4426.42
2022-11-09,4427.75
2022-11-10,4428.19
2022-11-11,4428.63
2022-11-14,4428.63
2022-11-15,4428.63
2022-11-16,4428.19
2022-11-17,4430.4
2022-11-18,4430.4
2022-11-21,4431.28
2022-11-22,4432.61
2022-11-23,4433.49
2022-11-25,4433.93
2022-11-28,4434.82
2022-11-29,4434.82
2022-11-30,4441.92
2022-12-01,4437.77
2022-12-02,4468.03
2022-12-05,4468.23
2022-12-06,4416.0
2022-12-07,4439.18
2022-12-08,4473.12
2022-12-09,4438.33
2022-12-12,4480.42
2022-12-13,4492.69
2022-12-14,4492.08
2022-12-15,4474.37
2022-12-16,4423.04
2022-12-19,4401.61
2022-12-20,4336.02
2022-12-21,4345.15
2022-12-22,4339.69
2022-12-23,4339.69
2022-12-27,4374.97
2022-12-28,4334.55
2022-12-29,4352.05
2022-12-30,4369.75
2023-01-03,4392.99
2023-01-04,4438.42
2023-01-05,4433.38
2023-01-06,4434.8
2023-01-09,4456.44
2023-01-10,4474.68
2023-01-11,4460.42
2023-01-12,4454.09
2023-01-13,4497.16
2023-01-17,4467.66
2023-01-18,4384.73
2023-01-19,4367.6
2023-01-20,4388.85
2023-01-23,4448.23
2023-01-24,4460.96
2023-01-25,4450.89
2023-01-26,4458.32
2023-01-27,4464.03
2023-01-30,4403.64
2023-01-31,4481.62
2023-02-01,4538.69
2023-02-02,4550.0
2023-02-03,4523.74
2023-02-06,4486.94
2023-02-07,4526.36
2023-02-08,4504.81
2023-02-09,4450.75
2023-02-10,4400.87
2023-02-13,4472.63
2023-02-14,4470.33
2023-02-15,4486.37
2023-02-16,4426.13
2023-02-17,4393.28
2023-02-21,4313.76
2023-02-22,4323.26
2023-02-23,4303.07
2023-02-24,4277.91
2023-02-27,4299.52
2023-02-28,4342.21
2023-03-01,4391.27
2023-03-02,4435.9
2023-03-03,4503.43
2023-03-06,4446.99
2023-03-07,4406.21
2023-03-08,4414.88
2023-03-09,4287.76
2023-03-10,4219.51
2023-03-13,4220.01
2023-03-14,4238.11
2023-03-15,4226.54
2023-03-16,4286.4
2023-03-17,4222.48
2023-03-20,4258.78
2023-03-21,4331.13
2023-03-22,4273.41
2023-03-23,4359.56
2023-03-24,4342.97
2023-03-27,4309.62
2023-03-28,4257.85
2023-03-29,4340.54
2023-03-30,4374.05
2023-03-31,4457.63
2023-04-03,4463.71
2023-04-04,4442.23
2023-04-05,4379.26
2023-04-06,4384.11
2023-04-10,4411.68
2023-04-11,4383.77
2023-04-12,4364.07
2023-04-13,4461.15
2023-04-14,4455.05
2023-04-17,4452.14
2023-04-18,4450.73
2023-04-19,4378.68
2023-04-20,4336.88
2023-04-21,4340.02
2023-04-24,4335.85
2023-04-25,4229.88
2023-04-26,4224.61
2023-04-27,4375.24
2023-04-28,4422.24
2023-05-01,4467.35
2023-05-02,4415.08
2023-05-03,4411.22
2023-05-04,4394.08
2023-05-05,4445.61
2023-05-08,4460.08
2023-05-09,4437.46
2023-05-10,4484.44
2023-05-11,4486.57
2023-05-12,4454.88
2023-05-15,4507.76
2023-05-16,4517.62
2023-05-17,4560.18
2023-05-18,4658.75
2023-05-19,4644.79
2023-05-22,4655.0
2023-05-23,4617.88
2023-05-24,4583.03
2023-05-25,4712.61
2023-05-26,4876.04
2023-05-30,4946.66
2023-05-31,4943.75
2023-06-01,5013.82
2023-06-02,5011.92
2023-06-05,5069.54
2023-06-06,5063.94
2023-06-07,4924.08
2023-06-08,4990.09
2023-06-09,4996.03
2023-06-12,5108.39
2023-06-13,5151.05
2023-06-14,5175.61
2023-06-15,5287.02
2023-06-16,5290.0
2023-06-20,5237.25
2023-06-21,5112.72
2023-06-22,5121.57
2023-06-23,5075.82
2023-06-26,4999.37
2023-06-27,5120.44
2023-06-28,5116.13
2023-06-29,5127.72
2023-06-30,5200.33
2023-07-03,5180.25
2023-07-05,5207.96
2023-07-06,5132.37
2023-07-07,5129.85
2023-07-10,5171.33
2023-07-11,5230.47
2023-07-12,5363.7
2023-07-13,5439.23
2023-07-14,5425.94
2023-07-17,5489.62
2023-07-18,5526.26
2023-07-19,5547.9
2023-07-20,5384.09
2023-07-21,5334.11
2023-07-24,5303.75
2023-07-25,5353.6
2023-07-26,5336.12
2023-07-27,5308.05
2023-07-28,5338.0
2023-07-31,5334.23
2023-08-01,5323.45
2023-08-02,5276.38
2023-08-03,5240.31
2023-08-04,5209.2
2023-08-07,5259.35
2023-08-08,5249.26
2023-08-09,5114.62
2023-08-10,5138.8
2023-08-11,5126.5
2023-08-14,5163.9
2023-08-15,5091.81
2023-08-16,5028.1
2023-08-17,4917.74
2023-08-18,4951.26
2023-08-21,4953.98
2023-08-22,4958.62
2023-08-23,4972.4
2023-08-24,4917.71
2023-08-25,4981.66
2023-08-28,5018.85
2023-08-29,5071.85
2023-08-30,5136.79
2023-08-31,5170.7
2023-09-01,5227.37
2023-09-05,5258.73
2023-09-06,5264.35
2023-09-07,5259.37
2023-09-08,5268.51
2023-09-11,5210.01
2023-09-12,5202.03
2023-09-13,5179.85
2023-09-14,5182.52
2023-09-15,5125.81
2023-09-18,5145.45
2023-09-19,5125.25
2023-09-20,5000.75
2023-09-21,4936.36
2023-09-22,4921.35
2023-09-25,4927.9
2023-09-26,4881.16
2023-09-27,4965.29
2023-09-28,4948.92
2023-09-29,4900.39
2023-10-02,4860.0
2023-10-03,4840.11
2023-10-04,4844.1
2023-10-05,4828.01
2023-10-06,4844.4
2023-10-09,4872.79
2023-10-10,4915.94
2023-10-11,4988.67
2023-10-12,4959.16
2023-10-13,4871.39
2023-10-16,4925.8
2023-10-17,4928.28
2023-10-18,4839.2
2023-10-19,4793.0
2023-10-20,4726.31
2023-10-23,4703.37
2023-10-24,4739.34
2023-10-25,4605.68
2023-10-26,4582.52
2023-10-27,4566.23
2023-10-30,4566.79
2023-10-31,4567.7
2023-11-01,4562.75
2023-11-02,4561.04
2023-11-03,4559.43
2023-11-06,4587.63
2023-11-07,4608.76
2023-11-08,4609.71
2023-11-09,4601.86
2023-11-10,4656.54
2023-11-13,4678.65
2023-11-14,4780.25
2023-11-15,4770.7
2023-11-16,4783.47
2023-11-17,4789.81
2023-11-20,4822.31
2023-11-21,4773.91
2023-11-22,4805.78
2023-11-24,4802.61
2023-11-27,4823.91
2023-11-28,4822.46
2023-11-29,4834.73
2023-11-30,4866.68
2023-12-01,4882.94
2023-12-04,4842.53
2023-12-05,4849.07
2023-12-06,4824.42
2023-12-07,4864.19
2023-12-08,4936.76
2023-12-11,4978.99
2023-12-12,5028.75
2023-12-13,5060.46
2023-12-14,5025.91
2023-12-15,5043.08
2023-12-18,5084.25
2023-12-19,5100.21
2023-12-20,5022.88
2023-12-21,5063.67
2023-12-22,5072.32
2023-12-26,5116.63
2023-12-27,5893.69
2023-12-28,5901.82
2023-12-29,5890.29
2024-01-02,5822.83
2024-01-03,5837.0
2024-01-04,5868.42
2024-01-05,5992.13
2024-01-08,5900.8
2024-01-09,6135.34
2024-01-10,6133.21
2024-01-11,6276.82
2024-01-12,6277.8
2024-01-16,6199.41
2024-01-17,6101.03
2024-01-18,6171.16
2024-01-19,6225.74
2024-01-22,6296.25
2024-01-23,6275.11
2024-01-24,6244.66
2024-01-25,6286.78
2024-01-26,6283.24
2024-01-29,6444.31
2024-01-30,6375.25
2024-01-31,6388.62
2024-02-01,6467.8
2024-02-02,6496.59
2024-02-05,6459.36
2024-02-06,6523.65
2024-02-07,6537.83
2024-02-08,6601.98
2024-02-09,6678.63
2024-02-12,6680.58
2024-02-13,6357.77
2024-02-14,6637.57
2024-02-15,6531.28
2024-02-16,6481.13
2024-02-20,6387.97
2024-02-21,6353.12
2024-02-22,6473.75
2024-02-23,6501.64
2024-02-26,6851.23
2024-02-27,7026.6
2024-02-28,7148.38
2024-02-29,7200.03
2024-03-01,7405.27
2024-03-04,7996.46
2024-03-05,7458.47
2024-03-06,7757.2
2024-03-07,7706.33
2024-03-08,7556.34
2024-03-11,7402.15
2024-03-12,7479.08
2024-03-13,7521.33
2024-03-14,7420.6
2024-03-15,7465.03
2024-03-18,7417.21
2024-03-19,7420.36
2024-03-20,7615.92
2024-03-21,7562.84
2024-03-22,7563.17
2024-03-25,7423.04
2024-03-26,7809.71
2024-03-27,7769.43
2024-03-28,7858.08
2024-04-01,7724.02
2024-04-02,7590.82
2024-04-03,7512.26
2024-04-04,7352.27
2024-04-05,7416.22
2024-04-08,7551.65
2024-04-09,7570.87
2024-04-10,7403.97
2024-04-11,7539.57
2024-04-12,7345.4
2024-04-15,7246.01
2024-04-16,7281.92
2024-04-17,7275.09
2024-04-18,7270.29
2024-04-19,7208.48
2024-04-22,7268.53
2024-04-23,7333.94
2024-04-24,7397.16
2024-04-25,7448.81
2024-04-26,7504.95
2024-04-29,7587.86
2024-04-30,7598.18
2024-05-01,7848.38
2024-05-02,7949.41
2024-05-03,8057.28
2024-05-06,8070.92
2024-05-07,8131.68
2024-05-08,8227.49
2024-05-09,8258.23
2024-05-10,8260.79
2024-05-13,8198.6
2024-05-14,8307.0
2024-05-15,8452.56
2024-05-16,8449.32
2024-05-17,8463.98
2024-05-20,8473.56
2024-05-21,8555.46
2024-05-22,8384.16
2024-05-23,8293.19
2024-05-24,8384.45
2024-05-28,8449.61
2024-05-29,8427.61
2024-05-30,8234.88
2024-05-31,8222.06
2024-06-03,8245.49
2024-06-04,8147.08
2024-06-05,8326.39
2024-06-06,8304.68
2024-06-07,8216.19
2024-06-10,8224.47
2024-06-11,8230.82
2024-06-12,8294.26
2024-06-13,8312.15
2024-06-14,8360.55
2024-06-17,8397.64
2024-06-18,8470.61
2024-06-20,8363.39
2024-06-21,8315.67
2024-06-24,8219.0
2024-06-25,8435.22
2024-06-26,8435.85
2024-06-27,8473.03
2024-06-28,8436.27
2024-07-01,8489.63
2024-07-02,8501.75
2024-07-03,8576.53
2024-07-05,8619.62
2024-07-08,8695.36
2024-07-09,8683.31
2024-07-10,8705.99
2024-07-11,8617.94
2024-07-12,8654.95
2024-07-15,8641.03
2024-07-16,8631.05
2024-07-17,8374.71
2024-07-18,8322.44
2024-07-19,8286.69
2024-07-22,8405.01
2024-07-23,8448.57
2024-07-24,8368.27
2024-07-25,8418.83
2024-07-26,8481.74
2024-07-29,8475.98
2024-07-30,8530.06
2024-07-31,8543.49
2024-08-01,8496.7
2024-08-02,8525.96
2024-08-05,8373.43
2024-08-06,8438.82
2024-08-07,8302.65
2024-08-08,8425.09
2024-08-09,8437.53
2024-08-12,8367.26
2024-08-13,8532.14
2024-08-14,8586.94
2024-08-15,8539.83
2024-08-16,8623.17
2024-08-19,8711.34
2024-08-20,8697.57
2024-08-21,8864.45
2024-08-22,8832.82
2024-08-23,9018.96
2024-08-26,9029.35
2024-08-27,8944.02
2024-08-28,8909.37
2024-08-29,8870.34
2024-08-30,8952.22
2024-09-03,8917.93
2024-09-04,9001.71
2024-09-05,8918.99
2024-09-06,8889.01
2024-09-09,8927.94
2024-09-10,8896.36
2024-09-11,8827.3
2024-09-12,9015.39
2024-09-13,9243.64
2024-09-16,9338.44
2024-09-17,9420.59
2024-09-18,9392.95
2024-09-19,9411.79
2024-09-20,9448.33
2024-09-23,9527.04
2024-09-24,9564.25
2024-09-25,9539.17
2024-09-26,9484.2
2024-09-27,9491.53
2024-09-30,9574.16
2024-10-01,9568.68
2024-10-02,9553.89
2024-10-03,9609.72
2024-10-04,9645.11
2024-10-07,9625.84
2024-10-08,9722.0
2024-10-09,9742.42
2024-10-10,9750.73
2024-10-11,9853.15
2024-10-14,9876.77
2024-10-15,9867.97
2024-10-16,9975.09
2024-10-17,9938.8
2024-10-18,10004.93
2024-10-21,10188.0
2024-10-22,10177.11
2024-10-23,10248.83
2024-10-24,10056.18
2024-10-25,10018.33
2024-10-28,10102.75
2024-10-29,10187.02
2024-10-30,10158.29
2024-10-31,9981.11
2024-11-01,9867.78
2024-11-04,9788.37
2024-11-05,9979.57
2024-11-06,10221.92
2024-11-07,11539.87
2024-11-08,12339.16
2024-11-11,12334.52
2024-11-12,12344.97
2024-11-13,12308.1
2024-11-14,12222.46
2024-11-15,12297.87
2024-11-18,12471.21
2024-11-19,12828.47
2024-11-20,12894.81
2024-11-21,12838.54
2024-11-22,13205.47
2024-11-25,13057.13
2024-11-26,13281.22
2024-11-27,13256.2
2024-11-29,13397.71
2024-12-02,13422.13
2024-12-03,13807.33
2024-12-04,13947.12
2024-12-05,14056.31
2024-12-06,14462.11
2024-12-09,13440.45
2024-12-10,13356.0
2024-12-11,13650.43
2024-12-12,13636.26
2024-12-13,13545.56
2024-12-16,13549.04
2024-12-17,13497.79
2024-12-18,12827.67
2024-12-19,12641.46
2024-12-20,12791.41
2024-12-23,12791.2
2024-12-24,13006.25
2024-12-26,13006.13
2024-12-27,12792.24
2024-12-30,12609.22
2024-12-31,12453.96
2025-01-02,12370.53
2025-01-03,12590.86
2025-01-06,12669.27
2025-01-07,12577.89
2025-01-08,12619.01
2025-01-10,12476.44
2025-01-13,12533.95
2025-01-14,12582.14
2025-01-15,12654.35
2025-01-16,12742.52
2025-01-17,12781.16
2025-01-21,12914.75
2025-01-22,12867.44
2025-01-23,12937.98
2025-01-24,13028.54
2025-01-27,12953.31
2025-01-28,12917.47
2025-01-29,12954.12
2025-01-30,13045.52
2025-01-31,13009.61
2025-02-03,13061.9
2025-02-04,13116.85
2025-02-05,13239.07
2025-02-06,13201.59
2025-02-07,13161.83
2025-02-10,13160.95
2025-02-11,13218.72
2025-02-12,13197.7
2025-02-13,13269.74
2025-02-14,13234.58
2025-02-18,13391.95
2025-02-19,13392.36
2025-02-20,13386.44
2025-02-21,13251.54
2025-02-24,13297.73
2025-02-25,13337.71
2025-02-26,13269.15
2025-02-27,13218.0
2025-02-28,13448.92
2025-03-03,13400.92
2025-03-04,13203.12
2025-03-05,13274.38
2025-03-06,13183.82
2025-03-07,13258.73
2025-03-10,13257.79
2025-03-11,13064.07
2025-03-12,13034.04
2025-03-13,13012.97
2025-03-14,13067.93
2025-03-17,13070.37
2025-03-18,13085.88
2025-03-19,13114.56
2025-03-20,13115.67
2025-03-21,13143.27
2025-03-24,13154.8
2025-03-25,13097.8
2025-03-26,13154.5
2025-03-27,13229.11
2025-03-28,13189.69
2025-03-31,13222.52
2025-04-01,13237.58
2025-04-02,13244.4
2025-04-03,13245.69
2025-04-04,13107.69
2025-04-07,13108.73
2025-04-08,13108.73
2025-04-09,13111.34
2025-04-10,13111.34
2025-04-11,13117.87
2025-04-14,13119.17
2025-04-15,13120.48
2025-04-16,13123.09
2025-04-17,13128.31
2025-04-21,13128.31
2025-04-22,13129.61
2025-04-23,13133.53
2025-04-24,13133.53
2025-04-25,13138.75
2025-04-28,13138.75
2025-04-29,13140.06
2025-04-30,13143.98
2025-05-01,13145.94
2025-05-02,13149.87
2025-05-05,13151.18
2025-05-06,13151.18
2025-05-07,13152.49
2025-05-08,13156.42
2025-05-09,13160.35
2025-05-12,13169.95
2025-05-13,13388.35
2025-05-14,13283.32
2025-05-15,13287.72
2025-05-16,13452.0
2025-05-19,13489.18
2025-05-20,13463.59
2025-05-21,13219.49
2025-05-22,13227.41
2025-05-23,13221.1
2025-05-27,13414.86
2025-05-28,13377.09
2025-05-29,13300.16
2025-05-30,13363.4
2025-06-02,13410.36
2025-06-03,13775.98
2025-06-04,13729.18
2025-06-05,13652.98
2025-06-06,13818.87
2025-06-09,13964.33
2025-06-10,13882.2
2025-06-11,13885.32
2025-06-12,13900.94
2025-06-13,13729.51
2025-06-16,13928.09
2025-06-17,13758.96
2025-06-18,13852.56
2025-06-20,13720.81
2025-06-23,13835.55
2025-06-24,14125.81
2025-06-25,14205.35
2025-06-26,14467.75
2025-06-27,14498.98
2025-06-30,14661.23
2025-07-01,14519.48
2025-07-02,14789.8
2025-07-03,15187.32
2025-07-07,14902.28
2025-07-08,14916.24
2025-07-09,15076.64
2025-07-10,15027.21
2025-07-11,14947.44
2025-07-14,14976.33
2025-07-15,15257.06
2025-07-16,15717.7
2025-07-17,16116.78
2025-07-18,15992.68
2025-07-21,16112.14
2025-07-22,15640.59
2025-07-23,15769.15
2025-07-24,15495.91
2025-07-25,15722.65
2025-07-28,15891.31
2025-07-29,16131.9
2025-07-30,16392.73
2025-07-31,16239.92
2025-08-01,15584.72
2025-08-04,15774.22
2025-08-05,15843.0
2025-08-06,16035.05
2025-08-07,15770.06
2025-08-08,15829.78
2025-08-11,15880.95
2025-08-12,16381.64
2025-08-13,16453.94
2025-08-14,16502.14
2025-08-15,16443.06
2025-08-18,16605.41
2025-08-19,16073.01
2025-08-20,16087.45
2025-08-21,16059.33
2025-08-22,16644.8
2025-08-25,16630.75
2025-08-26,16720.31
2025-08-27,16822.36
2025-08-28,17200.94
2025-08-29,16913.77
2025-09-02,16675.54
2025-09-03,16870.33
2025-09-04,17236.8
2025-09-05,17550.08
2025-09-08,17282.81
2025-09-09,17158.17
2025-09-10,17751.73
2025-09-11,18218.35
2025-09-12,18227.95
2025-09-15,18326.31
2025-09-16,18788.63
2025-09-17,19248.81
2025-09-18,19421.1
2025-09-19,19777.37
2025-09-22,19927.46
2025-09-23,19117.13
2025-09-24,18429.19
2025-09-25,18301.24
2025-09-26,18451.34
2025-09-29,18506.99
2025-09-30,18640.96
2025-10-01,18604.12
2025-10-02,18544.09
2025-10-03,18483.19
2025-10-06,18518.2
2025-10-07,18483.6
2025-10-08,18650.79
2025-10-09,18618.27
2025-10-10,18217.75
2025-10-13,18525.05
2025-10-14,18489.31
2025-10-15,18664.37
2025-10-16,18671.25
2025-10-17,18680.36
2025-10-20,18878.53
2025-10-21,18729.85
2025-10-22,18502.3
2025-10-23,18698.17
2025-10-24,18867.37
2025-10-27,19195.41
2025-10-28,19235.97
2025-10-29,19386.91
2025-10-30,19095.94
2025-10-31,19432.42
2025-11-03,19636.22
2025-11-04,19322.99
2025-11-05,19319.74
2025-11-06,19088.89
2025-11-07,19127.6
2025-11-10,19396.31
2025-11-11,19281.51
2025-11-12,19339.55
2025-11-13,18800.72
2025-11-14,18760.07
2025-11-17,18836.06
2025-11-18,18917.58
2025-11-19,18947.83
2025-11-20,18865.36
2025-11-21,19227.74
2025-11-24,19624.1
2025-11-25,19804.43
2025-11-26,19854.61
2025-11-28,19895.32
2025-12-01,19475.79
2025-12-02,19334.33
2025-12-03,19579.22
2025-12-04,19639.67
2025-12-05,19254.5
2025-12-08,19657.19
2025-12-09,19446.94
2025-12-10,19539.41
2025-12-11,19697.62
2025-12-12,19714.74
2025-12-15,19753.23
2025-12-16,19270.28
2025-12-17,19121.79
2025-12-18,19165.12
2025-12-19,19554.99
2025-12-22,19807.49
2025-12-23,19921.26
2025-12-24,20000.75
2025-12-26,20009.74
2025-12-29,19870.38
2025-12-30,19647.53
2025-12-31,19583.22
2026-01-02,19614.69
2026-01-05,19413.5
2026-01-06,19711.61
2026-01-07,19726.58
2026-01-08,19290.13
2026-01-09,19455.87
2026-01-12,19375.4
2026-01-13,19503.92
2026-01-14,19657.01
2026-01-15,19683.32
2026-01-16,19375.2
2026-01-20,19145.27
2026-01-21,19517.76
2026-01-22,19497.6
2026-01-23,19570.61
2026-01-26,18714.82
2026-01-27,18746.94
2026-01-28,18744.18
2026-01-29,18660.39
2026-01-30,18704.51
2026-02-02,18436.74
2026-02-03,18629.39
2026-02-04,18679.33
2026-02-05,18379.14
2026-02-06,19219.24
2026-02-09,19478.07
2026-02-10,19429.01
2026-02-11,19965.47
2026-02-12,19429.36
2026-02-13,19609.5
2026-02-17,19359.07
2026-02-18,19722.68
2026-02-19,19770.52
2026-02-20,19842.73
2026-02-23,19863.19
2026-02-24,20149.25
2026-02-25,20167.41
2026-02-26,20121.49
2026-02-27,20001.47
